parcel_id,mill_id,crop_type,area_hectares,sowing_date,date,ndvi_value,ndvi_flag,temperature_c,rainfall_mm,sensor_status
PARCEL_001,MILL_NORTH,sugarcane,9.03,2026-02-10,2026-01-01,0.17,false,33.9,0.0,OK
PARCEL_001,MILL_NORTH,sugarcane,9.03,2026-02-10,2026-01-02,0.214,false,20.9,8.4,OK
PARCEL_001,MILL_NORTH,sugarcane,9.03,2026-02-10,2026-01-03,0.118,false,27.5,0.0,OK
PARCEL_001,MILL_NORTH,sugarcane,9.03,2026-02-10,2026-01-04,0.342,false,27.0,0.0,OK
PARCEL_001,MILL_NORTH,sugarcane,9.03,2026-02-10,2026-01-05,0.083,false,19.9,0.0,OK
PARCEL_001,MILL_NORTH,sugarcane,9.03,2026-02-10,2026-01-06,0.232,false,34.0,6.2,OK
PARCEL_001,MILL_NORTH,sugarcane,9.03,2026-02-10,2026-01-07,0.184,false,23.0,0.0,OK
PARCEL_001,MILL_NORTH,sugarcane,9.03,2026-02-10,2026-01-08,,true,15.5,0.0,ERROR
PARCEL_001,MILL_NORTH,sugarcane,9.03,2026-02-10,2026-01-10,0.206,false,33.8,0.0,OK
PARCEL_001,MILL_NORTH,sugarcane,9.03,2026-02-10,2026-01-11,0.141,false,23.7,0.0,OK
PARCEL_001,MILL_NORTH,sugarcane,9.03,2026-02-10,2026-01-12,0.077,false,32.3,4.1,OK
PARCEL_001,MILL_NORTH,sugarcane,9.03,2026-02-10,2026-01-13,0.185,false,32.3,0.0,OK
PARCEL_001,MILL_NORTH,sugarcane,9.03,2026-02-10,2026-01-14,0.214,false,32.1,0.0,OK
PARCEL_001,MILL_NORTH,sugarcane,9.03,2026-02-10,2026-01-15,0.143,false,30.8,0.0,OK
PARCEL_001,MILL_NORTH,sugarcane,9.03,2026-02-10,2026-01-16,0.231,false,34.5,0.0,OK
PARCEL_001,MILL_NORTH,sugarcane,9.03,2026-02-10,2026-01-17,0.21,false,32.2,3.6,OK
PARCEL_001,MILL_NORTH,sugarcane,9.03,2026-02-10,2026-01-18,0.113,false,33.0,0.0,OK
PARCEL_001,MILL_NORTH,sugarcane,9.03,2026-02-10,2026-01-19,0.092,false,29.5,0.0,OK
PARCEL_001,MILL_NORTH,sugarcane,9.03,2026-02-10,2026-01-21,0.295,false,35.1,2.7,OK
PARCEL_001,MILL_NORTH,sugarcane,9.03,2026-02-10,2026-01-22,,true,29.3,0.0,ERROR
PARCEL_001,MILL_NORTH,sugarcane,9.03,2026-02-10,2026-01-23,0.234,false,19.4,0.0,OK
PARCEL_001,MILL_NORTH,sugarcane,9.03,2026-02-10,2026-01-24,0.27,false,16.2,0.0,OK
PARCEL_001,MILL_NORTH,sugarcane,9.03,2026-02-10,2026-01-25,0.275,false,29.3,0.0,OK
PARCEL_001,MILL_NORTH,sugarcane,9.03,2026-02-10,2026-01-26,0.151,false,22.6,0.0,OK
PARCEL_001,MILL_NORTH,sugarcane,9.03,2026-02-10,2026-01-27,0.291,false,28.9,0.0,OK
PARCEL_001,MILL_NORTH,sugarcane,9.03,2026-02-10,2026-01-28,0.224,false,33.7,5.7,OK
PARCEL_001,MILL_NORTH,sugarcane,9.03,2026-02-10,2026-01-29,0.294,false,23.5,0.0,OK
PARCEL_001,MILL_NORTH,sugarcane,9.03,2026-02-10,2026-01-30,0.212,false,19.2,0.0,OK
PARCEL_001,MILL_NORTH,sugarcane,9.03,2026-02-10,2026-01-31,0.213,false,23.2,8.2,OK
PARCEL_001,MILL_NORTH,sugarcane,9.03,2026-02-10,2026-02-01,0.186,false,15.8,0.0,OK
PARCEL_001,MILL_NORTH,sugarcane,9.03,2026-02-10,2026-02-03,0.164,false,35.0,0.0,OK
PARCEL_001,MILL_NORTH,sugarcane,9.03,2026-02-10,2026-02-05,0.165,false,28.7,0.0,OK
PARCEL_001,MILL_NORTH,sugarcane,9.03,2026-02-10,2026-02-06,0.146,false,29.7,0.0,OK
PARCEL_001,MILL_NORTH,sugarcane,9.03,2026-02-10,2026-02-07,0.015,false,28.9,0.0,OK
PARCEL_001,MILL_NORTH,sugarcane,9.03,2026-02-10,2026-02-09,0.221,false,26.9,0.0,OK
PARCEL_001,MILL_NORTH,sugarcane,9.03,2026-02-10,2026-02-10,0.434,false,17.0,0.0,OK
PARCEL_001,MILL_NORTH,sugarcane,9.03,2026-02-10,2026-02-11,0.339,false,19.8,5.0,OK
PARCEL_001,MILL_NORTH,sugarcane,9.03,2026-02-10,2026-02-12,0.363,false,19.2,0.0,OK
PARCEL_001,MILL_NORTH,sugarcane,9.03,2026-02-10,2026-02-14,0.434,false,18.9,0.0,OK
PARCEL_001,MILL_NORTH,sugarcane,9.03,2026-02-10,2026-02-15,0.347,false,31.4,0.0,UNKNOWN
PARCEL_001,MILL_NORTH,sugarcane,9.03,2026-02-10,2026-02-16,0.445,false,33.5,0.0,OK
PARCEL_001,MILL_NORTH,sugarcane,9.03,2026-02-10,2026-02-17,0.377,false,20.9,0.0,OK
PARCEL_001,MILL_NORTH,sugarcane,9.03,2026-02-10,2026-02-18,0.204,false,17.0,9.3,OK
PARCEL_001,MILL_NORTH,sugarcane,9.03,2026-02-10,2026-02-19,0.265,false,32.0,0.0,OK
PARCEL_001,MILL_NORTH,sugarcane,9.03,2026-02-10,2026-02-20,0.348,false,24.9,0.0,OK
PARCEL_001,MILL_NORTH,sugarcane,9.03,2026-02-10,2026-02-21,0.326,false,33.3,0.0,OK
PARCEL_001,MILL_NORTH,sugarcane,9.03,2026-02-10,2026-02-22,0.31,false,29.9,0.0,UNKNOWN
PARCEL_001,MILL_NORTH,sugarcane,9.03,2026-02-10,2026-02-23,0.411,false,32.7,4.1,OK
PARCEL_001,MILL_NORTH,sugarcane,9.03,2026-02-10,2026-02-24,0.398,false,23.8,0.0,OK
PARCEL_001,MILL_NORTH,sugarcane,9.03,2026-02-10,2026-02-25,0.377,false,16.8,0.0,OK
PARCEL_001,MILL_NORTH,sugarcane,9.03,2026-02-10,2026-02-26,0.359,false,17.7,0.0,OK
PARCEL_001,MILL_NORTH,sugarcane,9.03,2026-02-10,2026-02-27,0.497,false,29.8,0.0,OK
PARCEL_001,MILL_NORTH,sugarcane,9.03,2026-02-10,2026-02-28,0.385,false,34.3,0.0,OK
PARCEL_001,MILL_NORTH,sugarcane,9.03,2026-02-10,2026-03-01,0.239,false,31.4,0.0,OK
PARCEL_001,MILL_NORTH,sugarcane,9.03,2026-02-10,2026-03-03,0.12,false,23.8,0.0,OK
PARCEL_001,MILL_NORTH,sugarcane,9.03,2026-02-10,2026-03-04,0.265,false,28.5,0.0,UNKNOWN
PARCEL_001,MILL_NORTH,sugarcane,9.03,2026-02-10,2026-03-05,0.335,false,20.4,0.0,OK
PARCEL_001,MILL_NORTH,sugarcane,9.03,2026-02-10,2026-03-06,0.337,false,22.0,0.0,OK
PARCEL_001,MILL_NORTH,sugarcane,9.03,2026-02-10,2026-03-07,0.47,false,26.6,0.0,OK
PARCEL_001,MILL_NORTH,sugarcane,9.03,2026-02-10,2026-03-08,0.182,false,24.4,2.9,OK
PARCEL_001,MILL_NORTH,sugarcane,9.03,2026-02-10,2026-03-09,0.249,false,35.4,0.0,OK
PARCEL_001,MILL_NORTH,sugarcane,9.03,2026-02-10,2026-03-10,0.365,false,21.8,0.0,OK
PARCEL_001,MILL_NORTH,sugarcane,9.03,2026-02-10,2026-03-11,0.352,false,35.1,0.0,OK
PARCEL_001,MILL_NORTH,sugarcane,9.03,2026-02-10,2026-03-12,0.521,false,16.4,0.0,OK
PARCEL_001,MILL_NORTH,sugarcane,9.03,2026-02-10,2026-03-14,0.81,false,22.3,0.0,OK
PARCEL_001,MILL_NORTH,sugarcane,9.03,2026-02-10,2026-03-16,0.712,false,31.7,0.0,OK
PARCEL_001,MILL_NORTH,sugarcane,9.03,2026-02-10,2026-03-17,0.702,false,27.9,0.0,OK
PARCEL_001,MILL_NORTH,sugarcane,9.03,2026-02-10,2026-03-18,0.663,false,34.7,1.4,OK
PARCEL_001,MILL_NORTH,sugarcane,9.03,2026-02-10,2026-03-20,0.744,false,29.3,0.0,OK
PARCEL_001,MILL_NORTH,sugarcane,9.03,2026-02-10,2026-03-21,0.614,false,20.2,3.4,OK
PARCEL_001,MILL_NORTH,sugarcane,9.03,2026-02-10,2026-03-22,0.53,false,20.8,8.6,OK
PARCEL_001,MILL_NORTH,sugarcane,9.03,2026-02-10,2026-03-23,0.723,false,21.6,0.0,OK
PARCEL_001,MILL_NORTH,sugarcane,9.03,2026-02-10,2026-03-24,0.81,false,16.0,0.0,OK
PARCEL_001,MILL_NORTH,sugarcane,9.03,2026-02-10,2026-03-26,0.721,false,19.0,0.0,OK
PARCEL_001,MILL_NORTH,sugarcane,9.03,2026-02-10,2026-03-27,0.755,false,34.9,0.0,OK
PARCEL_001,MILL_NORTH,sugarcane,9.03,2026-02-10,2026-03-28,0.6,false,23.5,0.0,OK
PARCEL_001,MILL_NORTH,sugarcane,9.03,2026-02-10,2026-03-29,0.784,false,32.8,0.0,OK
PARCEL_001,MILL_NORTH,sugarcane,9.03,2026-02-10,2026-03-31,0.683,false,16.5,2.0,OK
PARCEL_001,MILL_NORTH,sugarcane,9.03,2026-02-10,2026-04-01,0.497,false,29.7,0.0,OK
PARCEL_001,MILL_NORTH,sugarcane,9.03,2026-02-10,2026-04-02,0.519,false,34.4,0.0,OK
PARCEL_001,MILL_NORTH,sugarcane,9.03,2026-02-10,2026-04-03,0.618,false,24.6,2.5,OK
PARCEL_001,MILL_NORTH,sugarcane,9.03,2026-02-10,2026-04-04,,true,22.3,0.0,ERROR
PARCEL_001,MILL_NORTH,sugarcane,9.03,2026-02-10,2026-04-05,0.553,false,30.8,0.0,OK
PARCEL_001,MILL_NORTH,sugarcane,9.03,2026-02-10,2026-04-06,0.77,false,25.0,0.0,OK
PARCEL_001,MILL_NORTH,sugarcane,9.03,2026-02-10,2026-04-07,0.619,false,34.8,5.5,OK
PARCEL_001,MILL_NORTH,sugarcane,9.03,2026-02-10,2026-04-08,0.545,false,18.4,0.0,OK
PARCEL_001,MILL_NORTH,sugarcane,9.03,2026-02-10,2026-04-09,0.7,false,32.5,0.0,OK
PARCEL_001,MILL_NORTH,sugarcane,9.03,2026-02-10,2026-04-10,0.733,false,16.2,0.0,OK
PARCEL_001,MILL_NORTH,sugarcane,9.03,2026-02-10,2026-04-11,0.729,false,24.4,0.0,OK
PARCEL_001,MILL_NORTH,sugarcane,9.03,2026-02-10,2026-04-12,0.681,false,29.1,6.1,OK
PARCEL_001,MILL_NORTH,sugarcane,9.03,2026-02-10,2026-04-13,0.668,false,28.2,0.0,OK
PARCEL_001,MILL_NORTH,sugarcane,9.03,2026-02-10,2026-04-14,0.696,false,17.0,0.0,ERROR
PARCEL_001,MILL_NORTH,sugarcane,9.03,2026-02-10,2026-04-15,0.819,false,25.2,5.7,OK
PARCEL_001,MILL_NORTH,sugarcane,9.03,2026-02-10,2026-04-16,0.822,false,26.8,0.0,OK
PARCEL_001,MILL_NORTH,sugarcane,9.03,2026-02-10,2026-04-17,0.788,false,21.2,0.0,OK
PARCEL_001,MILL_NORTH,sugarcane,9.03,2026-02-10,2026-04-18,0.74,false,32.2,0.0,OK
PARCEL_001,MILL_NORTH,sugarcane,9.03,2026-02-10,2026-04-19,0.698,false,17.3,2.0,OK
PARCEL_001,MILL_NORTH,sugarcane,9.03,2026-02-10,2026-04-20,0.793,false,32.1,4.1,OK
PARCEL_001,MILL_NORTH,sugarcane,9.03,2026-02-10,2026-04-21,0.788,false,18.3,0.0,ERROR
PARCEL_001,MILL_NORTH,sugarcane,9.03,2026-02-10,2026-04-22,0.849,false,24.6,0.0,OK
PARCEL_001,MILL_NORTH,sugarcane,9.03,2026-02-10,2026-04-23,0.588,false,20.1,5.8,OK
PARCEL_001,MILL_NORTH,sugarcane,9.03,2026-02-10,2026-04-24,0.718,false,28.4,3.1,OK
PARCEL_001,MILL_NORTH,sugarcane,9.03,2026-02-10,2026-04-25,0.69,false,28.9,0.0,ERROR
PARCEL_001,MILL_NORTH,sugarcane,9.03,2026-02-10,2026-04-26,0.781,false,34.2,0.0,OK
PARCEL_001,MILL_NORTH,sugarcane,9.03,2026-02-10,2026-04-27,0.706,false,33.5,0.0,OK
PARCEL_001,MILL_NORTH,sugarcane,9.03,2026-02-10,2026-04-28,0.792,false,17.3,0.0,OK
PARCEL_001,MILL_NORTH,sugarcane,9.03,2026-02-10,2026-04-29,0.509,false,32.0,0.0,OK
PARCEL_001,MILL_NORTH,sugarcane,9.03,2026-02-10,2026-04-30,0.753,false,35.1,0.0,OK
PARCEL_001,MILL_NORTH,sugarcane,9.03,2026-02-10,2026-05-01,,true,22.6,0.0,ERROR
PARCEL_001,MILL_NORTH,sugarcane,9.03,2026-02-10,2026-05-03,0.613,false,19.9,0.0,OK
PARCEL_001,MILL_NORTH,sugarcane,9.03,2026-02-10,2026-05-04,0.713,false,16.0,0.0,OK
PARCEL_001,MILL_NORTH,sugarcane,9.03,2026-02-10,2026-05-05,0.719,false,18.4,0.0,OK
PARCEL_001,MILL_NORTH,sugarcane,9.03,2026-02-10,2026-05-06,0.713,false,24.0,0.0,OK
PARCEL_001,MILL_NORTH,sugarcane,9.03,2026-02-10,2026-05-07,0.867,false,24.0,0.0,OK
PARCEL_001,MILL_NORTH,sugarcane,9.03,2026-02-10,2026-05-08,0.629,false,34.5,0.0,OK
PARCEL_001,MILL_NORTH,sugarcane,9.03,2026-02-10,2026-05-09,0.809,false,22.9,11.3,OK
PARCEL_001,MILL_NORTH,sugarcane,9.03,2026-02-10,2026-05-10,0.878,false,23.9,0.0,OK
PARCEL_001,MILL_NORTH,sugarcane,9.03,2026-02-10,2026-05-11,0.585,false,32.3,0.0,OK
PARCEL_001,MILL_NORTH,sugarcane,9.03,2026-02-10,2026-05-12,0.576,false,26.6,0.0,OK
PARCEL_001,MILL_NORTH,sugarcane,9.03,2026-02-10,2026-05-13,,true,20.8,0.0,ERROR
PARCEL_001,MILL_NORTH,sugarcane,9.03,2026-02-10,2026-05-14,0.398,false,30.3,0.0,OK
PARCEL_001,MILL_NORTH,sugarcane,9.03,2026-02-10,2026-05-15,0.448,false,16.4,0.0,OK
PARCEL_001,MILL_NORTH,sugarcane,9.03,2026-02-10,2026-05-16,0.431,false,30.5,0.0,OK
PARCEL_001,MILL_NORTH,sugarcane,9.03,2026-02-10,2026-05-18,0.597,false,15.5,0.0,OK
PARCEL_001,MILL_NORTH,sugarcane,9.03,2026-02-10,2026-05-19,0.402,false,22.9,0.0,OK
PARCEL_001,MILL_NORTH,sugarcane,9.03,2026-02-10,2026-05-21,0.382,false,15.7,0.0,UNKNOWN
PARCEL_001,MILL_NORTH,sugarcane,9.03,2026-02-10,2026-05-22,0.379,false,18.8,0.0,OK
PARCEL_001,MILL_NORTH,sugarcane,9.03,2026-02-10,2026-05-23,0.505,false,24.0,0.0,OK
PARCEL_001,MILL_NORTH,sugarcane,9.03,2026-02-10,2026-05-24,0.697,false,25.9,4.6,OK
PARCEL_001,MILL_NORTH,sugarcane,9.03,2026-02-10,2026-05-25,0.475,false,18.8,3.9,OK
PARCEL_001,MILL_NORTH,sugarcane,9.03,2026-02-10,2026-05-26,0.479,false,28.9,0.0,OK
PARCEL_001,MILL_NORTH,sugarcane,9.03,2026-02-10,2026-05-27,0.469,false,24.1,0.0,OK
PARCEL_001,MILL_NORTH,sugarcane,9.03,2026-02-10,2026-05-28,0.409,false,22.7,2.3,OK
PARCEL_001,MILL_NORTH,sugarcane,9.03,2026-02-10,2026-05-29,0.407,false,30.1,0.0,UNKNOWN
PARCEL_001,MILL_NORTH,sugarcane,9.03,2026-02-10,2026-05-30,0.467,false,33.2,0.0,OK
PARCEL_001,MILL_NORTH,sugarcane,9.03,2026-02-10,2026-05-31,0.54,false,24.0,0.0,OK
PARCEL_002,MILL_SOUTH,sugarcane,8.97,2026-01-16,2026-01-01,0.079,false,28.0,0.0,OK
PARCEL_002,MILL_SOUTH,sugarcane,8.97,2026-01-16,2026-01-02,0.283,false,21.7,0.0,OK
PARCEL_002,MILL_SOUTH,sugarcane,8.97,2026-01-16,2026-01-03,0.102,false,26.9,0.0,OK
PARCEL_002,MILL_SOUTH,sugarcane,8.97,2026-01-16,2026-01-04,0.24,false,28.7,0.0,OK
PARCEL_002,MILL_SOUTH,sugarcane,8.97,2026-01-16,2026-01-05,0.055,false,19.3,0.0,OK
PARCEL_002,MILL_SOUTH,sugarcane,8.97,2026-01-16,2026-01-07,0.128,false,32.7,0.0,OK
PARCEL_002,MILL_SOUTH,sugarcane,8.97,2026-01-16,2026-01-08,0.166,false,31.2,0.0,OK
PARCEL_002,MILL_SOUTH,sugarcane,8.97,2026-01-16,2026-01-09,0.149,false,24.1,0.0,OK
PARCEL_002,MILL_SOUTH,sugarcane,8.97,2026-01-16,2026-01-10,0.236,false,34.0,0.0,OK
PARCEL_002,MILL_SOUTH,sugarcane,8.97,2026-01-16,2026-01-11,0.282,false,17.9,0.0,OK
PARCEL_002,MILL_SOUTH,sugarcane,8.97,2026-01-16,2026-01-12,0.251,false,30.4,0.0,OK
PARCEL_002,MILL_SOUTH,sugarcane,8.97,2026-01-16,2026-01-13,0.309,false,23.4,0.0,OK
PARCEL_002,MILL_SOUTH,sugarcane,8.97,2026-01-16,2026-01-14,0.071,false,17.1,0.0,OK
PARCEL_002,MILL_SOUTH,sugarcane,8.97,2026-01-16,2026-01-15,0.212,false,24.5,0.0,OK
PARCEL_002,MILL_SOUTH,sugarcane,8.97,2026-01-16,2026-01-16,0.308,false,25.7,1.2,OK
PARCEL_002,MILL_SOUTH,sugarcane,8.97,2026-01-16,2026-01-17,0.269,false,33.2,0.0,OK
PARCEL_002,MILL_SOUTH,sugarcane,8.97,2026-01-16,2026-01-18,0.279,false,23.5,0.0,OK
PARCEL_002,MILL_SOUTH,sugarcane,8.97,2026-01-16,2026-01-19,0.302,false,34.9,0.0,OK
PARCEL_002,MILL_SOUTH,sugarcane,8.97,2026-01-16,2026-01-20,0.351,false,22.1,0.0,OK
PARCEL_002,MILL_SOUTH,sugarcane,8.97,2026-01-16,2026-01-21,0.22,false,26.1,0.0,OK
PARCEL_002,MILL_SOUTH,sugarcane,8.97,2026-01-16,2026-01-22,0.365,false,30.7,0.0,OK
PARCEL_002,MILL_SOUTH,sugarcane,8.97,2026-01-16,2026-01-24,0.312,false,35.0,0.0,OK
PARCEL_002,MILL_SOUTH,sugarcane,8.97,2026-01-16,2026-01-25,0.425,false,17.7,0.0,UNKNOWN
PARCEL_002,MILL_SOUTH,sugarcane,8.97,2026-01-16,2026-01-26,0.291,false,25.2,0.0,OK
PARCEL_002,MILL_SOUTH,sugarcane,8.97,2026-01-16,2026-01-28,0.363,false,16.8,0.0,OK
PARCEL_002,MILL_SOUTH,sugarcane,8.97,2026-01-16,2026-01-29,0.275,false,16.1,0.0,OK
PARCEL_002,MILL_SOUTH,sugarcane,8.97,2026-01-16,2026-01-30,0.5,false,22.5,0.0,OK
PARCEL_002,MILL_SOUTH,sugarcane,8.97,2026-01-16,2026-01-31,0.428,false,16.0,2.7,OK
PARCEL_002,MILL_SOUTH,sugarcane,8.97,2026-01-16,2026-02-01,0.39,false,22.7,0.0,OK
PARCEL_002,MILL_SOUTH,sugarcane,8.97,2026-01-16,2026-02-02,0.324,false,25.2,0.0,OK
PARCEL_002,MILL_SOUTH,sugarcane,8.97,2026-01-16,2026-02-03,0.502,false,21.0,0.0,OK
PARCEL_002,MILL_SOUTH,sugarcane,8.97,2026-01-16,2026-02-04,0.404,false,28.9,0.0,OK
PARCEL_002,MILL_SOUTH,sugarcane,8.97,2026-01-16,2026-02-05,0.43,false,32.3,0.0,OK
PARCEL_002,MILL_SOUTH,sugarcane,8.97,2026-01-16,2026-02-06,0.307,false,15.8,0.0,OK
PARCEL_002,MILL_SOUTH,sugarcane,8.97,2026-01-16,2026-02-07,0.289,false,21.5,0.0,OK
PARCEL_002,MILL_SOUTH,sugarcane,8.97,2026-01-16,2026-02-08,0.289,false,24.3,0.0,OK
PARCEL_002,MILL_SOUTH,sugarcane,8.97,2026-01-16,2026-02-09,0.233,false,34.6,0.0,OK
PARCEL_002,MILL_SOUTH,sugarcane,8.97,2026-01-16,2026-02-10,0.273,false,34.3,0.0,OK
PARCEL_002,MILL_SOUTH,sugarcane,8.97,2026-01-16,2026-02-11,0.254,false,27.8,0.0,OK
PARCEL_002,MILL_SOUTH,sugarcane,8.97,2026-01-16,2026-02-12,0.166,false,22.1,0.0,OK
PARCEL_002,MILL_SOUTH,sugarcane,8.97,2026-01-16,2026-02-13,0.317,false,20.6,0.0,OK
PARCEL_002,MILL_SOUTH,sugarcane,8.97,2026-01-16,2026-02-14,0.245,false,20.2,0.0,OK
PARCEL_002,MILL_SOUTH,sugarcane,8.97,2026-01-16,2026-02-15,0.63,false,18.2,0.0,OK
PARCEL_002,MILL_SOUTH,sugarcane,8.97,2026-01-16,2026-02-16,0.788,false,25.7,2.1,OK
PARCEL_002,MILL_SOUTH,sugarcane,8.97,2026-01-16,2026-02-17,0.835,false,23.7,0.0,ERROR
PARCEL_002,MILL_SOUTH,sugarcane,8.97,2026-01-16,2026-02-18,0.654,false,33.0,0.0,OK
PARCEL_002,MILL_SOUTH,sugarcane,8.97,2026-01-16,2026-02-19,0.724,false,16.4,0.0,OK
PARCEL_002,MILL_SOUTH,sugarcane,8.97,2026-01-16,2026-02-20,0.535,false,20.7,0.0,OK
PARCEL_002,MILL_SOUTH,sugarcane,8.97,2026-01-16,2026-02-21,0.647,false,24.4,0.0,OK
PARCEL_002,MILL_SOUTH,sugarcane,8.97,2026-01-16,2026-02-22,0.627,false,22.9,0.0,OK
PARCEL_002,MILL_SOUTH,sugarcane,8.97,2026-01-16,2026-02-23,0.684,false,29.7,0.0,OK
PARCEL_002,MILL_SOUTH,sugarcane,8.97,2026-01-16,2026-02-24,0.833,false,21.8,0.0,OK
PARCEL_002,MILL_SOUTH,sugarcane,8.97,2026-01-16,2026-02-25,0.639,false,24.9,2.3,OK
PARCEL_002,MILL_SOUTH,sugarcane,8.97,2026-01-16,2026-02-26,0.869,false,27.4,0.0,OK
PARCEL_002,MILL_SOUTH,sugarcane,8.97,2026-01-16,2026-02-27,0.505,false,29.8,0.0,OK
PARCEL_002,MILL_SOUTH,sugarcane,8.97,2026-01-16,2026-02-28,0.768,false,19.2,0.0,OK
PARCEL_002,MILL_SOUTH,sugarcane,8.97,2026-01-16,2026-03-01,0.638,false,30.0,0.0,OK
PARCEL_002,MILL_SOUTH,sugarcane,8.97,2026-01-16,2026-03-02,0.68,false,34.6,0.0,OK
PARCEL_002,MILL_SOUTH,sugarcane,8.97,2026-01-16,2026-03-03,0.767,false,25.1,0.0,OK
PARCEL_002,MILL_SOUTH,sugarcane,8.97,2026-01-16,2026-03-04,0.744,false,29.5,0.0,OK
PARCEL_002,MILL_SOUTH,sugarcane,8.97,2026-01-16,2026-03-05,0.751,false,26.3,0.0,OK
PARCEL_002,MILL_SOUTH,sugarcane,8.97,2026-01-16,2026-03-06,0.626,false,34.6,7.2,OK
PARCEL_002,MILL_SOUTH,sugarcane,8.97,2026-01-16,2026-03-07,0.685,false,20.9,1.8,OK
PARCEL_002,MILL_SOUTH,sugarcane,8.97,2026-01-16,2026-03-08,0.543,false,22.1,0.0,OK
PARCEL_002,MILL_SOUTH,sugarcane,8.97,2026-01-16,2026-03-09,0.538,false,25.0,0.0,OK
PARCEL_002,MILL_SOUTH,sugarcane,8.97,2026-01-16,2026-03-11,0.661,false,20.1,0.0,OK
PARCEL_002,MILL_SOUTH,sugarcane,8.97,2026-01-16,2026-03-12,0.753,false,23.4,0.0,ERROR
PARCEL_002,MILL_SOUTH,sugarcane,8.97,2026-01-16,2026-03-13,0.499,false,35.1,7.0,OK
PARCEL_002,MILL_SOUTH,sugarcane,8.97,2026-01-16,2026-03-14,0.604,false,17.7,0.0,OK
PARCEL_002,MILL_SOUTH,sugarcane,8.97,2026-01-16,2026-03-15,0.787,false,19.0,0.0,ERROR
PARCEL_002,MILL_SOUTH,sugarcane,8.97,2026-01-16,2026-03-16,0.633,false,20.4,4.7,OK
PARCEL_002,MILL_SOUTH,sugarcane,8.97,2026-01-16,2026-03-17,0.839,false,29.3,2.4,OK
PARCEL_002,MILL_SOUTH,sugarcane,8.97,2026-01-16,2026-03-18,0.806,false,17.8,0.0,OK
PARCEL_002,MILL_SOUTH,sugarcane,8.97,2026-01-16,2026-03-19,0.555,false,30.4,0.0,OK
PARCEL_002,MILL_SOUTH,sugarcane,8.97,2026-01-16,2026-03-20,0.757,false,30.6,0.0,OK
PARCEL_002,MILL_SOUTH,sugarcane,8.97,2026-01-16,2026-03-22,0.605,false,26.4,0.0,OK
PARCEL_002,MILL_SOUTH,sugarcane,8.97,2026-01-16,2026-03-23,0.603,false,17.3,0.0,OK
PARCEL_002,MILL_SOUTH,sugarcane,8.97,2026-01-16,2026-03-24,0.631,false,24.7,0.0,OK
PARCEL_002,MILL_SOUTH,sugarcane,8.97,2026-01-16,2026-03-25,0.768,false,16.8,0.0,OK
PARCEL_002,MILL_SOUTH,sugarcane,8.97,2026-01-16,2026-03-26,0.617,false,18.2,0.0,OK
PARCEL_002,MILL_SOUTH,sugarcane,8.97,2026-01-16,2026-03-27,0.727,false,17.1,0.0,OK
PARCEL_002,MILL_SOUTH,sugarcane,8.97,2026-01-16,2026-03-28,,true,26.1,0.0,ERROR
PARCEL_002,MILL_SOUTH,sugarcane,8.97,2026-01-16,2026-03-29,0.706,false,33.0,0.0,OK
PARCEL_002,MILL_SOUTH,sugarcane,8.97,2026-01-16,2026-03-30,0.843,false,20.3,0.0,OK
PARCEL_002,MILL_SOUTH,sugarcane,8.97,2026-01-16,2026-04-01,0.682,false,30.6,0.0,OK
PARCEL_002,MILL_SOUTH,sugarcane,8.97,2026-01-16,2026-04-02,0.647,false,31.9,0.0,UNKNOWN
PARCEL_002,MILL_SOUTH,sugarcane,8.97,2026-01-16,2026-04-04,0.873,false,24.0,0.0,ERROR
PARCEL_002,MILL_SOUTH,sugarcane,8.97,2026-01-16,2026-04-05,0.558,false,23.0,0.0,OK
PARCEL_002,MILL_SOUTH,sugarcane,8.97,2026-01-16,2026-04-06,0.847,false,34.9,0.0,OK
PARCEL_002,MILL_SOUTH,sugarcane,8.97,2026-01-16,2026-04-07,0.794,false,32.4,1.6,OK
PARCEL_002,MILL_SOUTH,sugarcane,8.97,2026-01-16,2026-04-08,0.574,false,30.7,0.0,OK
PARCEL_002,MILL_SOUTH,sugarcane,8.97,2026-01-16,2026-04-09,0.954,false,34.7,2.9,UNKNOWN
PARCEL_002,MILL_SOUTH,sugarcane,8.97,2026-01-16,2026-04-10,0.672,false,21.2,0.0,OK
PARCEL_002,MILL_SOUTH,sugarcane,8.97,2026-01-16,2026-04-11,0.734,false,31.5,0.0,OK
PARCEL_002,MILL_SOUTH,sugarcane,8.97,2026-01-16,2026-04-12,0.618,false,15.8,0.0,OK
PARCEL_002,MILL_SOUTH,sugarcane,8.97,2026-01-16,2026-04-13,0.557,false,26.9,0.0,OK
PARCEL_002,MILL_SOUTH,sugarcane,8.97,2026-01-16,2026-04-14,0.734,false,24.7,0.0,OK
PARCEL_002,MILL_SOUTH,sugarcane,8.97,2026-01-16,2026-04-15,0.942,false,26.0,0.0,OK
PARCEL_002,MILL_SOUTH,sugarcane,8.97,2026-01-16,2026-04-17,0.582,false,16.8,2.9,OK
PARCEL_002,MILL_SOUTH,sugarcane,8.97,2026-01-16,2026-04-18,,true,15.8,0.0,ERROR
PARCEL_002,MILL_SOUTH,sugarcane,8.97,2026-01-16,2026-04-19,0.558,false,33.8,0.0,OK
PARCEL_002,MILL_SOUTH,sugarcane,8.97,2026-01-16,2026-04-20,0.627,false,17.1,0.0,OK
PARCEL_002,MILL_SOUTH,sugarcane,8.97,2026-01-16,2026-04-21,0.784,false,28.5,8.0,OK
PARCEL_002,MILL_SOUTH,sugarcane,8.97,2026-01-16,2026-04-22,0.695,false,28.4,0.0,OK
PARCEL_002,MILL_SOUTH,sugarcane,8.97,2026-01-16,2026-04-23,0.718,false,29.3,0.0,OK
PARCEL_002,MILL_SOUTH,sugarcane,8.97,2026-01-16,2026-04-24,0.546,false,32.5,0.0,OK
PARCEL_002,MILL_SOUTH,sugarcane,8.97,2026-01-16,2026-04-25,0.659,false,26.8,0.0,OK
PARCEL_002,MILL_SOUTH,sugarcane,8.97,2026-01-16,2026-04-26,0.699,false,29.2,1.9,OK
PARCEL_002,MILL_SOUTH,sugarcane,8.97,2026-01-16,2026-04-27,0.538,false,27.4,0.0,OK
PARCEL_002,MILL_SOUTH,sugarcane,8.97,2026-01-16,2026-04-28,0.423,false,19.2,0.0,OK
PARCEL_002,MILL_SOUTH,sugarcane,8.97,2026-01-16,2026-04-29,0.406,false,20.8,0.0,OK
PARCEL_002,MILL_SOUTH,sugarcane,8.97,2026-01-16,2026-04-30,0.478,false,30.7,0.5,OK
PARCEL_002,MILL_SOUTH,sugarcane,8.97,2026-01-16,2026-05-01,0.485,false,27.4,0.0,OK
PARCEL_002,MILL_SOUTH,sugarcane,8.97,2026-01-16,2026-05-03,0.705,false,35.0,0.0,OK
PARCEL_002,MILL_SOUTH,sugarcane,8.97,2026-01-16,2026-05-04,0.597,false,23.8,0.0,OK
PARCEL_002,MILL_SOUTH,sugarcane,8.97,2026-01-16,2026-05-05,0.599,false,19.3,0.0,OK
PARCEL_002,MILL_SOUTH,sugarcane,8.97,2026-01-16,2026-05-06,0.615,false,31.7,0.0,OK
PARCEL_002,MILL_SOUTH,sugarcane,8.97,2026-01-16,2026-05-07,0.566,false,21.8,0.0,OK
PARCEL_002,MILL_SOUTH,sugarcane,8.97,2026-01-16,2026-05-08,0.529,false,31.1,0.0,OK
PARCEL_002,MILL_SOUTH,sugarcane,8.97,2026-01-16,2026-05-09,0.618,false,29.6,0.0,OK
PARCEL_002,MILL_SOUTH,sugarcane,8.97,2026-01-16,2026-05-10,0.507,false,25.4,0.0,OK
PARCEL_002,MILL_SOUTH,sugarcane,8.97,2026-01-16,2026-05-11,0.479,false,23.4,0.0,ERROR
PARCEL_002,MILL_SOUTH,sugarcane,8.97,2026-01-16,2026-05-12,0.665,false,26.1,0.0,OK
PARCEL_002,MILL_SOUTH,sugarcane,8.97,2026-01-16,2026-05-13,0.732,false,28.9,0.0,OK
PARCEL_002,MILL_SOUTH,sugarcane,8.97,2026-01-16,2026-05-15,0.593,false,25.7,0.0,OK
PARCEL_002,MILL_SOUTH,sugarcane,8.97,2026-01-16,2026-05-16,0.531,false,15.9,2.0,OK
PARCEL_002,MILL_SOUTH,sugarcane,8.97,2026-01-16,2026-05-17,0.422,false,19.5,0.0,OK
PARCEL_002,MILL_SOUTH,sugarcane,8.97,2026-01-16,2026-05-18,0.541,false,31.6,5.4,OK
PARCEL_002,MILL_SOUTH,sugarcane,8.97,2026-01-16,2026-05-19,0.394,false,18.5,0.0,OK
PARCEL_002,MILL_SOUTH,sugarcane,8.97,2026-01-16,2026-05-20,,true,33.0,0.0,ERROR
PARCEL_002,MILL_SOUTH,sugarcane,8.97,2026-01-16,2026-05-21,0.506,false,21.8,0.0,OK
PARCEL_002,MILL_SOUTH,sugarcane,8.97,2026-01-16,2026-05-22,0.528,false,22.3,0.0,OK
PARCEL_002,MILL_SOUTH,sugarcane,8.97,2026-01-16,2026-05-23,0.542,false,17.0,4.5,OK
PARCEL_002,MILL_SOUTH,sugarcane,8.97,2026-01-16,2026-05-24,0.47,false,23.0,0.0,OK
PARCEL_002,MILL_SOUTH,sugarcane,8.97,2026-01-16,2026-05-25,0.384,false,21.6,0.0,OK
PARCEL_002,MILL_SOUTH,sugarcane,8.97,2026-01-16,2026-05-26,0.702,false,25.2,0.0,OK
PARCEL_002,MILL_SOUTH,sugarcane,8.97,2026-01-16,2026-05-29,0.474,false,20.8,0.0,OK
PARCEL_002,MILL_SOUTH,sugarcane,8.97,2026-01-16,2026-05-30,0.584,false,30.8,0.0,OK
PARCEL_002,MILL_SOUTH,sugarcane,8.97,2026-01-16,2026-05-31,0.58,false,35.1,5.2,OK
PARCEL_003,MILL_NORTH,soybean,5.35,2026-02-13,2026-01-01,0.149,false,23.8,0.0,OK
PARCEL_003,MILL_NORTH,soybean,5.35,2026-02-13,2026-01-02,0.135,false,18.3,0.0,OK
PARCEL_003,MILL_NORTH,soybean,5.35,2026-02-13,2026-01-03,0.099,false,29.1,1.1,OK
PARCEL_003,MILL_NORTH,soybean,5.35,2026-02-13,2026-01-04,0.2,false,33.4,0.0,OK
PARCEL_003,MILL_NORTH,soybean,5.35,2026-02-13,2026-01-05,0.128,false,20.0,0.0,OK
PARCEL_003,MILL_NORTH,soybean,5.35,2026-02-13,2026-01-06,0.235,false,30.4,0.0,OK
PARCEL_003,MILL_NORTH,soybean,5.35,2026-02-13,2026-01-07,0.214,false,26.7,0.0,OK
PARCEL_003,MILL_NORTH,soybean,5.35,2026-02-13,2026-01-08,0.257,false,23.0,0.0,OK
PARCEL_003,MILL_NORTH,soybean,5.35,2026-02-13,2026-01-09,0.11,false,17.7,0.0,OK
PARCEL_003,MILL_NORTH,soybean,5.35,2026-02-13,2026-01-11,0.34,false,18.3,0.0,ERROR
PARCEL_003,MILL_NORTH,soybean,5.35,2026-02-13,2026-01-12,0.209,false,18.3,0.0,OK
PARCEL_003,MILL_NORTH,soybean,5.35,2026-02-13,2026-01-13,0.261,false,21.2,0.0,OK
PARCEL_003,MILL_NORTH,soybean,5.35,2026-02-13,2026-01-15,0.163,false,19.7,0.0,OK
PARCEL_003,MILL_NORTH,soybean,5.35,2026-02-13,2026-01-16,0.176,false,22.8,0.0,OK
PARCEL_003,MILL_NORTH,soybean,5.35,2026-02-13,2026-01-17,,true,30.2,4.2,ERROR
PARCEL_003,MILL_NORTH,soybean,5.35,2026-02-13,2026-01-18,0.191,false,24.0,3.7,OK
PARCEL_003,MILL_NORTH,soybean,5.35,2026-02-13,2026-01-19,0.202,false,20.1,0.0,OK
PARCEL_003,MILL_NORTH,soybean,5.35,2026-02-13,2026-01-20,0.337,false,32.7,3.3,OK
PARCEL_003,MILL_NORTH,soybean,5.35,2026-02-13,2026-01-21,0.228,false,22.9,0.0,OK
PARCEL_003,MILL_NORTH,soybean,5.35,2026-02-13,2026-01-23,0.075,false,23.6,0.0,OK
PARCEL_003,MILL_NORTH,soybean,5.35,2026-02-13,2026-01-25,0.164,false,19.5,0.0,ERROR
PARCEL_003,MILL_NORTH,soybean,5.35,2026-02-13,2026-01-26,0.156,false,25.9,0.0,OK
PARCEL_003,MILL_NORTH,soybean,5.35,2026-02-13,2026-01-27,0.201,false,26.0,0.0,OK
PARCEL_003,MILL_NORTH,soybean,5.35,2026-02-13,2026-01-29,0.219,false,17.0,0.0,OK
PARCEL_003,MILL_NORTH,soybean,5.35,2026-02-13,2026-01-30,0.197,false,17.6,0.0,OK
PARCEL_003,MILL_NORTH,soybean,5.35,2026-02-13,2026-01-31,0.212,false,17.8,0.0,OK
PARCEL_003,MILL_NORTH,soybean,5.35,2026-02-13,2026-02-02,0.111,false,16.5,0.0,OK
PARCEL_003,MILL_NORTH,soybean,5.35,2026-02-13,2026-02-03,0.131,false,20.4,0.4,OK
PARCEL_003,MILL_NORTH,soybean,5.35,2026-02-13,2026-02-04,0.131,false,24.7,0.0,OK
PARCEL_003,MILL_NORTH,soybean,5.35,2026-02-13,2026-02-05,0.209,false,30.1,0.0,OK
PARCEL_003,MILL_NORTH,soybean,5.35,2026-02-13,2026-02-06,0.071,false,33.3,5.4,OK
PARCEL_003,MILL_NORTH,soybean,5.35,2026-02-13,2026-02-08,0.167,false,26.4,0.0,OK
PARCEL_003,MILL_NORTH,soybean,5.35,2026-02-13,2026-02-09,0.121,false,30.8,0.0,OK
PARCEL_003,MILL_NORTH,soybean,5.35,2026-02-13,2026-02-11,0.193,false,22.0,0.0,OK
PARCEL_003,MILL_NORTH,soybean,5.35,2026-02-13,2026-02-12,0.241,false,23.7,0.0,OK
PARCEL_003,MILL_NORTH,soybean,5.35,2026-02-13,2026-02-13,0.347,false,22.8,0.0,OK
PARCEL_003,MILL_NORTH,soybean,5.35,2026-02-13,2026-02-14,0.209,false,26.7,0.0,OK
PARCEL_003,MILL_NORTH,soybean,5.35,2026-02-13,2026-02-15,0.32,false,24.4,0.0,OK
PARCEL_003,MILL_NORTH,soybean,5.35,2026-02-13,2026-02-16,0.191,false,26.1,0.0,OK
PARCEL_003,MILL_NORTH,soybean,5.35,2026-02-13,2026-02-17,0.25,false,29.1,0.0,OK
PARCEL_003,MILL_NORTH,soybean,5.35,2026-02-13,2026-02-18,0.223,false,25.6,0.0,OK
PARCEL_003,MILL_NORTH,soybean,5.35,2026-02-13,2026-02-19,,true,30.3,0.0,ERROR
PARCEL_003,MILL_NORTH,soybean,5.35,2026-02-13,2026-02-20,0.379,false,28.3,0.0,OK
PARCEL_003,MILL_NORTH,soybean,5.35,2026-02-13,2026-02-22,0.386,false,32.0,0.0,OK
PARCEL_003,MILL_NORTH,soybean,5.35,2026-02-13,2026-02-23,0.484,false,23.3,1.0,OK
PARCEL_003,MILL_NORTH,soybean,5.35,2026-02-13,2026-02-24,0.181,false,27.8,0.8,OK
PARCEL_003,MILL_NORTH,soybean,5.35,2026-02-13,2026-02-25,0.299,false,33.1,0.0,OK
PARCEL_003,MILL_NORTH,soybean,5.35,2026-02-13,2026-02-26,0.356,false,25.1,0.0,OK
PARCEL_003,MILL_NORTH,soybean,5.35,2026-02-13,2026-02-27,0.303,false,33.3,0.0,OK
PARCEL_003,MILL_NORTH,soybean,5.35,2026-02-13,2026-02-28,0.473,false,28.6,1.7,OK
PARCEL_003,MILL_NORTH,soybean,5.35,2026-02-13,2026-03-01,0.306,false,22.5,0.0,OK
PARCEL_003,MILL_NORTH,soybean,5.35,2026-02-13,2026-03-02,0.301,false,33.7,0.0,OK
PARCEL_003,MILL_NORTH,soybean,5.35,2026-02-13,2026-03-03,0.305,false,25.3,0.0,OK
PARCEL_003,MILL_NORTH,soybean,5.35,2026-02-13,2026-03-04,0.443,false,19.5,2.0,OK
PARCEL_003,MILL_NORTH,soybean,5.35,2026-02-13,2026-03-05,0.11,false,30.9,0.0,OK
PARCEL_003,MILL_NORTH,soybean,5.35,2026-02-13,2026-03-06,0.167,false,21.5,7.4,OK
PARCEL_003,MILL_NORTH,soybean,5.35,2026-02-13,2026-03-07,0.544,false,29.3,0.0,OK
PARCEL_003,MILL_NORTH,soybean,5.35,2026-02-13,2026-03-08,0.267,false,30.0,0.0,ERROR
PARCEL_003,MILL_NORTH,soybean,5.35,2026-02-13,2026-03-09,0.221,false,21.8,0.0,OK
PARCEL_003,MILL_NORTH,soybean,5.35,2026-02-13,2026-03-10,0.324,false,21.9,0.0,ERROR
PARCEL_003,MILL_NORTH,soybean,5.35,2026-02-13,2026-03-11,0.239,false,20.6,6.0,OK
PARCEL_003,MILL_NORTH,soybean,5.35,2026-02-13,2026-03-12,0.295,false,26.4,0.0,OK
PARCEL_003,MILL_NORTH,soybean,5.35,2026-02-13,2026-03-14,0.287,false,21.8,0.0,OK
PARCEL_003,MILL_NORTH,soybean,5.35,2026-02-13,2026-03-15,0.554,false,27.4,0.0,OK
PARCEL_003,MILL_NORTH,soybean,5.35,2026-02-13,2026-03-16,0.609,false,18.6,2.7,OK
PARCEL_003,MILL_NORTH,soybean,5.35,2026-02-13,2026-03-17,0.502,false,20.2,0.0,OK
PARCEL_003,MILL_NORTH,soybean,5.35,2026-02-13,2026-03-18,0.524,false,27.5,4.4,OK
PARCEL_003,MILL_NORTH,soybean,5.35,2026-02-13,2026-03-19,0.504,false,25.3,0.0,OK
PARCEL_003,MILL_NORTH,soybean,5.35,2026-02-13,2026-03-20,0.456,false,24.8,3.0,OK
PARCEL_003,MILL_NORTH,soybean,5.35,2026-02-13,2026-03-21,0.387,false,34.9,0.0,OK
PARCEL_003,MILL_NORTH,soybean,5.35,2026-02-13,2026-03-22,0.586,false,32.8,0.0,UNKNOWN
PARCEL_003,MILL_NORTH,soybean,5.35,2026-02-13,2026-03-23,0.354,false,26.9,0.0,OK
PARCEL_003,MILL_NORTH,soybean,5.35,2026-02-13,2026-03-24,0.416,false,19.7,3.6,OK
PARCEL_003,MILL_NORTH,soybean,5.35,2026-02-13,2026-03-25,0.554,false,21.9,0.0,OK
PARCEL_003,MILL_NORTH,soybean,5.35,2026-02-13,2026-03-26,0.503,false,15.7,0.0,OK
PARCEL_003,MILL_NORTH,soybean,5.35,2026-02-13,2026-03-27,0.528,false,27.2,0.0,OK
PARCEL_003,MILL_NORTH,soybean,5.35,2026-02-13,2026-03-28,0.692,false,20.8,0.0,OK
PARCEL_003,MILL_NORTH,soybean,5.35,2026-02-13,2026-03-29,0.484,false,29.1,0.0,OK
PARCEL_003,MILL_NORTH,soybean,5.35,2026-02-13,2026-03-31,0.436,false,31.4,0.0,OK
PARCEL_003,MILL_NORTH,soybean,5.35,2026-02-13,2026-04-01,0.49,false,21.5,0.0,OK
PARCEL_003,MILL_NORTH,soybean,5.35,2026-02-13,2026-04-02,0.319,false,23.6,0.0,OK
PARCEL_003,MILL_NORTH,soybean,5.35,2026-02-13,2026-04-03,0.456,false,29.7,0.0,OK
PARCEL_003,MILL_NORTH,soybean,5.35,2026-02-13,2026-04-04,0.624,false,16.2,3.3,OK
PARCEL_003,MILL_NORTH,soybean,5.35,2026-02-13,2026-04-05,0.566,false,20.3,0.0,OK
PARCEL_003,MILL_NORTH,soybean,5.35,2026-02-13,2026-04-06,0.451,false,32.3,2.8,OK
PARCEL_003,MILL_NORTH,soybean,5.35,2026-02-13,2026-04-07,0.435,false,19.9,3.6,OK
PARCEL_003,MILL_NORTH,soybean,5.35,2026-02-13,2026-04-08,0.588,false,18.1,2.9,OK
PARCEL_003,MILL_NORTH,soybean,5.35,2026-02-13,2026-04-09,0.435,false,33.4,0.0,OK
PARCEL_003,MILL_NORTH,soybean,5.35,2026-02-13,2026-04-10,0.551,false,35.5,0.0,OK
PARCEL_003,MILL_NORTH,soybean,5.35,2026-02-13,2026-04-11,0.568,false,25.1,0.0,OK
PARCEL_003,MILL_NORTH,soybean,5.35,2026-02-13,2026-04-12,0.619,false,25.8,0.0,OK
PARCEL_003,MILL_NORTH,soybean,5.35,2026-02-13,2026-04-13,0.487,false,25.4,2.7,ERROR
PARCEL_003,MILL_NORTH,soybean,5.35,2026-02-13,2026-04-14,0.573,false,19.9,0.0,OK
PARCEL_003,MILL_NORTH,soybean,5.35,2026-02-13,2026-04-15,0.686,false,32.3,0.0,OK
PARCEL_003,MILL_NORTH,soybean,5.35,2026-02-13,2026-04-16,0.605,false,29.1,0.0,OK
PARCEL_003,MILL_NORTH,soybean,5.35,2026-02-13,2026-04-17,0.565,false,22.1,0.0,OK
PARCEL_003,MILL_NORTH,soybean,5.35,2026-02-13,2026-04-18,0.512,false,33.3,0.0,ERROR
PARCEL_003,MILL_NORTH,soybean,5.35,2026-02-13,2026-04-19,0.483,false,35.2,0.0,OK
PARCEL_003,MILL_NORTH,soybean,5.35,2026-02-13,2026-04-20,0.52,false,28.1,1.7,OK
PARCEL_003,MILL_NORTH,soybean,5.35,2026-02-13,2026-04-21,0.519,false,30.7,0.0,OK
PARCEL_003,MILL_NORTH,soybean,5.35,2026-02-13,2026-04-23,0.447,false,15.7,0.0,OK
PARCEL_003,MILL_NORTH,soybean,5.35,2026-02-13,2026-04-24,0.446,false,18.0,0.0,OK
PARCEL_003,MILL_NORTH,soybean,5.35,2026-02-13,2026-04-25,0.43,false,30.0,0.0,OK
PARCEL_003,MILL_NORTH,soybean,5.35,2026-02-13,2026-04-26,0.605,false,34.4,0.0,OK
PARCEL_003,MILL_NORTH,soybean,5.35,2026-02-13,2026-04-27,0.609,false,27.2,0.0,OK
PARCEL_003,MILL_NORTH,soybean,5.35,2026-02-13,2026-04-28,,true,35.3,0.0,ERROR
PARCEL_003,MILL_NORTH,soybean,5.35,2026-02-13,2026-04-29,0.414,false,21.5,0.0,OK
PARCEL_003,MILL_NORTH,soybean,5.35,2026-02-13,2026-04-30,0.541,false,17.5,0.0,OK
PARCEL_003,MILL_NORTH,soybean,5.35,2026-02-13,2026-05-01,0.445,false,19.5,0.0,OK
PARCEL_003,MILL_NORTH,soybean,5.35,2026-02-13,2026-05-02,0.694,false,22.0,0.0,OK
PARCEL_003,MILL_NORTH,soybean,5.35,2026-02-13,2026-05-04,0.485,false,17.4,3.4,OK
PARCEL_003,MILL_NORTH,soybean,5.35,2026-02-13,2026-05-05,0.558,false,21.2,0.0,OK
PARCEL_003,MILL_NORTH,soybean,5.35,2026-02-13,2026-05-06,0.456,false,18.8,0.0,OK
PARCEL_003,MILL_NORTH,soybean,5.35,2026-02-13,2026-05-08,0.387,false,23.4,0.0,OK
PARCEL_003,MILL_NORTH,soybean,5.35,2026-02-13,2026-05-09,0.569,false,29.3,0.1,OK
PARCEL_003,MILL_NORTH,soybean,5.35,2026-02-13,2026-05-10,0.479,false,31.0,0.0,OK
PARCEL_003,MILL_NORTH,soybean,5.35,2026-02-13,2026-05-11,0.536,false,16.7,0.0,OK
PARCEL_003,MILL_NORTH,soybean,5.35,2026-02-13,2026-05-12,0.601,false,32.8,0.0,OK
PARCEL_003,MILL_NORTH,soybean,5.35,2026-02-13,2026-05-13,0.644,false,28.7,0.0,OK
PARCEL_003,MILL_NORTH,soybean,5.35,2026-02-13,2026-05-14,0.458,false,24.8,0.0,OK
PARCEL_003,MILL_NORTH,soybean,5.35,2026-02-13,2026-05-15,0.46,false,25.5,0.0,OK
PARCEL_003,MILL_NORTH,soybean,5.35,2026-02-13,2026-05-16,,true,21.7,0.0,ERROR
PARCEL_003,MILL_NORTH,soybean,5.35,2026-02-13,2026-05-17,0.622,false,33.2,0.0,OK
PARCEL_003,MILL_NORTH,soybean,5.35,2026-02-13,2026-05-18,0.67,false,30.7,0.0,OK
PARCEL_003,MILL_NORTH,soybean,5.35,2026-02-13,2026-05-20,0.363,false,22.4,0.0,OK
PARCEL_003,MILL_NORTH,soybean,5.35,2026-02-13,2026-05-21,0.576,false,30.2,0.0,OK
PARCEL_003,MILL_NORTH,soybean,5.35,2026-02-13,2026-05-22,0.469,false,31.8,0.0,OK
PARCEL_003,MILL_NORTH,soybean,5.35,2026-02-13,2026-05-23,0.739,false,24.5,0.0,OK
PARCEL_003,MILL_NORTH,soybean,5.35,2026-02-13,2026-05-24,0.505,false,33.8,0.0,UNKNOWN
PARCEL_003,MILL_NORTH,soybean,5.35,2026-02-13,2026-05-25,0.624,false,27.4,0.0,ERROR
PARCEL_003,MILL_NORTH,soybean,5.35,2026-02-13,2026-05-26,0.611,false,24.4,0.0,OK
PARCEL_003,MILL_NORTH,soybean,5.35,2026-02-13,2026-05-27,0.661,false,34.0,0.0,OK
PARCEL_003,MILL_NORTH,soybean,5.35,2026-02-13,2026-05-28,0.541,false,34.9,0.0,UNKNOWN
PARCEL_003,MILL_NORTH,soybean,5.35,2026-02-13,2026-05-29,0.567,false,34.1,0.0,OK
PARCEL_003,MILL_NORTH,soybean,5.35,2026-02-13,2026-05-30,0.501,false,15.5,1.0,OK
PARCEL_003,MILL_NORTH,soybean,5.35,2026-02-13,2026-05-31,0.616,false,18.2,2.6,OK
PARCEL_004,MILL_NORTH,sugarcane,3.18,2026-01-02,2026-01-01,0.168,false,26.2,0.0,OK
PARCEL_004,MILL_NORTH,sugarcane,3.18,2026-01-02,2026-01-02,0.172,false,22.6,0.0,OK
PARCEL_004,MILL_NORTH,sugarcane,3.18,2026-01-02,2026-01-04,0.318,false,23.9,0.0,OK
PARCEL_004,MILL_NORTH,sugarcane,3.18,2026-01-02,2026-01-05,0.411,false,18.9,0.0,OK
PARCEL_004,MILL_NORTH,sugarcane,3.18,2026-01-02,2026-01-06,0.37,false,23.6,0.0,OK
PARCEL_004,MILL_NORTH,sugarcane,3.18,2026-01-02,2026-01-07,0.394,false,21.5,3.9,UNKNOWN
PARCEL_004,MILL_NORTH,sugarcane,3.18,2026-01-02,2026-01-08,0.408,false,25.6,0.0,OK
PARCEL_004,MILL_NORTH,sugarcane,3.18,2026-01-02,2026-01-09,0.336,false,22.1,0.0,OK
PARCEL_004,MILL_NORTH,sugarcane,3.18,2026-01-02,2026-01-10,0.291,false,30.1,0.0,OK
PARCEL_004,MILL_NORTH,sugarcane,3.18,2026-01-02,2026-01-11,0.44,false,20.0,5.0,OK
PARCEL_004,MILL_NORTH,sugarcane,3.18,2026-01-02,2026-01-12,0.174,false,25.4,0.0,OK
PARCEL_004,MILL_NORTH,sugarcane,3.18,2026-01-02,2026-01-13,0.354,false,17.0,0.0,OK
PARCEL_004,MILL_NORTH,sugarcane,3.18,2026-01-02,2026-01-14,0.376,false,19.4,0.0,OK
PARCEL_004,MILL_NORTH,sugarcane,3.18,2026-01-02,2026-01-15,0.301,false,16.6,0.0,OK
PARCEL_004,MILL_NORTH,sugarcane,3.18,2026-01-02,2026-01-17,0.299,false,16.6,0.0,ERROR
PARCEL_004,MILL_NORTH,sugarcane,3.18,2026-01-02,2026-01-18,0.176,false,28.0,0.0,OK
PARCEL_004,MILL_NORTH,sugarcane,3.18,2026-01-02,2026-01-20,0.172,false,30.9,0.0,OK
PARCEL_004,MILL_NORTH,sugarcane,3.18,2026-01-02,2026-01-21,0.304,false,17.9,0.0,OK
PARCEL_004,MILL_NORTH,sugarcane,3.18,2026-01-02,2026-01-22,0.379,false,33.5,0.0,OK
PARCEL_004,MILL_NORTH,sugarcane,3.18,2026-01-02,2026-01-23,0.342,false,27.1,0.0,ERROR
PARCEL_004,MILL_NORTH,sugarcane,3.18,2026-01-02,2026-01-24,0.256,false,33.3,0.0,OK
PARCEL_004,MILL_NORTH,sugarcane,3.18,2026-01-02,2026-01-25,0.198,false,16.3,0.0,UNKNOWN
PARCEL_004,MILL_NORTH,sugarcane,3.18,2026-01-02,2026-01-26,0.16,false,17.2,0.0,OK
PARCEL_004,MILL_NORTH,sugarcane,3.18,2026-01-02,2026-01-27,0.147,false,21.6,0.0,OK
PARCEL_004,MILL_NORTH,sugarcane,3.18,2026-01-02,2026-01-28,0.218,false,21.6,0.0,OK
PARCEL_004,MILL_NORTH,sugarcane,3.18,2026-01-02,2026-01-29,0.323,false,29.9,0.0,OK
PARCEL_004,MILL_NORTH,sugarcane,3.18,2026-01-02,2026-01-30,0.221,false,27.4,0.0,OK
PARCEL_004,MILL_NORTH,sugarcane,3.18,2026-01-02,2026-01-31,0.342,false,32.2,0.0,OK
PARCEL_004,MILL_NORTH,sugarcane,3.18,2026-01-02,2026-02-01,0.457,false,20.5,0.0,OK
PARCEL_004,MILL_NORTH,sugarcane,3.18,2026-01-02,2026-02-02,0.734,false,17.9,0.0,OK
PARCEL_004,MILL_NORTH,sugarcane,3.18,2026-01-02,2026-02-03,0.787,false,34.9,0.0,OK
PARCEL_004,MILL_NORTH,sugarcane,3.18,2026-01-02,2026-02-04,0.739,false,29.9,0.0,OK
PARCEL_004,MILL_NORTH,sugarcane,3.18,2026-01-02,2026-02-05,0.6,false,28.7,0.0,OK
PARCEL_004,MILL_NORTH,sugarcane,3.18,2026-01-02,2026-02-06,0.548,false,34.7,0.0,OK
PARCEL_004,MILL_NORTH,sugarcane,3.18,2026-01-02,2026-02-07,0.644,false,22.9,0.0,OK
PARCEL_004,MILL_NORTH,sugarcane,3.18,2026-01-02,2026-02-08,0.644,false,25.0,0.0,OK
PARCEL_004,MILL_NORTH,sugarcane,3.18,2026-01-02,2026-02-09,0.653,false,28.2,3.5,OK
PARCEL_004,MILL_NORTH,sugarcane,3.18,2026-01-02,2026-02-10,0.81,false,25.0,0.0,OK
PARCEL_004,MILL_NORTH,sugarcane,3.18,2026-01-02,2026-02-13,0.589,false,26.8,1.2,OK
PARCEL_004,MILL_NORTH,sugarcane,3.18,2026-01-02,2026-02-14,0.798,false,28.6,2.7,OK
PARCEL_004,MILL_NORTH,sugarcane,3.18,2026-01-02,2026-02-15,0.634,false,31.2,0.0,OK
PARCEL_004,MILL_NORTH,sugarcane,3.18,2026-01-02,2026-02-16,0.593,false,24.4,0.0,OK
PARCEL_004,MILL_NORTH,sugarcane,3.18,2026-01-02,2026-02-17,0.756,false,18.4,1.9,OK
PARCEL_004,MILL_NORTH,sugarcane,3.18,2026-01-02,2026-02-18,0.743,false,18.0,0.0,OK
PARCEL_004,MILL_NORTH,sugarcane,3.18,2026-01-02,2026-02-19,0.745,false,22.8,0.0,OK
PARCEL_004,MILL_NORTH,sugarcane,3.18,2026-01-02,2026-02-20,0.766,false,30.6,0.0,OK
PARCEL_004,MILL_NORTH,sugarcane,3.18,2026-01-02,2026-02-21,0.786,false,23.6,10.0,OK
PARCEL_004,MILL_NORTH,sugarcane,3.18,2026-01-02,2026-02-22,0.509,false,21.7,0.0,OK
PARCEL_004,MILL_NORTH,sugarcane,3.18,2026-01-02,2026-02-23,0.614,false,22.7,0.0,OK
PARCEL_004,MILL_NORTH,sugarcane,3.18,2026-01-02,2026-02-24,0.64,false,20.5,0.0,OK
PARCEL_004,MILL_NORTH,sugarcane,3.18,2026-01-02,2026-02-25,0.747,false,29.4,0.0,OK
PARCEL_004,MILL_NORTH,sugarcane,3.18,2026-01-02,2026-02-26,0.751,false,34.7,0.0,OK
PARCEL_004,MILL_NORTH,sugarcane,3.18,2026-01-02,2026-02-27,0.573,false,16.2,0.0,UNKNOWN
PARCEL_004,MILL_NORTH,sugarcane,3.18,2026-01-02,2026-02-28,0.587,false,30.9,1.4,UNKNOWN
PARCEL_004,MILL_NORTH,sugarcane,3.18,2026-01-02,2026-03-01,0.705,false,20.1,4.9,OK
PARCEL_004,MILL_NORTH,sugarcane,3.18,2026-01-02,2026-03-02,0.664,false,23.3,0.0,OK
PARCEL_004,MILL_NORTH,sugarcane,3.18,2026-01-02,2026-03-04,0.839,false,34.7,0.1,OK
PARCEL_004,MILL_NORTH,sugarcane,3.18,2026-01-02,2026-03-05,0.609,false,16.9,3.0,UNKNOWN
PARCEL_004,MILL_NORTH,sugarcane,3.18,2026-01-02,2026-03-06,0.678,false,26.7,0.0,OK
PARCEL_004,MILL_NORTH,sugarcane,3.18,2026-01-02,2026-03-07,0.604,false,16.0,7.2,OK
PARCEL_004,MILL_NORTH,sugarcane,3.18,2026-01-02,2026-03-08,0.74,false,29.5,1.1,OK
PARCEL_004,MILL_NORTH,sugarcane,3.18,2026-01-02,2026-03-09,0.693,false,19.8,0.0,OK
PARCEL_004,MILL_NORTH,sugarcane,3.18,2026-01-02,2026-03-10,0.775,false,20.8,5.0,OK
PARCEL_004,MILL_NORTH,sugarcane,3.18,2026-01-02,2026-03-11,0.696,false,25.3,6.7,OK
PARCEL_004,MILL_NORTH,sugarcane,3.18,2026-01-02,2026-03-12,0.867,false,21.0,0.0,OK
PARCEL_004,MILL_NORTH,sugarcane,3.18,2026-01-02,2026-03-13,0.537,false,34.3,1.3,OK
PARCEL_004,MILL_NORTH,sugarcane,3.18,2026-01-02,2026-03-14,0.543,false,15.6,0.0,OK
PARCEL_004,MILL_NORTH,sugarcane,3.18,2026-01-02,2026-03-15,0.601,false,20.7,5.5,OK
PARCEL_004,MILL_NORTH,sugarcane,3.18,2026-01-02,2026-03-16,0.648,false,23.5,0.0,OK
PARCEL_004,MILL_NORTH,sugarcane,3.18,2026-01-02,2026-03-17,0.787,false,32.6,0.0,OK
PARCEL_004,MILL_NORTH,sugarcane,3.18,2026-01-02,2026-03-19,0.646,false,26.2,0.0,OK
PARCEL_004,MILL_NORTH,sugarcane,3.18,2026-01-02,2026-03-22,0.571,false,20.6,0.0,OK
PARCEL_004,MILL_NORTH,sugarcane,3.18,2026-01-02,2026-03-23,0.734,false,23.7,0.0,OK
PARCEL_004,MILL_NORTH,sugarcane,3.18,2026-01-02,2026-03-24,0.669,false,35.1,0.0,OK
PARCEL_004,MILL_NORTH,sugarcane,3.18,2026-01-02,2026-03-25,0.742,false,34.6,0.0,OK
PARCEL_004,MILL_NORTH,sugarcane,3.18,2026-01-02,2026-03-26,0.688,false,22.4,0.0,OK
PARCEL_004,MILL_NORTH,sugarcane,3.18,2026-01-02,2026-03-27,0.805,false,31.1,0.0,OK
PARCEL_004,MILL_NORTH,sugarcane,3.18,2026-01-02,2026-03-28,0.832,false,20.5,0.0,OK
PARCEL_004,MILL_NORTH,sugarcane,3.18,2026-01-02,2026-03-30,0.718,false,16.6,0.0,OK
PARCEL_004,MILL_NORTH,sugarcane,3.18,2026-01-02,2026-03-31,0.62,false,20.1,0.0,OK
PARCEL_004,MILL_NORTH,sugarcane,3.18,2026-01-02,2026-04-01,0.54,false,22.6,0.0,UNKNOWN
PARCEL_004,MILL_NORTH,sugarcane,3.18,2026-01-02,2026-04-02,0.609,false,19.0,0.0,OK
PARCEL_004,MILL_NORTH,sugarcane,3.18,2026-01-02,2026-04-03,0.577,false,21.7,0.0,OK
PARCEL_004,MILL_NORTH,sugarcane,3.18,2026-01-02,2026-04-04,0.478,false,31.8,0.0,OK
PARCEL_004,MILL_NORTH,sugarcane,3.18,2026-01-02,2026-04-05,,true,25.0,0.0,ERROR
PARCEL_004,MILL_NORTH,sugarcane,3.18,2026-01-02,2026-04-06,0.611,false,32.1,6.9,OK
PARCEL_004,MILL_NORTH,sugarcane,3.18,2026-01-02,2026-04-07,0.515,false,28.5,0.0,OK
PARCEL_004,MILL_NORTH,sugarcane,3.18,2026-01-02,2026-04-08,0.38,false,29.5,0.0,OK
PARCEL_004,MILL_NORTH,sugarcane,3.18,2026-01-02,2026-04-10,0.5,false,18.0,0.0,OK
PARCEL_004,MILL_NORTH,sugarcane,3.18,2026-01-02,2026-04-11,0.539,false,22.9,0.0,OK
PARCEL_004,MILL_NORTH,sugarcane,3.18,2026-01-02,2026-04-12,0.423,false,23.3,0.0,OK
PARCEL_004,MILL_NORTH,sugarcane,3.18,2026-01-02,2026-04-13,0.482,false,23.2,0.0,OK
PARCEL_004,MILL_NORTH,sugarcane,3.18,2026-01-02,2026-04-14,0.416,false,28.8,0.0,OK
PARCEL_004,MILL_NORTH,sugarcane,3.18,2026-01-02,2026-04-15,0.638,false,20.6,0.0,OK
PARCEL_004,MILL_NORTH,sugarcane,3.18,2026-01-02,2026-04-16,0.404,false,18.8,0.0,OK
PARCEL_004,MILL_NORTH,sugarcane,3.18,2026-01-02,2026-04-18,0.503,false,17.3,0.0,OK
PARCEL_004,MILL_NORTH,sugarcane,3.18,2026-01-02,2026-04-19,0.654,false,29.5,0.0,OK
PARCEL_004,MILL_NORTH,sugarcane,3.18,2026-01-02,2026-04-20,0.653,false,31.6,0.0,OK
PARCEL_004,MILL_NORTH,sugarcane,3.18,2026-01-02,2026-04-21,0.616,false,21.4,0.0,OK
PARCEL_004,MILL_NORTH,sugarcane,3.18,2026-01-02,2026-04-22,0.488,false,32.1,0.0,OK
PARCEL_004,MILL_NORTH,sugarcane,3.18,2026-01-02,2026-04-23,,true,28.2,0.0,ERROR
PARCEL_004,MILL_NORTH,sugarcane,3.18,2026-01-02,2026-04-24,0.563,false,23.2,0.0,OK
PARCEL_004,MILL_NORTH,sugarcane,3.18,2026-01-02,2026-04-25,0.639,false,16.8,0.0,OK
PARCEL_004,MILL_NORTH,sugarcane,3.18,2026-01-02,2026-04-26,0.469,false,26.9,0.0,OK
PARCEL_004,MILL_NORTH,sugarcane,3.18,2026-01-02,2026-04-27,0.495,false,34.1,1.1,OK
PARCEL_004,MILL_NORTH,sugarcane,3.18,2026-01-02,2026-04-28,0.308,false,23.8,0.0,OK
PARCEL_004,MILL_NORTH,sugarcane,3.18,2026-01-02,2026-05-01,0.641,false,34.6,1.2,OK
PARCEL_004,MILL_NORTH,sugarcane,3.18,2026-01-02,2026-05-02,0.393,false,30.4,0.0,OK
PARCEL_004,MILL_NORTH,sugarcane,3.18,2026-01-02,2026-05-03,0.622,false,19.0,0.0,OK
PARCEL_004,MILL_NORTH,sugarcane,3.18,2026-01-02,2026-05-04,0.485,false,21.7,0.0,OK
PARCEL_004,MILL_NORTH,sugarcane,3.18,2026-01-02,2026-05-05,0.568,false,19.7,0.0,ERROR
PARCEL_004,MILL_NORTH,sugarcane,3.18,2026-01-02,2026-05-06,0.36,false,16.1,4.1,OK
PARCEL_004,MILL_NORTH,sugarcane,3.18,2026-01-02,2026-05-07,0.409,false,31.8,0.0,OK
PARCEL_004,MILL_NORTH,sugarcane,3.18,2026-01-02,2026-05-08,0.492,false,18.2,0.0,OK
PARCEL_004,MILL_NORTH,sugarcane,3.18,2026-01-02,2026-05-10,0.686,false,30.1,0.0,OK
PARCEL_004,MILL_NORTH,sugarcane,3.18,2026-01-02,2026-05-11,0.629,false,21.4,0.0,OK
PARCEL_004,MILL_NORTH,sugarcane,3.18,2026-01-02,2026-05-12,0.468,false,31.7,0.0,OK
PARCEL_004,MILL_NORTH,sugarcane,3.18,2026-01-02,2026-05-13,0.579,false,25.9,0.0,OK
PARCEL_004,MILL_NORTH,sugarcane,3.18,2026-01-02,2026-05-14,0.59,false,35.3,0.0,OK
PARCEL_004,MILL_NORTH,sugarcane,3.18,2026-01-02,2026-05-15,0.663,false,24.9,0.0,OK
PARCEL_004,MILL_NORTH,sugarcane,3.18,2026-01-02,2026-05-16,0.646,false,30.6,0.0,OK
PARCEL_004,MILL_NORTH,sugarcane,3.18,2026-01-02,2026-05-17,0.662,false,20.7,0.0,OK
PARCEL_004,MILL_NORTH,sugarcane,3.18,2026-01-02,2026-05-18,0.504,false,19.2,0.0,OK
PARCEL_004,MILL_NORTH,sugarcane,3.18,2026-01-02,2026-05-19,0.669,false,24.1,0.0,OK
PARCEL_004,MILL_NORTH,sugarcane,3.18,2026-01-02,2026-05-20,0.36,false,30.1,0.4,OK
PARCEL_004,MILL_NORTH,sugarcane,3.18,2026-01-02,2026-05-21,0.472,false,24.8,0.0,OK
PARCEL_004,MILL_NORTH,sugarcane,3.18,2026-01-02,2026-05-22,0.453,false,29.2,0.0,OK
PARCEL_004,MILL_NORTH,sugarcane,3.18,2026-01-02,2026-05-23,0.309,false,19.3,0.0,OK
PARCEL_004,MILL_NORTH,sugarcane,3.18,2026-01-02,2026-05-25,0.639,false,17.5,0.0,ERROR
PARCEL_004,MILL_NORTH,sugarcane,3.18,2026-01-02,2026-05-26,0.39,false,25.9,9.4,OK
PARCEL_004,MILL_NORTH,sugarcane,3.18,2026-01-02,2026-05-28,0.534,false,18.4,0.0,OK
PARCEL_004,MILL_NORTH,sugarcane,3.18,2026-01-02,2026-05-29,0.594,false,31.5,0.0,OK
PARCEL_004,MILL_NORTH,sugarcane,3.18,2026-01-02,2026-05-30,0.481,false,29.9,0.0,OK
PARCEL_004,MILL_NORTH,sugarcane,3.18,2026-01-02,2026-05-31,0.589,false,23.8,0.0,OK
PARCEL_005,MILL_NORTH,soybean,2.79,2026-02-08,2026-01-01,0.174,false,17.8,0.0,OK
PARCEL_005,MILL_NORTH,soybean,2.79,2026-02-08,2026-01-02,0.168,false,26.3,6.5,OK
PARCEL_005,MILL_NORTH,soybean,2.79,2026-02-08,2026-01-03,0.13,false,21.4,0.0,ERROR
PARCEL_005,MILL_NORTH,soybean,2.79,2026-02-08,2026-01-04,0.227,false,17.2,8.9,OK
PARCEL_005,MILL_NORTH,soybean,2.79,2026-02-08,2026-01-05,0.143,false,22.2,0.0,OK
PARCEL_005,MILL_NORTH,soybean,2.79,2026-02-08,2026-01-06,0.232,false,32.1,0.0,OK
PARCEL_005,MILL_NORTH,soybean,2.79,2026-02-08,2026-01-07,0.096,false,29.9,0.0,OK
PARCEL_005,MILL_NORTH,soybean,2.79,2026-02-08,2026-01-08,0.281,false,24.9,0.0,OK
PARCEL_005,MILL_NORTH,soybean,2.79,2026-02-08,2026-01-10,0.131,false,29.9,0.0,OK
PARCEL_005,MILL_NORTH,soybean,2.79,2026-02-08,2026-01-11,0.231,false,31.6,6.8,OK
PARCEL_005,MILL_NORTH,soybean,2.79,2026-02-08,2026-01-12,0.193,false,16.1,0.0,OK
PARCEL_005,MILL_NORTH,soybean,2.79,2026-02-08,2026-01-13,0.134,false,25.5,4.1,OK
PARCEL_005,MILL_NORTH,soybean,2.79,2026-02-08,2026-01-14,0.156,false,17.8,0.0,OK
PARCEL_005,MILL_NORTH,soybean,2.79,2026-02-08,2026-01-15,0.094,false,29.0,0.0,OK
PARCEL_005,MILL_NORTH,soybean,2.79,2026-02-08,2026-01-16,0.178,false,22.4,0.0,OK
PARCEL_005,MILL_NORTH,soybean,2.79,2026-02-08,2026-01-17,0.094,false,33.4,0.0,OK
PARCEL_005,MILL_NORTH,soybean,2.79,2026-02-08,2026-01-18,0.265,false,23.5,0.0,OK
PARCEL_005,MILL_NORTH,soybean,2.79,2026-02-08,2026-01-19,0.14,false,20.2,0.0,UNKNOWN
PARCEL_005,MILL_NORTH,soybean,2.79,2026-02-08,2026-01-20,0.199,false,28.4,0.0,OK
PARCEL_005,MILL_NORTH,soybean,2.79,2026-02-08,2026-01-21,0.078,false,19.3,0.0,OK
PARCEL_005,MILL_NORTH,soybean,2.79,2026-02-08,2026-01-23,0.18,false,17.4,0.0,OK
PARCEL_005,MILL_NORTH,soybean,2.79,2026-02-08,2026-01-24,0.205,false,26.4,0.0,OK
PARCEL_005,MILL_NORTH,soybean,2.79,2026-02-08,2026-01-25,0.223,false,30.4,0.0,OK
PARCEL_005,MILL_NORTH,soybean,2.79,2026-02-08,2026-01-26,0.094,false,23.5,2.4,OK
PARCEL_005,MILL_NORTH,soybean,2.79,2026-02-08,2026-01-28,0.207,false,31.0,0.0,OK
PARCEL_005,MILL_NORTH,soybean,2.79,2026-02-08,2026-01-29,0.255,false,25.2,0.0,OK
PARCEL_005,MILL_NORTH,soybean,2.79,2026-02-08,2026-01-30,0.113,false,19.1,0.0,OK
PARCEL_005,MILL_NORTH,soybean,2.79,2026-02-08,2026-01-31,0.126,false,22.2,0.0,OK
PARCEL_005,MILL_NORTH,soybean,2.79,2026-02-08,2026-02-01,0.091,false,30.6,6.8,OK
PARCEL_005,MILL_NORTH,soybean,2.79,2026-02-08,2026-02-02,0.257,false,33.7,0.0,OK
PARCEL_005,MILL_NORTH,soybean,2.79,2026-02-08,2026-02-03,0.258,false,32.6,0.0,OK
PARCEL_005,MILL_NORTH,soybean,2.79,2026-02-08,2026-02-05,0.157,false,15.7,0.0,OK
PARCEL_005,MILL_NORTH,soybean,2.79,2026-02-08,2026-02-07,0.169,false,22.1,0.0,OK
PARCEL_005,MILL_NORTH,soybean,2.79,2026-02-08,2026-02-08,0.238,false,32.5,0.0,OK
PARCEL_005,MILL_NORTH,soybean,2.79,2026-02-08,2026-02-09,0.365,false,21.4,0.0,OK
PARCEL_005,MILL_NORTH,soybean,2.79,2026-02-08,2026-02-10,0.134,false,33.4,1.7,OK
PARCEL_005,MILL_NORTH,soybean,2.79,2026-02-08,2026-02-11,0.285,false,35.0,0.0,OK
PARCEL_005,MILL_NORTH,soybean,2.79,2026-02-08,2026-02-12,0.308,false,15.4,0.0,OK
PARCEL_005,MILL_NORTH,soybean,2.79,2026-02-08,2026-02-13,0.139,false,21.6,0.0,OK
PARCEL_005,MILL_NORTH,soybean,2.79,2026-02-08,2026-02-14,0.26,false,21.7,0.0,OK
PARCEL_005,MILL_NORTH,soybean,2.79,2026-02-08,2026-02-16,0.341,false,21.7,5.6,OK
PARCEL_005,MILL_NORTH,soybean,2.79,2026-02-08,2026-02-18,0.26,false,24.8,0.0,OK
PARCEL_005,MILL_NORTH,soybean,2.79,2026-02-08,2026-02-19,0.358,false,27.2,0.0,OK
PARCEL_005,MILL_NORTH,soybean,2.79,2026-02-08,2026-02-20,0.349,false,34.9,0.0,OK
PARCEL_005,MILL_NORTH,soybean,2.79,2026-02-08,2026-02-21,0.263,false,24.5,0.0,OK
PARCEL_005,MILL_NORTH,soybean,2.79,2026-02-08,2026-02-22,0.333,false,23.2,0.0,OK
PARCEL_005,MILL_NORTH,soybean,2.79,2026-02-08,2026-02-23,0.134,false,24.9,0.0,OK
PARCEL_005,MILL_NORTH,soybean,2.79,2026-02-08,2026-02-24,0.305,false,31.3,0.0,OK
PARCEL_005,MILL_NORTH,soybean,2.79,2026-02-08,2026-02-25,0.359,false,27.8,0.0,ERROR
PARCEL_005,MILL_NORTH,soybean,2.79,2026-02-08,2026-02-26,0.372,false,22.3,0.0,OK
PARCEL_005,MILL_NORTH,soybean,2.79,2026-02-08,2026-02-27,0.401,false,17.7,0.0,OK
PARCEL_005,MILL_NORTH,soybean,2.79,2026-02-08,2026-02-28,0.239,false,27.4,0.0,OK
PARCEL_005,MILL_NORTH,soybean,2.79,2026-02-08,2026-03-01,0.191,false,27.0,0.0,OK
PARCEL_005,MILL_NORTH,soybean,2.79,2026-02-08,2026-03-02,0.232,false,19.5,0.0,OK
PARCEL_005,MILL_NORTH,soybean,2.79,2026-02-08,2026-03-03,,true,29.8,0.0,ERROR
PARCEL_005,MILL_NORTH,soybean,2.79,2026-02-08,2026-03-04,0.506,false,35.0,2.0,OK
PARCEL_005,MILL_NORTH,soybean,2.79,2026-02-08,2026-03-05,0.344,false,24.1,0.0,OK
PARCEL_005,MILL_NORTH,soybean,2.79,2026-02-08,2026-03-06,0.254,false,32.9,3.6,OK
PARCEL_005,MILL_NORTH,soybean,2.79,2026-02-08,2026-03-07,0.391,false,18.2,0.0,UNKNOWN
PARCEL_005,MILL_NORTH,soybean,2.79,2026-02-08,2026-03-08,0.302,false,31.9,0.0,OK
PARCEL_005,MILL_NORTH,soybean,2.79,2026-02-08,2026-03-09,0.373,false,34.0,0.0,OK
PARCEL_005,MILL_NORTH,soybean,2.79,2026-02-08,2026-03-10,0.507,false,34.7,1.4,ERROR
PARCEL_005,MILL_NORTH,soybean,2.79,2026-02-08,2026-03-11,0.361,false,24.9,0.0,OK
PARCEL_005,MILL_NORTH,soybean,2.79,2026-02-08,2026-03-12,0.604,false,15.7,0.0,UNKNOWN
PARCEL_005,MILL_NORTH,soybean,2.79,2026-02-08,2026-03-13,0.564,false,21.3,7.9,OK
PARCEL_005,MILL_NORTH,soybean,2.79,2026-02-08,2026-03-14,0.404,false,16.5,0.0,OK
PARCEL_005,MILL_NORTH,soybean,2.79,2026-02-08,2026-03-16,0.608,false,21.1,0.0,OK
PARCEL_005,MILL_NORTH,soybean,2.79,2026-02-08,2026-03-17,0.464,false,24.4,0.0,OK
PARCEL_005,MILL_NORTH,soybean,2.79,2026-02-08,2026-03-18,0.604,false,18.4,0.0,OK
PARCEL_005,MILL_NORTH,soybean,2.79,2026-02-08,2026-03-19,0.477,false,24.3,0.0,OK
PARCEL_005,MILL_NORTH,soybean,2.79,2026-02-08,2026-03-20,0.611,false,23.5,0.0,OK
PARCEL_005,MILL_NORTH,soybean,2.79,2026-02-08,2026-03-21,0.597,false,25.0,2.4,UNKNOWN
PARCEL_005,MILL_NORTH,soybean,2.79,2026-02-08,2026-03-22,0.633,false,17.4,0.0,OK
PARCEL_005,MILL_NORTH,soybean,2.79,2026-02-08,2026-03-23,0.457,false,20.6,0.0,OK
PARCEL_005,MILL_NORTH,soybean,2.79,2026-02-08,2026-03-24,0.682,false,25.9,0.0,ERROR
PARCEL_005,MILL_NORTH,soybean,2.79,2026-02-08,2026-03-25,0.422,false,24.4,3.1,OK
PARCEL_005,MILL_NORTH,soybean,2.79,2026-02-08,2026-03-27,0.627,false,28.3,0.0,OK
PARCEL_005,MILL_NORTH,soybean,2.79,2026-02-08,2026-03-28,0.52,false,26.8,0.0,OK
PARCEL_005,MILL_NORTH,soybean,2.79,2026-02-08,2026-03-29,0.595,false,24.0,0.0,OK
PARCEL_005,MILL_NORTH,soybean,2.79,2026-02-08,2026-03-31,0.477,false,22.2,5.0,OK
PARCEL_005,MILL_NORTH,soybean,2.79,2026-02-08,2026-04-01,0.434,false,25.3,2.3,OK
PARCEL_005,MILL_NORTH,soybean,2.79,2026-02-08,2026-04-02,0.383,false,26.9,0.0,OK
PARCEL_005,MILL_NORTH,soybean,2.79,2026-02-08,2026-04-03,0.502,false,29.5,0.0,OK
PARCEL_005,MILL_NORTH,soybean,2.79,2026-02-08,2026-04-04,0.558,false,31.2,0.0,OK
PARCEL_005,MILL_NORTH,soybean,2.79,2026-02-08,2026-04-05,0.469,false,34.2,0.0,OK
PARCEL_005,MILL_NORTH,soybean,2.79,2026-02-08,2026-04-06,0.298,false,17.1,0.0,OK
PARCEL_005,MILL_NORTH,soybean,2.79,2026-02-08,2026-04-08,0.42,false,29.4,0.0,OK
PARCEL_005,MILL_NORTH,soybean,2.79,2026-02-08,2026-04-09,0.605,false,29.9,0.0,OK
PARCEL_005,MILL_NORTH,soybean,2.79,2026-02-08,2026-04-10,0.559,false,32.2,0.0,OK
PARCEL_005,MILL_NORTH,soybean,2.79,2026-02-08,2026-04-11,0.519,false,26.0,0.0,UNKNOWN
PARCEL_005,MILL_NORTH,soybean,2.79,2026-02-08,2026-04-12,0.48,false,18.3,0.0,OK
PARCEL_005,MILL_NORTH,soybean,2.79,2026-02-08,2026-04-13,0.44,false,21.6,0.0,OK
PARCEL_005,MILL_NORTH,soybean,2.79,2026-02-08,2026-04-14,0.441,false,25.4,0.0,OK
PARCEL_005,MILL_NORTH,soybean,2.79,2026-02-08,2026-04-15,0.626,false,35.0,0.0,OK
PARCEL_005,MILL_NORTH,soybean,2.79,2026-02-08,2026-04-16,0.508,false,22.2,4.6,OK
PARCEL_005,MILL_NORTH,soybean,2.79,2026-02-08,2026-04-17,0.45,false,17.5,0.0,OK
PARCEL_005,MILL_NORTH,soybean,2.79,2026-02-08,2026-04-18,0.411,false,28.5,0.0,OK
PARCEL_005,MILL_NORTH,soybean,2.79,2026-02-08,2026-04-19,0.471,false,28.3,0.0,OK
PARCEL_005,MILL_NORTH,soybean,2.79,2026-02-08,2026-04-21,0.592,false,31.1,0.0,OK
PARCEL_005,MILL_NORTH,soybean,2.79,2026-02-08,2026-04-22,0.402,false,22.7,0.0,OK
PARCEL_005,MILL_NORTH,soybean,2.79,2026-02-08,2026-04-23,0.5,false,29.2,0.0,OK
PARCEL_005,MILL_NORTH,soybean,2.79,2026-02-08,2026-04-25,0.555,false,24.2,0.0,OK
PARCEL_005,MILL_NORTH,soybean,2.79,2026-02-08,2026-04-26,0.671,false,25.2,8.3,UNKNOWN
PARCEL_005,MILL_NORTH,soybean,2.79,2026-02-08,2026-04-27,0.529,false,22.0,8.2,OK
PARCEL_005,MILL_NORTH,soybean,2.79,2026-02-08,2026-04-28,0.413,false,18.3,0.0,OK
PARCEL_005,MILL_NORTH,soybean,2.79,2026-02-08,2026-04-29,0.568,false,35.0,6.3,OK
PARCEL_005,MILL_NORTH,soybean,2.79,2026-02-08,2026-04-30,0.498,false,22.3,0.0,OK
PARCEL_005,MILL_NORTH,soybean,2.79,2026-02-08,2026-05-01,0.539,false,17.2,0.0,OK
PARCEL_005,MILL_NORTH,soybean,2.79,2026-02-08,2026-05-02,0.451,false,30.0,0.0,OK
PARCEL_005,MILL_NORTH,soybean,2.79,2026-02-08,2026-05-03,0.587,false,15.5,0.0,OK
PARCEL_005,MILL_NORTH,soybean,2.79,2026-02-08,2026-05-05,0.572,false,31.4,0.0,OK
PARCEL_005,MILL_NORTH,soybean,2.79,2026-02-08,2026-05-07,0.666,false,28.4,4.5,OK
PARCEL_005,MILL_NORTH,soybean,2.79,2026-02-08,2026-05-08,0.641,false,30.8,0.0,OK
PARCEL_005,MILL_NORTH,soybean,2.79,2026-02-08,2026-05-09,0.598,false,32.6,4.8,OK
PARCEL_005,MILL_NORTH,soybean,2.79,2026-02-08,2026-05-10,0.535,false,31.3,0.0,OK
PARCEL_005,MILL_NORTH,soybean,2.79,2026-02-08,2026-05-12,0.621,false,22.7,0.0,OK
PARCEL_005,MILL_NORTH,soybean,2.79,2026-02-08,2026-05-14,0.446,false,35.0,5.5,UNKNOWN
PARCEL_005,MILL_NORTH,soybean,2.79,2026-02-08,2026-05-15,0.666,false,21.8,0.0,OK
PARCEL_005,MILL_NORTH,soybean,2.79,2026-02-08,2026-05-16,0.442,false,24.8,0.0,OK
PARCEL_005,MILL_NORTH,soybean,2.79,2026-02-08,2026-05-17,0.601,false,29.2,0.0,OK
PARCEL_005,MILL_NORTH,soybean,2.79,2026-02-08,2026-05-19,0.51,false,20.9,0.0,OK
PARCEL_005,MILL_NORTH,soybean,2.79,2026-02-08,2026-05-20,0.481,false,34.7,0.0,OK
PARCEL_005,MILL_NORTH,soybean,2.79,2026-02-08,2026-05-21,0.581,false,20.0,0.0,OK
PARCEL_005,MILL_NORTH,soybean,2.79,2026-02-08,2026-05-22,0.537,false,27.2,0.0,OK
PARCEL_005,MILL_NORTH,soybean,2.79,2026-02-08,2026-05-23,0.655,false,25.0,0.0,OK
PARCEL_005,MILL_NORTH,soybean,2.79,2026-02-08,2026-05-24,0.484,false,33.8,0.0,OK
PARCEL_005,MILL_NORTH,soybean,2.79,2026-02-08,2026-05-25,0.621,false,16.1,0.0,OK
PARCEL_005,MILL_NORTH,soybean,2.79,2026-02-08,2026-05-26,0.441,false,21.6,0.0,OK
PARCEL_005,MILL_NORTH,soybean,2.79,2026-02-08,2026-05-27,,true,18.2,0.0,ERROR
PARCEL_005,MILL_NORTH,soybean,2.79,2026-02-08,2026-05-28,0.52,false,34.2,0.0,OK
PARCEL_005,MILL_NORTH,soybean,2.79,2026-02-08,2026-05-29,0.502,false,33.3,0.0,OK
PARCEL_005,MILL_NORTH,soybean,2.79,2026-02-08,2026-05-30,0.548,false,28.1,0.0,OK
PARCEL_006,MILL_WEST,sugarcane,5.67,2026-02-11,2026-01-01,0.176,false,28.4,0.0,OK
PARCEL_006,MILL_WEST,sugarcane,5.67,2026-02-11,2026-01-02,0.152,false,18.0,0.0,OK
PARCEL_006,MILL_WEST,sugarcane,5.67,2026-02-11,2026-01-03,0.262,false,29.6,0.0,UNKNOWN
PARCEL_006,MILL_WEST,sugarcane,5.67,2026-02-11,2026-01-04,0.148,false,33.0,0.6,OK
PARCEL_006,MILL_WEST,sugarcane,5.67,2026-02-11,2026-01-05,0.099,false,34.2,0.0,OK
PARCEL_006,MILL_WEST,sugarcane,5.67,2026-02-11,2026-01-06,0.163,false,17.8,0.0,OK
PARCEL_006,MILL_WEST,sugarcane,5.67,2026-02-11,2026-01-07,0.204,false,24.3,6.8,OK
PARCEL_006,MILL_WEST,sugarcane,5.67,2026-02-11,2026-01-08,0.111,false,23.4,0.0,OK
PARCEL_006,MILL_WEST,sugarcane,5.67,2026-02-11,2026-01-09,0.162,false,16.4,0.0,OK
PARCEL_006,MILL_WEST,sugarcane,5.67,2026-02-11,2026-01-10,0.163,false,25.3,0.0,OK
PARCEL_006,MILL_WEST,sugarcane,5.67,2026-02-11,2026-01-11,0.208,false,17.8,1.4,ERROR
PARCEL_006,MILL_WEST,sugarcane,5.67,2026-02-11,2026-01-12,0.163,false,19.0,0.0,OK
PARCEL_006,MILL_WEST,sugarcane,5.67,2026-02-11,2026-01-13,0.198,false,20.5,0.0,OK
PARCEL_006,MILL_WEST,sugarcane,5.67,2026-02-11,2026-01-14,0.046,false,20.7,0.0,OK
PARCEL_006,MILL_WEST,sugarcane,5.67,2026-02-11,2026-01-15,0.219,false,26.3,0.0,UNKNOWN
PARCEL_006,MILL_WEST,sugarcane,5.67,2026-02-11,2026-01-16,0.085,false,33.5,2.5,OK
PARCEL_006,MILL_WEST,sugarcane,5.67,2026-02-11,2026-01-17,0.255,false,25.6,0.0,OK
PARCEL_006,MILL_WEST,sugarcane,5.67,2026-02-11,2026-01-18,0.093,false,21.3,0.0,ERROR
PARCEL_006,MILL_WEST,sugarcane,5.67,2026-02-11,2026-01-20,0.237,false,31.0,0.0,OK
PARCEL_006,MILL_WEST,sugarcane,5.67,2026-02-11,2026-01-22,0.219,false,30.8,0.0,OK
PARCEL_006,MILL_WEST,sugarcane,5.67,2026-02-11,2026-01-23,0.181,false,34.2,0.0,OK
PARCEL_006,MILL_WEST,sugarcane,5.67,2026-02-11,2026-01-24,0.087,false,17.2,0.0,OK
PARCEL_006,MILL_WEST,sugarcane,5.67,2026-02-11,2026-01-25,0.104,false,17.2,0.0,OK
PARCEL_006,MILL_WEST,sugarcane,5.67,2026-02-11,2026-01-26,0.196,false,22.3,0.0,OK
PARCEL_006,MILL_WEST,sugarcane,5.67,2026-02-11,2026-01-27,0.11,false,17.4,2.5,OK
PARCEL_006,MILL_WEST,sugarcane,5.67,2026-02-11,2026-01-28,0.065,false,27.2,0.0,UNKNOWN
PARCEL_006,MILL_WEST,sugarcane,5.67,2026-02-11,2026-01-29,,true,31.3,0.0,ERROR
PARCEL_006,MILL_WEST,sugarcane,5.67,2026-02-11,2026-01-30,0.035,false,23.1,0.0,OK
PARCEL_006,MILL_WEST,sugarcane,5.67,2026-02-11,2026-01-31,0.215,false,32.0,0.0,OK
PARCEL_006,MILL_WEST,sugarcane,5.67,2026-02-11,2026-02-01,0.217,false,28.1,0.0,OK
PARCEL_006,MILL_WEST,sugarcane,5.67,2026-02-11,2026-02-02,0.145,false,20.3,0.0,OK
PARCEL_006,MILL_WEST,sugarcane,5.67,2026-02-11,2026-02-05,0.222,false,22.9,0.0,OK
PARCEL_006,MILL_WEST,sugarcane,5.67,2026-02-11,2026-02-07,0.224,false,28.5,0.0,OK
PARCEL_006,MILL_WEST,sugarcane,5.67,2026-02-11,2026-02-08,0.211,false,15.9,0.0,ERROR
PARCEL_006,MILL_WEST,sugarcane,5.67,2026-02-11,2026-02-09,0.138,false,30.9,0.0,OK
PARCEL_006,MILL_WEST,sugarcane,5.67,2026-02-11,2026-02-10,0.28,false,26.7,0.0,OK
PARCEL_006,MILL_WEST,sugarcane,5.67,2026-02-11,2026-02-11,0.276,false,27.2,0.0,OK
PARCEL_006,MILL_WEST,sugarcane,5.67,2026-02-11,2026-02-13,0.245,false,22.7,0.0,OK
PARCEL_006,MILL_WEST,sugarcane,5.67,2026-02-11,2026-02-14,0.358,false,16.5,1.8,OK
PARCEL_006,MILL_WEST,sugarcane,5.67,2026-02-11,2026-02-15,0.44,false,26.1,3.6,OK
PARCEL_006,MILL_WEST,sugarcane,5.67,2026-02-11,2026-02-16,0.195,false,21.7,0.0,OK
PARCEL_006,MILL_WEST,sugarcane,5.67,2026-02-11,2026-02-17,0.253,false,25.3,0.0,OK
PARCEL_006,MILL_WEST,sugarcane,5.67,2026-02-11,2026-02-18,0.161,false,16.9,0.0,OK
PARCEL_006,MILL_WEST,sugarcane,5.67,2026-02-11,2026-02-19,0.3,false,27.9,0.0,OK
PARCEL_006,MILL_WEST,sugarcane,5.67,2026-02-11,2026-02-20,0.29,false,22.3,1.2,OK
PARCEL_006,MILL_WEST,sugarcane,5.67,2026-02-11,2026-02-21,0.246,false,25.7,0.0,OK
PARCEL_006,MILL_WEST,sugarcane,5.67,2026-02-11,2026-02-22,0.266,false,25.4,0.0,OK
PARCEL_006,MILL_WEST,sugarcane,5.67,2026-02-11,2026-02-23,0.468,false,34.1,0.0,OK
PARCEL_006,MILL_WEST,sugarcane,5.67,2026-02-11,2026-02-24,0.3,false,30.7,0.0,OK
PARCEL_006,MILL_WEST,sugarcane,5.67,2026-02-11,2026-02-25,0.407,false,18.6,0.0,OK
PARCEL_006,MILL_WEST,sugarcane,5.67,2026-02-11,2026-02-27,0.319,false,25.1,0.0,OK
PARCEL_006,MILL_WEST,sugarcane,5.67,2026-02-11,2026-02-28,0.217,false,26.4,0.0,OK
PARCEL_006,MILL_WEST,sugarcane,5.67,2026-02-11,2026-03-02,0.239,false,21.4,10.2,OK
PARCEL_006,MILL_WEST,sugarcane,5.67,2026-02-11,2026-03-03,0.381,false,20.2,0.0,OK
PARCEL_006,MILL_WEST,sugarcane,5.67,2026-02-11,2026-03-04,0.336,false,17.2,0.0,OK
PARCEL_006,MILL_WEST,sugarcane,5.67,2026-02-11,2026-03-05,0.392,false,30.3,0.0,OK
PARCEL_006,MILL_WEST,sugarcane,5.67,2026-02-11,2026-03-06,0.313,false,26.1,0.0,OK
PARCEL_006,MILL_WEST,sugarcane,5.67,2026-02-11,2026-03-07,0.257,false,31.1,0.0,OK
PARCEL_006,MILL_WEST,sugarcane,5.67,2026-02-11,2026-03-09,0.407,false,16.6,0.0,OK
PARCEL_006,MILL_WEST,sugarcane,5.67,2026-02-11,2026-03-10,,true,26.2,0.0,ERROR
PARCEL_006,MILL_WEST,sugarcane,5.67,2026-02-11,2026-03-11,0.285,false,33.8,0.0,ERROR
PARCEL_006,MILL_WEST,sugarcane,5.67,2026-02-11,2026-03-13,0.799,false,30.2,0.0,OK
PARCEL_006,MILL_WEST,sugarcane,5.67,2026-02-11,2026-03-14,0.597,false,23.9,0.0,OK
PARCEL_006,MILL_WEST,sugarcane,5.67,2026-02-11,2026-03-15,,true,19.2,0.0,ERROR
PARCEL_006,MILL_WEST,sugarcane,5.67,2026-02-11,2026-03-16,0.882,false,32.4,0.0,OK
PARCEL_006,MILL_WEST,sugarcane,5.67,2026-02-11,2026-03-17,0.554,false,29.2,0.0,OK
PARCEL_006,MILL_WEST,sugarcane,5.67,2026-02-11,2026-03-18,0.911,false,20.0,0.0,UNKNOWN
PARCEL_006,MILL_WEST,sugarcane,5.67,2026-02-11,2026-03-19,0.574,false,29.5,0.0,OK
PARCEL_006,MILL_WEST,sugarcane,5.67,2026-02-11,2026-03-20,0.616,false,29.9,0.0,UNKNOWN
PARCEL_006,MILL_WEST,sugarcane,5.67,2026-02-11,2026-03-21,0.697,false,20.8,0.0,OK
PARCEL_006,MILL_WEST,sugarcane,5.67,2026-02-11,2026-03-22,0.767,false,30.0,5.0,OK
PARCEL_006,MILL_WEST,sugarcane,5.67,2026-02-11,2026-03-23,0.705,false,27.2,0.0,OK
PARCEL_006,MILL_WEST,sugarcane,5.67,2026-02-11,2026-03-24,0.681,false,24.0,0.0,OK
PARCEL_006,MILL_WEST,sugarcane,5.67,2026-02-11,2026-03-25,0.739,false,22.6,0.0,OK
PARCEL_006,MILL_WEST,sugarcane,5.67,2026-02-11,2026-03-26,0.503,false,35.0,0.0,OK
PARCEL_006,MILL_WEST,sugarcane,5.67,2026-02-11,2026-03-27,0.6,false,25.4,0.0,OK
PARCEL_006,MILL_WEST,sugarcane,5.67,2026-02-11,2026-03-28,0.574,false,25.5,0.0,OK
PARCEL_006,MILL_WEST,sugarcane,5.67,2026-02-11,2026-03-29,0.757,false,32.1,0.0,OK
PARCEL_006,MILL_WEST,sugarcane,5.67,2026-02-11,2026-03-30,0.758,false,34.0,0.0,OK
PARCEL_006,MILL_WEST,sugarcane,5.67,2026-02-11,2026-03-31,0.671,false,18.8,0.0,OK
PARCEL_006,MILL_WEST,sugarcane,5.67,2026-02-11,2026-04-01,0.795,false,17.7,0.0,OK
PARCEL_006,MILL_WEST,sugarcane,5.67,2026-02-11,2026-04-02,0.78,false,30.5,0.0,OK
PARCEL_006,MILL_WEST,sugarcane,5.67,2026-02-11,2026-04-03,0.555,false,33.9,0.0,OK
PARCEL_006,MILL_WEST,sugarcane,5.67,2026-02-11,2026-04-04,,true,34.1,4.7,ERROR
PARCEL_006,MILL_WEST,sugarcane,5.67,2026-02-11,2026-04-05,0.74,false,27.9,0.0,UNKNOWN
PARCEL_006,MILL_WEST,sugarcane,5.67,2026-02-11,2026-04-06,0.648,false,31.5,0.0,OK
PARCEL_006,MILL_WEST,sugarcane,5.67,2026-02-11,2026-04-07,0.629,false,15.9,0.0,OK
PARCEL_006,MILL_WEST,sugarcane,5.67,2026-02-11,2026-04-08,0.569,false,30.2,0.0,UNKNOWN
PARCEL_006,MILL_WEST,sugarcane,5.67,2026-02-11,2026-04-09,0.79,false,25.3,0.0,OK
PARCEL_006,MILL_WEST,sugarcane,5.67,2026-02-11,2026-04-10,0.753,false,24.0,0.0,OK
PARCEL_006,MILL_WEST,sugarcane,5.67,2026-02-11,2026-04-11,0.526,false,26.0,2.2,OK
PARCEL_006,MILL_WEST,sugarcane,5.67,2026-02-11,2026-04-12,0.667,false,26.0,0.0,OK
PARCEL_006,MILL_WEST,sugarcane,5.67,2026-02-11,2026-04-13,0.738,false,26.9,5.3,OK
PARCEL_006,MILL_WEST,sugarcane,5.67,2026-02-11,2026-04-14,0.762,false,23.3,4.3,ERROR
PARCEL_006,MILL_WEST,sugarcane,5.67,2026-02-11,2026-04-15,0.701,false,33.8,0.0,OK
PARCEL_006,MILL_WEST,sugarcane,5.67,2026-02-11,2026-04-16,0.709,false,24.2,1.5,OK
PARCEL_006,MILL_WEST,sugarcane,5.67,2026-02-11,2026-04-17,0.778,false,30.0,0.0,OK
PARCEL_006,MILL_WEST,sugarcane,5.67,2026-02-11,2026-04-18,0.76,false,18.2,0.4,OK
PARCEL_006,MILL_WEST,sugarcane,5.67,2026-02-11,2026-04-20,0.599,false,32.6,0.0,OK
PARCEL_006,MILL_WEST,sugarcane,5.67,2026-02-11,2026-04-21,0.681,false,33.5,0.0,OK
PARCEL_006,MILL_WEST,sugarcane,5.67,2026-02-11,2026-04-22,0.597,false,23.3,0.0,OK
PARCEL_006,MILL_WEST,sugarcane,5.67,2026-02-11,2026-04-23,0.789,false,27.0,0.0,OK
PARCEL_006,MILL_WEST,sugarcane,5.67,2026-02-11,2026-04-24,0.694,false,25.2,0.0,OK
PARCEL_006,MILL_WEST,sugarcane,5.67,2026-02-11,2026-04-26,0.592,false,24.9,0.0,ERROR
PARCEL_006,MILL_WEST,sugarcane,5.67,2026-02-11,2026-04-27,0.715,false,25.6,0.0,OK
PARCEL_006,MILL_WEST,sugarcane,5.67,2026-02-11,2026-04-28,0.701,false,33.1,0.0,OK
PARCEL_006,MILL_WEST,sugarcane,5.67,2026-02-11,2026-04-29,0.527,false,18.7,3.8,OK
PARCEL_006,MILL_WEST,sugarcane,5.67,2026-02-11,2026-04-30,0.508,false,34.3,0.0,OK
PARCEL_006,MILL_WEST,sugarcane,5.67,2026-02-11,2026-05-01,0.633,false,29.0,5.0,OK
PARCEL_006,MILL_WEST,sugarcane,5.67,2026-02-11,2026-05-02,0.673,false,25.2,0.0,OK
PARCEL_006,MILL_WEST,sugarcane,5.67,2026-02-11,2026-05-03,0.88,false,27.5,0.0,OK
PARCEL_006,MILL_WEST,sugarcane,5.67,2026-02-11,2026-05-04,0.863,false,27.6,0.0,OK
PARCEL_006,MILL_WEST,sugarcane,5.67,2026-02-11,2026-05-05,0.572,false,19.5,0.0,OK
PARCEL_006,MILL_WEST,sugarcane,5.67,2026-02-11,2026-05-06,0.838,false,31.8,5.1,OK
PARCEL_006,MILL_WEST,sugarcane,5.67,2026-02-11,2026-05-08,0.685,false,20.7,0.0,OK
PARCEL_006,MILL_WEST,sugarcane,5.67,2026-02-11,2026-05-09,0.739,false,31.1,0.0,UNKNOWN
PARCEL_006,MILL_WEST,sugarcane,5.67,2026-02-11,2026-05-11,0.601,false,31.5,0.0,OK
PARCEL_006,MILL_WEST,sugarcane,5.67,2026-02-11,2026-05-12,0.423,false,28.2,0.0,OK
PARCEL_006,MILL_WEST,sugarcane,5.67,2026-02-11,2026-05-13,0.483,false,21.3,0.0,OK
PARCEL_006,MILL_WEST,sugarcane,5.67,2026-02-11,2026-05-14,0.713,false,25.9,0.0,OK
PARCEL_006,MILL_WEST,sugarcane,5.67,2026-02-11,2026-05-15,0.639,false,28.4,0.0,ERROR
PARCEL_006,MILL_WEST,sugarcane,5.67,2026-02-11,2026-05-17,0.497,false,25.8,0.0,OK
PARCEL_006,MILL_WEST,sugarcane,5.67,2026-02-11,2026-05-18,0.49,false,15.8,0.0,OK
PARCEL_006,MILL_WEST,sugarcane,5.67,2026-02-11,2026-05-19,0.446,false,32.2,1.8,OK
PARCEL_006,MILL_WEST,sugarcane,5.67,2026-02-11,2026-05-20,0.53,false,22.1,1.8,OK
PARCEL_006,MILL_WEST,sugarcane,5.67,2026-02-11,2026-05-21,0.62,false,21.3,0.0,OK
PARCEL_006,MILL_WEST,sugarcane,5.67,2026-02-11,2026-05-22,0.591,false,17.4,0.0,OK
PARCEL_006,MILL_WEST,sugarcane,5.67,2026-02-11,2026-05-23,0.509,false,23.8,2.9,OK
PARCEL_006,MILL_WEST,sugarcane,5.67,2026-02-11,2026-05-24,0.586,false,27.0,0.0,UNKNOWN
PARCEL_006,MILL_WEST,sugarcane,5.67,2026-02-11,2026-05-25,0.452,false,25.0,0.0,UNKNOWN
PARCEL_006,MILL_WEST,sugarcane,5.67,2026-02-11,2026-05-26,0.539,false,22.7,0.0,OK
PARCEL_006,MILL_WEST,sugarcane,5.67,2026-02-11,2026-05-27,0.292,false,18.4,0.0,ERROR
PARCEL_006,MILL_WEST,sugarcane,5.67,2026-02-11,2026-05-28,0.532,false,21.4,6.4,OK
PARCEL_006,MILL_WEST,sugarcane,5.67,2026-02-11,2026-05-29,0.475,false,21.5,0.0,OK
PARCEL_006,MILL_WEST,sugarcane,5.67,2026-02-11,2026-05-30,0.456,false,18.0,0.0,OK
PARCEL_006,MILL_WEST,sugarcane,5.67,2026-02-11,2026-05-31,0.377,false,23.0,0.0,OK
PARCEL_007,MILL_NORTH,sugarcane,8.53,2026-01-18,2026-01-01,0.092,false,16.8,7.6,OK
PARCEL_007,MILL_NORTH,sugarcane,8.53,2026-01-18,2026-01-02,0.124,false,34.1,0.0,OK
PARCEL_007,MILL_NORTH,sugarcane,8.53,2026-01-18,2026-01-03,0.248,false,25.7,0.0,OK
PARCEL_007,MILL_NORTH,sugarcane,8.53,2026-01-18,2026-01-04,0.196,false,16.7,0.0,OK
PARCEL_007,MILL_NORTH,sugarcane,8.53,2026-01-18,2026-01-05,0.156,false,25.6,0.0,OK
PARCEL_007,MILL_NORTH,sugarcane,8.53,2026-01-18,2026-01-06,0.137,false,30.4,7.8,OK
PARCEL_007,MILL_NORTH,sugarcane,8.53,2026-01-18,2026-01-07,0.122,false,17.0,4.4,OK
PARCEL_007,MILL_NORTH,sugarcane,8.53,2026-01-18,2026-01-08,0.111,false,25.2,0.0,ERROR
PARCEL_007,MILL_NORTH,sugarcane,8.53,2026-01-18,2026-01-09,0.142,false,32.8,3.6,OK
PARCEL_007,MILL_NORTH,sugarcane,8.53,2026-01-18,2026-01-10,0.128,false,27.8,2.9,ERROR
PARCEL_007,MILL_NORTH,sugarcane,8.53,2026-01-18,2026-01-11,0.305,false,15.9,0.0,UNKNOWN
PARCEL_007,MILL_NORTH,sugarcane,8.53,2026-01-18,2026-01-13,0.157,false,27.1,0.0,OK
PARCEL_007,MILL_NORTH,sugarcane,8.53,2026-01-18,2026-01-14,0.255,false,26.4,0.0,OK
PARCEL_007,MILL_NORTH,sugarcane,8.53,2026-01-18,2026-01-15,0.165,false,23.8,0.0,ERROR
PARCEL_007,MILL_NORTH,sugarcane,8.53,2026-01-18,2026-01-16,0.236,false,28.4,0.0,OK
PARCEL_007,MILL_NORTH,sugarcane,8.53,2026-01-18,2026-01-17,,true,33.6,0.0,ERROR
PARCEL_007,MILL_NORTH,sugarcane,8.53,2026-01-18,2026-01-18,0.373,false,31.8,0.0,OK
PARCEL_007,MILL_NORTH,sugarcane,8.53,2026-01-18,2026-01-19,,true,18.7,0.0,ERROR
PARCEL_007,MILL_NORTH,sugarcane,8.53,2026-01-18,2026-01-21,0.417,false,27.4,0.0,OK
PARCEL_007,MILL_NORTH,sugarcane,8.53,2026-01-18,2026-01-22,0.287,false,33.3,0.0,OK
PARCEL_007,MILL_NORTH,sugarcane,8.53,2026-01-18,2026-01-23,0.365,false,26.2,0.0,OK
PARCEL_007,MILL_NORTH,sugarcane,8.53,2026-01-18,2026-01-25,0.192,false,20.4,0.0,OK
PARCEL_007,MILL_NORTH,sugarcane,8.53,2026-01-18,2026-01-26,0.446,false,25.9,1.7,OK
PARCEL_007,MILL_NORTH,sugarcane,8.53,2026-01-18,2026-01-27,0.548,false,23.9,0.0,OK
PARCEL_007,MILL_NORTH,sugarcane,8.53,2026-01-18,2026-01-28,,true,32.9,1.3,ERROR
PARCEL_007,MILL_NORTH,sugarcane,8.53,2026-01-18,2026-01-29,,true,33.6,1.3,ERROR
PARCEL_007,MILL_NORTH,sugarcane,8.53,2026-01-18,2026-01-30,0.456,false,31.9,0.0,OK
PARCEL_007,MILL_NORTH,sugarcane,8.53,2026-01-18,2026-01-31,0.354,false,17.8,0.0,ERROR
PARCEL_007,MILL_NORTH,sugarcane,8.53,2026-01-18,2026-02-02,0.461,false,24.1,0.0,OK
PARCEL_007,MILL_NORTH,sugarcane,8.53,2026-01-18,2026-02-03,0.257,false,30.3,3.2,OK
PARCEL_007,MILL_NORTH,sugarcane,8.53,2026-01-18,2026-02-04,0.449,false,22.1,0.0,OK
PARCEL_007,MILL_NORTH,sugarcane,8.53,2026-01-18,2026-02-05,0.178,false,27.2,2.6,OK
PARCEL_007,MILL_NORTH,sugarcane,8.53,2026-01-18,2026-02-06,0.349,false,24.2,2.4,OK
PARCEL_007,MILL_NORTH,sugarcane,8.53,2026-01-18,2026-02-07,0.261,false,33.0,0.0,OK
PARCEL_007,MILL_NORTH,sugarcane,8.53,2026-01-18,2026-02-08,0.138,false,16.5,0.0,OK
PARCEL_007,MILL_NORTH,sugarcane,8.53,2026-01-18,2026-02-09,0.211,false,33.5,0.0,OK
PARCEL_007,MILL_NORTH,sugarcane,8.53,2026-01-18,2026-02-10,0.318,false,34.6,0.0,OK
PARCEL_007,MILL_NORTH,sugarcane,8.53,2026-01-18,2026-02-11,0.268,false,19.7,2.5,OK
PARCEL_007,MILL_NORTH,sugarcane,8.53,2026-01-18,2026-02-12,0.319,false,30.1,6.9,OK
PARCEL_007,MILL_NORTH,sugarcane,8.53,2026-01-18,2026-02-13,0.411,false,19.2,0.0,OK
PARCEL_007,MILL_NORTH,sugarcane,8.53,2026-01-18,2026-02-14,,true,22.1,0.0,ERROR
PARCEL_007,MILL_NORTH,sugarcane,8.53,2026-01-18,2026-02-15,0.369,false,22.1,0.0,OK
PARCEL_007,MILL_NORTH,sugarcane,8.53,2026-01-18,2026-02-16,0.369,false,24.0,0.0,OK
PARCEL_007,MILL_NORTH,sugarcane,8.53,2026-01-18,2026-02-17,0.695,false,24.0,0.0,UNKNOWN
PARCEL_007,MILL_NORTH,sugarcane,8.53,2026-01-18,2026-02-18,0.553,false,20.3,0.0,OK
PARCEL_007,MILL_NORTH,sugarcane,8.53,2026-01-18,2026-02-19,0.684,false,31.2,0.0,OK
PARCEL_007,MILL_NORTH,sugarcane,8.53,2026-01-18,2026-02-20,0.576,false,25.8,0.9,OK
PARCEL_007,MILL_NORTH,sugarcane,8.53,2026-01-18,2026-02-21,0.682,false,31.2,0.0,OK
PARCEL_007,MILL_NORTH,sugarcane,8.53,2026-01-18,2026-02-22,0.572,false,18.5,0.0,OK
PARCEL_007,MILL_NORTH,sugarcane,8.53,2026-01-18,2026-02-23,0.728,false,20.0,0.0,OK
PARCEL_007,MILL_NORTH,sugarcane,8.53,2026-01-18,2026-02-24,0.628,false,15.9,0.0,OK
PARCEL_007,MILL_NORTH,sugarcane,8.53,2026-01-18,2026-02-25,0.681,false,20.9,1.5,OK
PARCEL_007,MILL_NORTH,sugarcane,8.53,2026-01-18,2026-02-26,0.753,false,30.8,0.0,OK
PARCEL_007,MILL_NORTH,sugarcane,8.53,2026-01-18,2026-02-27,0.848,false,26.3,2.4,OK
PARCEL_007,MILL_NORTH,sugarcane,8.53,2026-01-18,2026-02-28,0.737,false,15.7,0.0,OK
PARCEL_007,MILL_NORTH,sugarcane,8.53,2026-01-18,2026-03-01,0.62,false,26.5,0.0,OK
PARCEL_007,MILL_NORTH,sugarcane,8.53,2026-01-18,2026-03-02,0.745,false,34.3,0.0,OK
PARCEL_007,MILL_NORTH,sugarcane,8.53,2026-01-18,2026-03-03,0.784,false,25.4,0.0,OK
PARCEL_007,MILL_NORTH,sugarcane,8.53,2026-01-18,2026-03-04,0.856,false,29.3,0.0,OK
PARCEL_007,MILL_NORTH,sugarcane,8.53,2026-01-18,2026-03-05,0.687,false,31.4,0.0,OK
PARCEL_007,MILL_NORTH,sugarcane,8.53,2026-01-18,2026-03-06,0.526,false,22.0,0.0,OK
PARCEL_007,MILL_NORTH,sugarcane,8.53,2026-01-18,2026-03-07,0.64,false,32.0,0.0,OK
PARCEL_007,MILL_NORTH,sugarcane,8.53,2026-01-18,2026-03-08,0.596,false,24.6,0.0,OK
PARCEL_007,MILL_NORTH,sugarcane,8.53,2026-01-18,2026-03-09,0.906,false,18.0,0.0,OK
PARCEL_007,MILL_NORTH,sugarcane,8.53,2026-01-18,2026-03-10,0.777,false,28.8,8.9,OK
PARCEL_007,MILL_NORTH,sugarcane,8.53,2026-01-18,2026-03-11,0.734,false,24.4,0.0,OK
PARCEL_007,MILL_NORTH,sugarcane,8.53,2026-01-18,2026-03-12,0.844,false,24.7,6.8,ERROR
PARCEL_007,MILL_NORTH,sugarcane,8.53,2026-01-18,2026-03-13,0.773,false,31.7,2.0,OK
PARCEL_007,MILL_NORTH,sugarcane,8.53,2026-01-18,2026-03-14,0.828,false,23.3,0.0,OK
PARCEL_007,MILL_NORTH,sugarcane,8.53,2026-01-18,2026-03-15,0.704,false,29.9,0.0,OK
PARCEL_007,MILL_NORTH,sugarcane,8.53,2026-01-18,2026-03-16,0.64,false,22.0,0.0,OK
PARCEL_007,MILL_NORTH,sugarcane,8.53,2026-01-18,2026-03-18,0.827,false,23.1,0.0,ERROR
PARCEL_007,MILL_NORTH,sugarcane,8.53,2026-01-18,2026-03-19,0.564,false,24.7,0.0,OK
PARCEL_007,MILL_NORTH,sugarcane,8.53,2026-01-18,2026-03-20,0.684,false,27.6,8.5,OK
PARCEL_007,MILL_NORTH,sugarcane,8.53,2026-01-18,2026-03-21,0.546,false,19.0,0.0,UNKNOWN
PARCEL_007,MILL_NORTH,sugarcane,8.53,2026-01-18,2026-03-22,0.847,false,28.3,0.0,ERROR
PARCEL_007,MILL_NORTH,sugarcane,8.53,2026-01-18,2026-03-23,,true,20.5,0.0,ERROR
PARCEL_007,MILL_NORTH,sugarcane,8.53,2026-01-18,2026-03-24,0.838,false,31.4,0.0,OK
PARCEL_007,MILL_NORTH,sugarcane,8.53,2026-01-18,2026-03-25,0.618,false,19.6,0.0,OK
PARCEL_007,MILL_NORTH,sugarcane,8.53,2026-01-18,2026-03-26,0.542,false,28.6,2.7,OK
PARCEL_007,MILL_NORTH,sugarcane,8.53,2026-01-18,2026-03-28,0.708,false,30.8,0.0,UNKNOWN
PARCEL_007,MILL_NORTH,sugarcane,8.53,2026-01-18,2026-03-29,0.662,false,28.1,0.0,OK
PARCEL_007,MILL_NORTH,sugarcane,8.53,2026-01-18,2026-03-30,0.67,false,32.5,0.0,OK
PARCEL_007,MILL_NORTH,sugarcane,8.53,2026-01-18,2026-03-31,0.75,false,35.3,7.3,OK
PARCEL_007,MILL_NORTH,sugarcane,8.53,2026-01-18,2026-04-01,0.764,false,23.0,1.0,OK
PARCEL_007,MILL_NORTH,sugarcane,8.53,2026-01-18,2026-04-02,0.807,false,22.1,0.0,OK
PARCEL_007,MILL_NORTH,sugarcane,8.53,2026-01-18,2026-04-03,0.742,false,32.4,0.0,OK
PARCEL_007,MILL_NORTH,sugarcane,8.53,2026-01-18,2026-04-04,0.635,false,29.2,0.0,OK
PARCEL_007,MILL_NORTH,sugarcane,8.53,2026-01-18,2026-04-05,0.565,false,19.3,0.0,OK
PARCEL_007,MILL_NORTH,sugarcane,8.53,2026-01-18,2026-04-06,0.785,false,34.1,7.7,OK
PARCEL_007,MILL_NORTH,sugarcane,8.53,2026-01-18,2026-04-07,0.663,false,21.2,0.0,OK
PARCEL_007,MILL_NORTH,sugarcane,8.53,2026-01-18,2026-04-09,0.696,false,25.6,0.0,OK
PARCEL_007,MILL_NORTH,sugarcane,8.53,2026-01-18,2026-04-11,0.853,false,30.7,0.0,OK
PARCEL_007,MILL_NORTH,sugarcane,8.53,2026-01-18,2026-04-12,0.643,false,27.6,3.1,OK
PARCEL_007,MILL_NORTH,sugarcane,8.53,2026-01-18,2026-04-13,0.473,false,25.3,0.0,ERROR
PARCEL_007,MILL_NORTH,sugarcane,8.53,2026-01-18,2026-04-14,0.571,false,33.2,0.0,OK
PARCEL_007,MILL_NORTH,sugarcane,8.53,2026-01-18,2026-04-15,0.848,false,22.5,0.0,OK
PARCEL_007,MILL_NORTH,sugarcane,8.53,2026-01-18,2026-04-16,0.595,false,20.4,0.0,ERROR
PARCEL_007,MILL_NORTH,sugarcane,8.53,2026-01-18,2026-04-17,0.74,false,29.1,6.4,OK
PARCEL_007,MILL_NORTH,sugarcane,8.53,2026-01-18,2026-04-19,0.637,false,27.2,0.0,OK
PARCEL_007,MILL_NORTH,sugarcane,8.53,2026-01-18,2026-04-20,0.451,false,21.5,0.0,OK
PARCEL_007,MILL_NORTH,sugarcane,8.53,2026-01-18,2026-04-21,0.66,false,28.2,0.0,OK
PARCEL_007,MILL_NORTH,sugarcane,8.53,2026-01-18,2026-04-22,,true,21.6,0.0,ERROR
PARCEL_007,MILL_NORTH,sugarcane,8.53,2026-01-18,2026-04-23,0.463,false,25.2,0.0,OK
PARCEL_007,MILL_NORTH,sugarcane,8.53,2026-01-18,2026-04-24,0.65,false,31.6,10.1,OK
PARCEL_007,MILL_NORTH,sugarcane,8.53,2026-01-18,2026-04-25,0.413,false,17.2,2.9,OK
PARCEL_007,MILL_NORTH,sugarcane,8.53,2026-01-18,2026-04-27,0.691,false,28.8,0.0,OK
PARCEL_007,MILL_NORTH,sugarcane,8.53,2026-01-18,2026-04-28,0.594,false,25.2,0.0,OK
PARCEL_007,MILL_NORTH,sugarcane,8.53,2026-01-18,2026-04-29,0.485,false,20.2,0.0,OK
PARCEL_007,MILL_NORTH,sugarcane,8.53,2026-01-18,2026-04-30,0.743,false,23.5,0.0,OK
PARCEL_007,MILL_NORTH,sugarcane,8.53,2026-01-18,2026-05-01,0.612,false,31.7,0.0,OK
PARCEL_007,MILL_NORTH,sugarcane,8.53,2026-01-18,2026-05-02,0.582,false,31.7,1.1,OK
PARCEL_007,MILL_NORTH,sugarcane,8.53,2026-01-18,2026-05-03,0.494,false,27.7,0.0,OK
PARCEL_007,MILL_NORTH,sugarcane,8.53,2026-01-18,2026-05-04,0.725,false,21.3,0.0,OK
PARCEL_007,MILL_NORTH,sugarcane,8.53,2026-01-18,2026-05-05,0.613,false,21.4,0.0,OK
PARCEL_007,MILL_NORTH,sugarcane,8.53,2026-01-18,2026-05-06,0.499,false,28.7,3.6,OK
PARCEL_007,MILL_NORTH,sugarcane,8.53,2026-01-18,2026-05-07,0.529,false,34.0,0.0,OK
PARCEL_007,MILL_NORTH,sugarcane,8.53,2026-01-18,2026-05-08,0.689,false,26.1,0.0,OK
PARCEL_007,MILL_NORTH,sugarcane,8.53,2026-01-18,2026-05-09,0.649,false,27.4,0.0,OK
PARCEL_007,MILL_NORTH,sugarcane,8.53,2026-01-18,2026-05-10,0.502,false,31.6,0.0,OK
PARCEL_007,MILL_NORTH,sugarcane,8.53,2026-01-18,2026-05-11,0.68,false,22.7,0.0,UNKNOWN
PARCEL_007,MILL_NORTH,sugarcane,8.53,2026-01-18,2026-05-12,0.432,false,23.1,0.0,OK
PARCEL_007,MILL_NORTH,sugarcane,8.53,2026-01-18,2026-05-13,0.579,false,15.6,0.0,OK
PARCEL_007,MILL_NORTH,sugarcane,8.53,2026-01-18,2026-05-14,0.591,false,18.3,1.9,OK
PARCEL_007,MILL_NORTH,sugarcane,8.53,2026-01-18,2026-05-15,0.509,false,20.8,0.0,OK
PARCEL_007,MILL_NORTH,sugarcane,8.53,2026-01-18,2026-05-16,0.775,false,18.4,0.0,OK
PARCEL_007,MILL_NORTH,sugarcane,8.53,2026-01-18,2026-05-17,0.71,false,30.9,0.0,OK
PARCEL_007,MILL_NORTH,sugarcane,8.53,2026-01-18,2026-05-18,0.497,false,23.8,0.0,OK
PARCEL_007,MILL_NORTH,sugarcane,8.53,2026-01-18,2026-05-19,0.491,false,33.8,0.0,OK
PARCEL_007,MILL_NORTH,sugarcane,8.53,2026-01-18,2026-05-20,0.77,false,21.4,0.0,OK
PARCEL_007,MILL_NORTH,sugarcane,8.53,2026-01-18,2026-05-21,0.502,false,31.4,0.0,OK
PARCEL_007,MILL_NORTH,sugarcane,8.53,2026-01-18,2026-05-22,0.647,false,23.9,0.0,OK
PARCEL_007,MILL_NORTH,sugarcane,8.53,2026-01-18,2026-05-23,0.39,false,24.0,1.6,OK
PARCEL_007,MILL_NORTH,sugarcane,8.53,2026-01-18,2026-05-24,0.465,false,30.2,0.0,OK
PARCEL_007,MILL_NORTH,sugarcane,8.53,2026-01-18,2026-05-25,0.465,false,28.4,0.0,OK
PARCEL_007,MILL_NORTH,sugarcane,8.53,2026-01-18,2026-05-26,0.617,false,26.7,2.8,OK
PARCEL_007,MILL_NORTH,sugarcane,8.53,2026-01-18,2026-05-27,0.534,false,17.3,4.1,UNKNOWN
PARCEL_007,MILL_NORTH,sugarcane,8.53,2026-01-18,2026-05-29,0.583,false,25.7,0.0,OK
PARCEL_007,MILL_NORTH,sugarcane,8.53,2026-01-18,2026-05-30,0.636,false,33.2,0.0,OK
PARCEL_007,MILL_NORTH,sugarcane,8.53,2026-01-18,2026-05-31,0.444,false,18.5,0.0,OK
PARCEL_008,MILL_EAST,sugarcane,2.98,2026-01-22,2026-01-01,0.31,false,28.2,11.7,OK
PARCEL_008,MILL_EAST,sugarcane,2.98,2026-01-22,2026-01-02,0.217,false,21.3,0.0,UNKNOWN
PARCEL_008,MILL_EAST,sugarcane,2.98,2026-01-22,2026-01-04,0.18,false,18.8,7.0,OK
PARCEL_008,MILL_EAST,sugarcane,2.98,2026-01-22,2026-01-05,0.084,false,16.5,0.0,OK
PARCEL_008,MILL_EAST,sugarcane,2.98,2026-01-22,2026-01-06,0.277,false,25.8,0.6,OK
PARCEL_008,MILL_EAST,sugarcane,2.98,2026-01-22,2026-01-07,0.06,false,27.2,0.0,OK
PARCEL_008,MILL_EAST,sugarcane,2.98,2026-01-22,2026-01-09,0.129,false,26.0,3.4,OK
PARCEL_008,MILL_EAST,sugarcane,2.98,2026-01-22,2026-01-10,0.231,false,22.6,0.0,OK
PARCEL_008,MILL_EAST,sugarcane,2.98,2026-01-22,2026-01-11,0.216,false,21.2,0.0,OK
PARCEL_008,MILL_EAST,sugarcane,2.98,2026-01-22,2026-01-12,0.1,false,18.5,0.0,OK
PARCEL_008,MILL_EAST,sugarcane,2.98,2026-01-22,2026-01-13,0.113,false,27.0,0.0,OK
PARCEL_008,MILL_EAST,sugarcane,2.98,2026-01-22,2026-01-14,0.158,false,29.8,4.8,OK
PARCEL_008,MILL_EAST,sugarcane,2.98,2026-01-22,2026-01-15,0.183,false,34.9,0.0,OK
PARCEL_008,MILL_EAST,sugarcane,2.98,2026-01-22,2026-01-16,0.202,false,31.4,0.0,ERROR
PARCEL_008,MILL_EAST,sugarcane,2.98,2026-01-22,2026-01-19,0.25,false,30.0,0.0,OK
PARCEL_008,MILL_EAST,sugarcane,2.98,2026-01-22,2026-01-20,0.191,false,29.8,0.0,OK
PARCEL_008,MILL_EAST,sugarcane,2.98,2026-01-22,2026-01-21,0.079,false,30.1,0.0,OK
PARCEL_008,MILL_EAST,sugarcane,2.98,2026-01-22,2026-01-22,0.364,false,31.7,0.0,OK
PARCEL_008,MILL_EAST,sugarcane,2.98,2026-01-22,2026-01-23,0.414,false,19.7,0.0,OK
PARCEL_008,MILL_EAST,sugarcane,2.98,2026-01-22,2026-01-24,0.278,false,33.5,3.4,OK
PARCEL_008,MILL_EAST,sugarcane,2.98,2026-01-22,2026-01-25,0.292,false,26.6,8.4,OK
PARCEL_008,MILL_EAST,sugarcane,2.98,2026-01-22,2026-01-26,0.141,false,25.0,0.0,OK
PARCEL_008,MILL_EAST,sugarcane,2.98,2026-01-22,2026-01-28,0.262,false,22.3,0.3,OK
PARCEL_008,MILL_EAST,sugarcane,2.98,2026-01-22,2026-01-29,0.24,false,28.4,0.0,OK
PARCEL_008,MILL_EAST,sugarcane,2.98,2026-01-22,2026-01-30,0.335,false,32.0,0.0,OK
PARCEL_008,MILL_EAST,sugarcane,2.98,2026-01-22,2026-01-31,0.252,false,23.1,0.0,OK
PARCEL_008,MILL_EAST,sugarcane,2.98,2026-01-22,2026-02-01,0.488,false,25.2,0.0,OK
PARCEL_008,MILL_EAST,sugarcane,2.98,2026-01-22,2026-02-02,0.421,false,30.1,0.0,OK
PARCEL_008,MILL_EAST,sugarcane,2.98,2026-01-22,2026-02-03,0.362,false,16.3,0.0,OK
PARCEL_008,MILL_EAST,sugarcane,2.98,2026-01-22,2026-02-04,0.277,false,16.9,0.0,OK
PARCEL_008,MILL_EAST,sugarcane,2.98,2026-01-22,2026-02-05,0.222,false,28.6,0.0,OK
PARCEL_008,MILL_EAST,sugarcane,2.98,2026-01-22,2026-02-06,0.43,false,19.1,0.0,OK
PARCEL_008,MILL_EAST,sugarcane,2.98,2026-01-22,2026-02-07,0.278,false,15.7,4.1,ERROR
PARCEL_008,MILL_EAST,sugarcane,2.98,2026-01-22,2026-02-08,0.228,false,25.5,0.0,OK
PARCEL_008,MILL_EAST,sugarcane,2.98,2026-01-22,2026-02-09,0.353,false,21.7,3.3,OK
PARCEL_008,MILL_EAST,sugarcane,2.98,2026-01-22,2026-02-10,0.229,false,19.0,0.0,OK
PARCEL_008,MILL_EAST,sugarcane,2.98,2026-01-22,2026-02-12,0.375,false,22.6,0.0,OK
PARCEL_008,MILL_EAST,sugarcane,2.98,2026-01-22,2026-02-13,0.368,false,33.1,1.9,OK
PARCEL_008,MILL_EAST,sugarcane,2.98,2026-01-22,2026-02-14,0.351,false,33.9,0.0,OK
PARCEL_008,MILL_EAST,sugarcane,2.98,2026-01-22,2026-02-15,0.198,false,19.2,0.0,OK
PARCEL_008,MILL_EAST,sugarcane,2.98,2026-01-22,2026-02-16,0.487,false,29.7,0.0,OK
PARCEL_008,MILL_EAST,sugarcane,2.98,2026-01-22,2026-02-17,0.172,false,27.4,0.0,OK
PARCEL_008,MILL_EAST,sugarcane,2.98,2026-01-22,2026-02-18,0.371,false,29.1,0.0,OK
PARCEL_008,MILL_EAST,sugarcane,2.98,2026-01-22,2026-02-19,,true,27.5,7.2,ERROR
PARCEL_008,MILL_EAST,sugarcane,2.98,2026-01-22,2026-02-20,0.269,false,17.8,0.0,OK
PARCEL_008,MILL_EAST,sugarcane,2.98,2026-01-22,2026-02-21,0.803,false,16.4,0.0,OK
PARCEL_008,MILL_EAST,sugarcane,2.98,2026-01-22,2026-02-22,0.717,false,29.5,0.0,OK
PARCEL_008,MILL_EAST,sugarcane,2.98,2026-01-22,2026-02-23,0.582,false,31.7,0.0,OK
PARCEL_008,MILL_EAST,sugarcane,2.98,2026-01-22,2026-02-24,0.797,false,31.0,1.1,OK
PARCEL_008,MILL_EAST,sugarcane,2.98,2026-01-22,2026-02-25,0.653,false,19.8,0.0,OK
PARCEL_008,MILL_EAST,sugarcane,2.98,2026-01-22,2026-02-26,0.612,false,33.5,0.0,OK
PARCEL_008,MILL_EAST,sugarcane,2.98,2026-01-22,2026-02-27,0.688,false,15.8,0.0,OK
PARCEL_008,MILL_EAST,sugarcane,2.98,2026-01-22,2026-03-02,0.845,false,26.0,0.0,OK
PARCEL_008,MILL_EAST,sugarcane,2.98,2026-01-22,2026-03-04,0.775,false,28.3,2.0,OK
PARCEL_008,MILL_EAST,sugarcane,2.98,2026-01-22,2026-03-05,0.858,false,17.6,0.0,OK
PARCEL_008,MILL_EAST,sugarcane,2.98,2026-01-22,2026-03-06,0.691,false,22.1,2.8,OK
PARCEL_008,MILL_EAST,sugarcane,2.98,2026-01-22,2026-03-07,0.831,false,25.7,0.0,OK
PARCEL_008,MILL_EAST,sugarcane,2.98,2026-01-22,2026-03-08,0.619,false,28.6,4.9,OK
PARCEL_008,MILL_EAST,sugarcane,2.98,2026-01-22,2026-03-09,0.803,false,21.1,0.1,OK
PARCEL_008,MILL_EAST,sugarcane,2.98,2026-01-22,2026-03-10,0.75,false,27.5,0.0,OK
PARCEL_008,MILL_EAST,sugarcane,2.98,2026-01-22,2026-03-11,0.743,false,28.7,0.0,OK
PARCEL_008,MILL_EAST,sugarcane,2.98,2026-01-22,2026-03-13,0.662,false,28.6,0.0,OK
PARCEL_008,MILL_EAST,sugarcane,2.98,2026-01-22,2026-03-14,0.458,false,21.0,0.0,OK
PARCEL_008,MILL_EAST,sugarcane,2.98,2026-01-22,2026-03-15,0.761,false,28.2,1.1,OK
PARCEL_008,MILL_EAST,sugarcane,2.98,2026-01-22,2026-03-16,0.663,false,17.2,0.0,OK
PARCEL_008,MILL_EAST,sugarcane,2.98,2026-01-22,2026-03-17,0.568,false,22.7,4.2,OK
PARCEL_008,MILL_EAST,sugarcane,2.98,2026-01-22,2026-03-18,0.62,false,32.5,0.0,OK
PARCEL_008,MILL_EAST,sugarcane,2.98,2026-01-22,2026-03-19,0.799,false,20.0,0.0,OK
PARCEL_008,MILL_EAST,sugarcane,2.98,2026-01-22,2026-03-20,0.775,false,24.0,6.2,OK
PARCEL_008,MILL_EAST,sugarcane,2.98,2026-01-22,2026-03-21,0.633,false,20.4,4.0,OK
PARCEL_008,MILL_EAST,sugarcane,2.98,2026-01-22,2026-03-22,0.789,false,24.9,0.0,OK
PARCEL_008,MILL_EAST,sugarcane,2.98,2026-01-22,2026-03-23,0.525,false,19.0,0.0,OK
PARCEL_008,MILL_EAST,sugarcane,2.98,2026-01-22,2026-03-24,0.76,false,21.6,7.2,ERROR
PARCEL_008,MILL_EAST,sugarcane,2.98,2026-01-22,2026-03-25,0.604,false,19.9,7.4,OK
PARCEL_008,MILL_EAST,sugarcane,2.98,2026-01-22,2026-03-26,0.663,false,32.0,7.3,OK
PARCEL_008,MILL_EAST,sugarcane,2.98,2026-01-22,2026-03-27,0.518,false,16.1,0.0,OK
PARCEL_008,MILL_EAST,sugarcane,2.98,2026-01-22,2026-03-28,0.575,false,16.1,0.2,UNKNOWN
PARCEL_008,MILL_EAST,sugarcane,2.98,2026-01-22,2026-03-29,0.6,false,35.1,0.0,UNKNOWN
PARCEL_008,MILL_EAST,sugarcane,2.98,2026-01-22,2026-03-30,0.866,false,29.6,0.0,OK
PARCEL_008,MILL_EAST,sugarcane,2.98,2026-01-22,2026-03-31,0.71,false,27.2,0.0,OK
PARCEL_008,MILL_EAST,sugarcane,2.98,2026-01-22,2026-04-01,0.558,false,31.6,0.0,OK
PARCEL_008,MILL_EAST,sugarcane,2.98,2026-01-22,2026-04-02,0.667,false,28.5,0.0,OK
PARCEL_008,MILL_EAST,sugarcane,2.98,2026-01-22,2026-04-03,0.711,false,31.0,0.0,OK
PARCEL_008,MILL_EAST,sugarcane,2.98,2026-01-22,2026-04-04,0.783,false,25.4,0.0,OK
PARCEL_008,MILL_EAST,sugarcane,2.98,2026-01-22,2026-04-05,0.803,false,21.8,0.0,OK
PARCEL_008,MILL_EAST,sugarcane,2.98,2026-01-22,2026-04-07,0.793,false,20.7,0.0,OK
PARCEL_008,MILL_EAST,sugarcane,2.98,2026-01-22,2026-04-08,0.574,false,32.7,0.0,OK
PARCEL_008,MILL_EAST,sugarcane,2.98,2026-01-22,2026-04-09,0.638,false,17.2,0.0,OK
PARCEL_008,MILL_EAST,sugarcane,2.98,2026-01-22,2026-04-11,0.587,false,26.7,0.0,OK
PARCEL_008,MILL_EAST,sugarcane,2.98,2026-01-22,2026-04-12,0.669,false,22.5,0.0,OK
PARCEL_008,MILL_EAST,sugarcane,2.98,2026-01-22,2026-04-13,0.53,false,34.7,0.0,OK
PARCEL_008,MILL_EAST,sugarcane,2.98,2026-01-22,2026-04-14,0.75,false,17.8,0.0,OK
PARCEL_008,MILL_EAST,sugarcane,2.98,2026-01-22,2026-04-15,0.8,false,35.2,0.0,OK
PARCEL_008,MILL_EAST,sugarcane,2.98,2026-01-22,2026-04-16,0.617,false,30.7,0.0,OK
PARCEL_008,MILL_EAST,sugarcane,2.98,2026-01-22,2026-04-17,0.585,false,33.0,0.0,OK
PARCEL_008,MILL_EAST,sugarcane,2.98,2026-01-22,2026-04-18,0.608,false,34.7,0.0,OK
PARCEL_008,MILL_EAST,sugarcane,2.98,2026-01-22,2026-04-19,0.837,false,33.7,0.0,OK
PARCEL_008,MILL_EAST,sugarcane,2.98,2026-01-22,2026-04-20,0.755,false,27.0,0.0,OK
PARCEL_008,MILL_EAST,sugarcane,2.98,2026-01-22,2026-04-22,0.6,false,25.5,0.0,OK
PARCEL_008,MILL_EAST,sugarcane,2.98,2026-01-22,2026-04-23,0.789,false,28.2,0.0,OK
PARCEL_008,MILL_EAST,sugarcane,2.98,2026-01-22,2026-04-24,0.575,false,30.9,0.0,OK
PARCEL_008,MILL_EAST,sugarcane,2.98,2026-01-22,2026-04-25,0.654,false,21.5,0.0,OK
PARCEL_008,MILL_EAST,sugarcane,2.98,2026-01-22,2026-04-26,0.559,false,22.5,0.0,OK
PARCEL_008,MILL_EAST,sugarcane,2.98,2026-01-22,2026-04-27,0.493,false,18.7,0.0,OK
PARCEL_008,MILL_EAST,sugarcane,2.98,2026-01-22,2026-04-28,0.656,false,34.2,0.0,OK
PARCEL_008,MILL_EAST,sugarcane,2.98,2026-01-22,2026-05-01,0.431,false,26.3,0.0,OK
PARCEL_008,MILL_EAST,sugarcane,2.98,2026-01-22,2026-05-02,0.394,false,31.0,0.0,OK
PARCEL_008,MILL_EAST,sugarcane,2.98,2026-01-22,2026-05-03,0.532,false,28.3,0.0,OK
PARCEL_008,MILL_EAST,sugarcane,2.98,2026-01-22,2026-05-04,0.505,false,28.6,0.0,ERROR
PARCEL_008,MILL_EAST,sugarcane,2.98,2026-01-22,2026-05-05,0.497,false,32.2,0.0,OK
PARCEL_008,MILL_EAST,sugarcane,2.98,2026-01-22,2026-05-06,0.544,false,26.5,0.0,OK
PARCEL_008,MILL_EAST,sugarcane,2.98,2026-01-22,2026-05-07,0.575,false,30.0,0.0,OK
PARCEL_008,MILL_EAST,sugarcane,2.98,2026-01-22,2026-05-08,0.419,false,17.8,0.0,OK
PARCEL_008,MILL_EAST,sugarcane,2.98,2026-01-22,2026-05-09,0.438,false,15.9,3.6,OK
PARCEL_008,MILL_EAST,sugarcane,2.98,2026-01-22,2026-05-10,0.682,false,30.1,0.0,OK
PARCEL_008,MILL_EAST,sugarcane,2.98,2026-01-22,2026-05-11,0.462,false,19.3,0.0,OK
PARCEL_008,MILL_EAST,sugarcane,2.98,2026-01-22,2026-05-12,0.44,false,15.8,0.0,OK
PARCEL_008,MILL_EAST,sugarcane,2.98,2026-01-22,2026-05-13,0.499,false,33.3,0.0,OK
PARCEL_008,MILL_EAST,sugarcane,2.98,2026-01-22,2026-05-16,0.425,false,29.1,0.0,OK
PARCEL_008,MILL_EAST,sugarcane,2.98,2026-01-22,2026-05-17,0.431,false,27.5,6.7,ERROR
PARCEL_008,MILL_EAST,sugarcane,2.98,2026-01-22,2026-05-18,0.442,false,19.2,0.0,OK
PARCEL_008,MILL_EAST,sugarcane,2.98,2026-01-22,2026-05-19,0.444,false,19.7,0.0,ERROR
PARCEL_008,MILL_EAST,sugarcane,2.98,2026-01-22,2026-05-21,0.639,false,24.7,0.0,OK
PARCEL_008,MILL_EAST,sugarcane,2.98,2026-01-22,2026-05-22,0.504,false,34.6,0.0,OK
PARCEL_008,MILL_EAST,sugarcane,2.98,2026-01-22,2026-05-23,0.567,false,27.2,3.8,OK
PARCEL_008,MILL_EAST,sugarcane,2.98,2026-01-22,2026-05-24,0.58,false,24.3,0.0,ERROR
PARCEL_008,MILL_EAST,sugarcane,2.98,2026-01-22,2026-05-25,0.538,false,34.6,0.0,OK
PARCEL_008,MILL_EAST,sugarcane,2.98,2026-01-22,2026-05-26,0.573,false,22.7,0.0,OK
PARCEL_008,MILL_EAST,sugarcane,2.98,2026-01-22,2026-05-27,0.572,false,31.2,0.0,OK
PARCEL_008,MILL_EAST,sugarcane,2.98,2026-01-22,2026-05-28,0.419,false,32.9,0.0,OK
PARCEL_008,MILL_EAST,sugarcane,2.98,2026-01-22,2026-05-29,0.563,false,21.7,3.5,ERROR
PARCEL_008,MILL_EAST,sugarcane,2.98,2026-01-22,2026-05-30,,true,20.0,9.0,ERROR
PARCEL_008,MILL_EAST,sugarcane,2.98,2026-01-22,2026-05-31,0.422,false,28.2,8.0,OK
PARCEL_009,MILL_EAST,sugarcane,1.57,2026-02-18,2026-01-01,0.26,false,21.3,0.0,OK
PARCEL_009,MILL_EAST,sugarcane,1.57,2026-02-18,2026-01-02,,true,27.4,4.7,ERROR
PARCEL_009,MILL_EAST,sugarcane,1.57,2026-02-18,2026-01-03,0.162,false,34.8,0.0,ERROR
PARCEL_009,MILL_EAST,sugarcane,1.57,2026-02-18,2026-01-05,0.219,false,28.8,0.0,OK
PARCEL_009,MILL_EAST,sugarcane,1.57,2026-02-18,2026-01-06,0.106,false,26.7,0.0,UNKNOWN
PARCEL_009,MILL_EAST,sugarcane,1.57,2026-02-18,2026-01-07,0.197,false,24.9,2.7,OK
PARCEL_009,MILL_EAST,sugarcane,1.57,2026-02-18,2026-01-08,0.169,false,19.9,0.0,OK
PARCEL_009,MILL_EAST,sugarcane,1.57,2026-02-18,2026-01-09,0.152,false,24.8,0.0,OK
PARCEL_009,MILL_EAST,sugarcane,1.57,2026-02-18,2026-01-10,0.251,false,29.3,0.0,OK
PARCEL_009,MILL_EAST,sugarcane,1.57,2026-02-18,2026-01-11,0.091,false,19.2,0.0,OK
PARCEL_009,MILL_EAST,sugarcane,1.57,2026-02-18,2026-01-12,0.207,false,17.1,0.0,OK
PARCEL_009,MILL_EAST,sugarcane,1.57,2026-02-18,2026-01-13,0.079,false,22.2,2.7,OK
PARCEL_009,MILL_EAST,sugarcane,1.57,2026-02-18,2026-01-14,0.138,false,22.5,5.7,OK
PARCEL_009,MILL_EAST,sugarcane,1.57,2026-02-18,2026-01-15,0.115,false,25.5,7.4,OK
PARCEL_009,MILL_EAST,sugarcane,1.57,2026-02-18,2026-01-16,0.201,false,25.8,0.7,ERROR
PARCEL_009,MILL_EAST,sugarcane,1.57,2026-02-18,2026-01-17,0.228,false,30.9,0.0,OK
PARCEL_009,MILL_EAST,sugarcane,1.57,2026-02-18,2026-01-19,0.239,false,24.7,0.0,OK
PARCEL_009,MILL_EAST,sugarcane,1.57,2026-02-18,2026-01-20,0.027,false,28.5,0.0,OK
PARCEL_009,MILL_EAST,sugarcane,1.57,2026-02-18,2026-01-21,,true,15.4,0.0,ERROR
PARCEL_009,MILL_EAST,sugarcane,1.57,2026-02-18,2026-01-22,0.195,false,18.1,1.6,OK
PARCEL_009,MILL_EAST,sugarcane,1.57,2026-02-18,2026-01-23,0.246,false,22.5,6.6,OK
PARCEL_009,MILL_EAST,sugarcane,1.57,2026-02-18,2026-01-24,,true,17.5,0.0,ERROR
PARCEL_009,MILL_EAST,sugarcane,1.57,2026-02-18,2026-01-25,0.172,false,34.7,0.0,OK
PARCEL_009,MILL_EAST,sugarcane,1.57,2026-02-18,2026-01-26,0.299,false,33.2,0.0,UNKNOWN
PARCEL_009,MILL_EAST,sugarcane,1.57,2026-02-18,2026-01-27,0.097,false,27.0,0.0,OK
PARCEL_009,MILL_EAST,sugarcane,1.57,2026-02-18,2026-01-28,0.289,false,26.6,0.0,OK
PARCEL_009,MILL_EAST,sugarcane,1.57,2026-02-18,2026-01-29,0.184,false,28.9,0.0,OK
PARCEL_009,MILL_EAST,sugarcane,1.57,2026-02-18,2026-01-30,0.094,false,19.6,0.0,OK
PARCEL_009,MILL_EAST,sugarcane,1.57,2026-02-18,2026-01-31,0.278,false,16.3,7.1,OK
PARCEL_009,MILL_EAST,sugarcane,1.57,2026-02-18,2026-02-01,0.146,false,18.1,0.0,OK
PARCEL_009,MILL_EAST,sugarcane,1.57,2026-02-18,2026-02-03,0.116,false,23.3,0.0,ERROR
PARCEL_009,MILL_EAST,sugarcane,1.57,2026-02-18,2026-02-04,0.187,false,31.4,2.3,OK
PARCEL_009,MILL_EAST,sugarcane,1.57,2026-02-18,2026-02-05,0.201,false,24.5,3.5,OK
PARCEL_009,MILL_EAST,sugarcane,1.57,2026-02-18,2026-02-06,0.11,false,22.4,0.0,OK
PARCEL_009,MILL_EAST,sugarcane,1.57,2026-02-18,2026-02-07,0.106,false,18.1,0.0,OK
PARCEL_009,MILL_EAST,sugarcane,1.57,2026-02-18,2026-02-08,0.214,false,32.9,3.2,OK
PARCEL_009,MILL_EAST,sugarcane,1.57,2026-02-18,2026-02-09,0.204,false,17.0,3.9,OK
PARCEL_009,MILL_EAST,sugarcane,1.57,2026-02-18,2026-02-10,0.228,false,17.8,0.0,OK
PARCEL_009,MILL_EAST,sugarcane,1.57,2026-02-18,2026-02-11,0.211,false,33.2,0.0,OK
PARCEL_009,MILL_EAST,sugarcane,1.57,2026-02-18,2026-02-12,0.215,false,27.8,4.1,UNKNOWN
PARCEL_009,MILL_EAST,sugarcane,1.57,2026-02-18,2026-02-13,0.237,false,24.2,4.9,OK
PARCEL_009,MILL_EAST,sugarcane,1.57,2026-02-18,2026-02-14,0.237,false,32.5,0.0,OK
PARCEL_009,MILL_EAST,sugarcane,1.57,2026-02-18,2026-02-15,0.238,false,26.3,0.0,OK
PARCEL_009,MILL_EAST,sugarcane,1.57,2026-02-18,2026-02-16,0.272,false,23.2,0.0,OK
PARCEL_009,MILL_EAST,sugarcane,1.57,2026-02-18,2026-02-18,0.383,false,28.3,0.0,OK
PARCEL_009,MILL_EAST,sugarcane,1.57,2026-02-18,2026-02-19,0.32,false,29.8,5.7,UNKNOWN
PARCEL_009,MILL_EAST,sugarcane,1.57,2026-02-18,2026-02-20,0.323,false,18.9,0.0,OK
PARCEL_009,MILL_EAST,sugarcane,1.57,2026-02-18,2026-02-21,0.311,false,33.9,4.4,UNKNOWN
PARCEL_009,MILL_EAST,sugarcane,1.57,2026-02-18,2026-02-22,0.345,false,25.9,0.0,OK
PARCEL_009,MILL_EAST,sugarcane,1.57,2026-02-18,2026-02-24,0.351,false,17.3,6.2,OK
PARCEL_009,MILL_EAST,sugarcane,1.57,2026-02-18,2026-02-25,0.236,false,33.4,7.2,OK
PARCEL_009,MILL_EAST,sugarcane,1.57,2026-02-18,2026-02-26,0.359,false,16.9,0.0,OK
PARCEL_009,MILL_EAST,sugarcane,1.57,2026-02-18,2026-02-27,0.267,false,26.9,10.3,OK
PARCEL_009,MILL_EAST,sugarcane,1.57,2026-02-18,2026-02-28,0.276,false,19.3,0.0,OK
PARCEL_009,MILL_EAST,sugarcane,1.57,2026-02-18,2026-03-01,0.34,false,22.6,0.0,OK
PARCEL_009,MILL_EAST,sugarcane,1.57,2026-02-18,2026-03-02,0.391,false,32.1,0.0,OK
PARCEL_009,MILL_EAST,sugarcane,1.57,2026-02-18,2026-03-03,0.189,false,16.8,0.0,OK
PARCEL_009,MILL_EAST,sugarcane,1.57,2026-02-18,2026-03-04,0.301,false,27.5,0.0,OK
PARCEL_009,MILL_EAST,sugarcane,1.57,2026-02-18,2026-03-05,0.4,false,16.8,0.0,OK
PARCEL_009,MILL_EAST,sugarcane,1.57,2026-02-18,2026-03-06,0.326,false,26.4,0.0,OK
PARCEL_009,MILL_EAST,sugarcane,1.57,2026-02-18,2026-03-07,0.272,false,23.9,3.1,OK
PARCEL_009,MILL_EAST,sugarcane,1.57,2026-02-18,2026-03-08,0.417,false,16.7,0.0,OK
PARCEL_009,MILL_EAST,sugarcane,1.57,2026-02-18,2026-03-09,0.391,false,23.8,0.0,UNKNOWN
PARCEL_009,MILL_EAST,sugarcane,1.57,2026-02-18,2026-03-10,0.242,false,25.4,0.0,OK
PARCEL_009,MILL_EAST,sugarcane,1.57,2026-02-18,2026-03-11,,true,31.1,0.0,ERROR
PARCEL_009,MILL_EAST,sugarcane,1.57,2026-02-18,2026-03-12,0.307,false,17.8,0.0,OK
PARCEL_009,MILL_EAST,sugarcane,1.57,2026-02-18,2026-03-13,0.151,false,15.7,0.0,OK
PARCEL_009,MILL_EAST,sugarcane,1.57,2026-02-18,2026-03-15,0.418,false,16.6,0.0,OK
PARCEL_009,MILL_EAST,sugarcane,1.57,2026-02-18,2026-03-16,0.467,false,18.1,0.0,OK
PARCEL_009,MILL_EAST,sugarcane,1.57,2026-02-18,2026-03-17,0.226,false,33.4,0.0,OK
PARCEL_009,MILL_EAST,sugarcane,1.57,2026-02-18,2026-03-18,0.329,false,20.4,0.0,OK
PARCEL_009,MILL_EAST,sugarcane,1.57,2026-02-18,2026-03-19,0.358,false,17.1,0.0,OK
PARCEL_009,MILL_EAST,sugarcane,1.57,2026-02-18,2026-03-20,0.569,false,30.0,0.0,OK
PARCEL_009,MILL_EAST,sugarcane,1.57,2026-02-18,2026-03-21,0.93,false,20.9,0.0,OK
PARCEL_009,MILL_EAST,sugarcane,1.57,2026-02-18,2026-03-22,0.678,false,15.9,0.0,OK
PARCEL_009,MILL_EAST,sugarcane,1.57,2026-02-18,2026-03-23,0.703,false,30.8,0.0,ERROR
PARCEL_009,MILL_EAST,sugarcane,1.57,2026-02-18,2026-03-24,0.717,false,30.6,0.0,OK
PARCEL_009,MILL_EAST,sugarcane,1.57,2026-02-18,2026-03-25,0.793,false,23.3,0.0,OK
PARCEL_009,MILL_EAST,sugarcane,1.57,2026-02-18,2026-03-26,0.73,false,26.9,0.0,OK
PARCEL_009,MILL_EAST,sugarcane,1.57,2026-02-18,2026-03-27,0.679,false,34.5,2.7,OK
PARCEL_009,MILL_EAST,sugarcane,1.57,2026-02-18,2026-03-28,0.687,false,31.1,0.0,OK
PARCEL_009,MILL_EAST,sugarcane,1.57,2026-02-18,2026-03-29,0.685,false,19.1,0.0,OK
PARCEL_009,MILL_EAST,sugarcane,1.57,2026-02-18,2026-03-30,0.807,false,34.3,3.4,OK
PARCEL_009,MILL_EAST,sugarcane,1.57,2026-02-18,2026-03-31,0.763,false,18.0,0.0,OK
PARCEL_009,MILL_EAST,sugarcane,1.57,2026-02-18,2026-04-01,0.661,false,29.2,0.0,OK
PARCEL_009,MILL_EAST,sugarcane,1.57,2026-02-18,2026-04-03,0.624,false,32.6,0.0,OK
PARCEL_009,MILL_EAST,sugarcane,1.57,2026-02-18,2026-04-05,0.779,false,20.2,0.0,OK
PARCEL_009,MILL_EAST,sugarcane,1.57,2026-02-18,2026-04-06,0.84,false,31.3,0.0,OK
PARCEL_009,MILL_EAST,sugarcane,1.57,2026-02-18,2026-04-07,0.771,false,18.7,10.0,OK
PARCEL_009,MILL_EAST,sugarcane,1.57,2026-02-18,2026-04-08,0.738,false,25.7,0.0,OK
PARCEL_009,MILL_EAST,sugarcane,1.57,2026-02-18,2026-04-10,0.685,false,17.0,0.0,OK
PARCEL_009,MILL_EAST,sugarcane,1.57,2026-02-18,2026-04-11,0.675,false,30.2,0.0,OK
PARCEL_009,MILL_EAST,sugarcane,1.57,2026-02-18,2026-04-12,0.671,false,21.4,9.6,OK
PARCEL_009,MILL_EAST,sugarcane,1.57,2026-02-18,2026-04-13,0.802,false,30.1,0.0,OK
PARCEL_009,MILL_EAST,sugarcane,1.57,2026-02-18,2026-04-14,0.771,false,27.6,0.0,OK
PARCEL_009,MILL_EAST,sugarcane,1.57,2026-02-18,2026-04-15,0.72,false,27.2,0.0,OK
PARCEL_009,MILL_EAST,sugarcane,1.57,2026-02-18,2026-04-17,0.782,false,30.9,0.0,OK
PARCEL_009,MILL_EAST,sugarcane,1.57,2026-02-18,2026-04-18,0.731,false,24.9,7.2,OK
PARCEL_009,MILL_EAST,sugarcane,1.57,2026-02-18,2026-04-19,0.64,false,23.2,0.0,OK
PARCEL_009,MILL_EAST,sugarcane,1.57,2026-02-18,2026-04-20,0.672,false,27.6,0.0,OK
PARCEL_009,MILL_EAST,sugarcane,1.57,2026-02-18,2026-04-21,0.767,false,24.2,0.0,OK
PARCEL_009,MILL_EAST,sugarcane,1.57,2026-02-18,2026-04-22,0.736,false,25.7,7.4,OK
PARCEL_009,MILL_EAST,sugarcane,1.57,2026-02-18,2026-04-23,0.77,false,21.1,0.0,OK
PARCEL_009,MILL_EAST,sugarcane,1.57,2026-02-18,2026-04-24,0.593,false,21.2,0.0,OK
PARCEL_009,MILL_EAST,sugarcane,1.57,2026-02-18,2026-04-25,0.809,false,30.1,0.0,OK
PARCEL_009,MILL_EAST,sugarcane,1.57,2026-02-18,2026-04-26,0.586,false,19.9,6.5,ERROR
PARCEL_009,MILL_EAST,sugarcane,1.57,2026-02-18,2026-04-27,0.771,false,32.2,0.0,OK
PARCEL_009,MILL_EAST,sugarcane,1.57,2026-02-18,2026-04-28,0.816,false,15.6,0.0,OK
PARCEL_009,MILL_EAST,sugarcane,1.57,2026-02-18,2026-04-29,0.676,false,21.3,1.0,OK
PARCEL_009,MILL_EAST,sugarcane,1.57,2026-02-18,2026-04-30,0.733,false,30.1,0.0,OK
PARCEL_009,MILL_EAST,sugarcane,1.57,2026-02-18,2026-05-01,0.608,false,28.0,0.0,OK
PARCEL_009,MILL_EAST,sugarcane,1.57,2026-02-18,2026-05-02,0.678,false,34.1,0.0,OK
PARCEL_009,MILL_EAST,sugarcane,1.57,2026-02-18,2026-05-03,0.556,false,18.2,0.0,OK
PARCEL_009,MILL_EAST,sugarcane,1.57,2026-02-18,2026-05-04,,true,21.1,9.0,ERROR
PARCEL_009,MILL_EAST,sugarcane,1.57,2026-02-18,2026-05-05,0.543,false,23.0,0.0,OK
PARCEL_009,MILL_EAST,sugarcane,1.57,2026-02-18,2026-05-06,0.645,false,25.1,0.0,OK
PARCEL_009,MILL_EAST,sugarcane,1.57,2026-02-18,2026-05-08,0.856,false,30.5,5.5,OK
PARCEL_009,MILL_EAST,sugarcane,1.57,2026-02-18,2026-05-09,0.576,false,29.3,0.0,OK
PARCEL_009,MILL_EAST,sugarcane,1.57,2026-02-18,2026-05-10,0.678,false,25.5,0.0,OK
PARCEL_009,MILL_EAST,sugarcane,1.57,2026-02-18,2026-05-11,0.687,false,23.2,0.0,OK
PARCEL_009,MILL_EAST,sugarcane,1.57,2026-02-18,2026-05-12,0.67,false,23.6,0.0,OK
PARCEL_009,MILL_EAST,sugarcane,1.57,2026-02-18,2026-05-13,0.695,false,22.0,0.0,OK
PARCEL_009,MILL_EAST,sugarcane,1.57,2026-02-18,2026-05-15,0.83,false,28.5,0.0,OK
PARCEL_009,MILL_EAST,sugarcane,1.57,2026-02-18,2026-05-16,0.745,false,19.9,0.0,ERROR
PARCEL_009,MILL_EAST,sugarcane,1.57,2026-02-18,2026-05-17,0.601,false,25.9,0.0,OK
PARCEL_009,MILL_EAST,sugarcane,1.57,2026-02-18,2026-05-19,0.537,false,16.0,0.0,OK
PARCEL_009,MILL_EAST,sugarcane,1.57,2026-02-18,2026-05-20,,true,25.4,0.0,ERROR
PARCEL_009,MILL_EAST,sugarcane,1.57,2026-02-18,2026-05-21,0.443,false,27.4,0.0,OK
PARCEL_009,MILL_EAST,sugarcane,1.57,2026-02-18,2026-05-22,0.454,false,24.7,7.8,OK
PARCEL_009,MILL_EAST,sugarcane,1.57,2026-02-18,2026-05-23,0.636,false,15.7,0.0,OK
PARCEL_009,MILL_EAST,sugarcane,1.57,2026-02-18,2026-05-24,0.459,false,34.8,0.0,OK
PARCEL_009,MILL_EAST,sugarcane,1.57,2026-02-18,2026-05-25,0.55,false,17.2,0.0,UNKNOWN
PARCEL_009,MILL_EAST,sugarcane,1.57,2026-02-18,2026-05-26,0.557,false,30.5,0.9,OK
PARCEL_009,MILL_EAST,sugarcane,1.57,2026-02-18,2026-05-27,0.386,false,32.7,0.0,OK
PARCEL_009,MILL_EAST,sugarcane,1.57,2026-02-18,2026-05-28,0.693,false,24.9,0.0,OK
PARCEL_009,MILL_EAST,sugarcane,1.57,2026-02-18,2026-05-29,0.479,false,17.8,0.0,OK
PARCEL_009,MILL_EAST,sugarcane,1.57,2026-02-18,2026-05-30,0.545,false,27.8,0.0,OK
PARCEL_010,MILL_EAST,sugarcane,7.44,2026-01-07,2026-01-01,0.23,false,20.4,0.0,UNKNOWN
PARCEL_010,MILL_EAST,sugarcane,7.44,2026-01-07,2026-01-02,0.029,false,27.3,0.0,OK
PARCEL_010,MILL_EAST,sugarcane,7.44,2026-01-07,2026-01-03,,true,17.7,0.0,ERROR
PARCEL_010,MILL_EAST,sugarcane,7.44,2026-01-07,2026-01-04,0.108,false,25.8,0.0,OK
PARCEL_010,MILL_EAST,sugarcane,7.44,2026-01-07,2026-01-05,0.194,false,33.6,7.6,OK
PARCEL_010,MILL_EAST,sugarcane,7.44,2026-01-07,2026-01-06,0.162,false,25.9,0.0,OK
PARCEL_010,MILL_EAST,sugarcane,7.44,2026-01-07,2026-01-07,0.288,false,17.1,0.0,OK
PARCEL_010,MILL_EAST,sugarcane,7.44,2026-01-07,2026-01-08,0.333,false,32.5,0.0,OK
PARCEL_010,MILL_EAST,sugarcane,7.44,2026-01-07,2026-01-09,0.312,false,31.1,6.2,OK
PARCEL_010,MILL_EAST,sugarcane,7.44,2026-01-07,2026-01-10,0.398,false,28.4,0.0,OK
PARCEL_010,MILL_EAST,sugarcane,7.44,2026-01-07,2026-01-11,0.254,false,25.5,0.0,OK
PARCEL_010,MILL_EAST,sugarcane,7.44,2026-01-07,2026-01-12,0.385,false,31.9,0.0,OK
PARCEL_010,MILL_EAST,sugarcane,7.44,2026-01-07,2026-01-13,0.302,false,22.4,0.0,OK
PARCEL_010,MILL_EAST,sugarcane,7.44,2026-01-07,2026-01-14,0.459,false,33.9,0.0,OK
PARCEL_010,MILL_EAST,sugarcane,7.44,2026-01-07,2026-01-15,0.375,false,17.0,0.0,OK
PARCEL_010,MILL_EAST,sugarcane,7.44,2026-01-07,2026-01-17,0.321,false,16.0,0.0,OK
PARCEL_010,MILL_EAST,sugarcane,7.44,2026-01-07,2026-01-18,0.57,false,27.8,0.0,OK
PARCEL_010,MILL_EAST,sugarcane,7.44,2026-01-07,2026-01-19,0.134,false,15.7,0.0,OK
PARCEL_010,MILL_EAST,sugarcane,7.44,2026-01-07,2026-01-20,0.315,false,27.9,0.9,OK
PARCEL_010,MILL_EAST,sugarcane,7.44,2026-01-07,2026-01-21,0.448,false,32.1,0.0,OK
PARCEL_010,MILL_EAST,sugarcane,7.44,2026-01-07,2026-01-22,0.339,false,34.0,0.0,OK
PARCEL_010,MILL_EAST,sugarcane,7.44,2026-01-07,2026-01-23,0.323,false,24.1,0.3,OK
PARCEL_010,MILL_EAST,sugarcane,7.44,2026-01-07,2026-01-24,0.449,false,22.2,0.0,OK
PARCEL_010,MILL_EAST,sugarcane,7.44,2026-01-07,2026-01-25,0.23,false,17.0,0.0,OK
PARCEL_010,MILL_EAST,sugarcane,7.44,2026-01-07,2026-01-26,0.407,false,16.8,0.0,OK
PARCEL_010,MILL_EAST,sugarcane,7.44,2026-01-07,2026-01-27,0.295,false,30.3,7.9,OK
PARCEL_010,MILL_EAST,sugarcane,7.44,2026-01-07,2026-01-28,0.273,false,32.9,0.3,OK
PARCEL_010,MILL_EAST,sugarcane,7.44,2026-01-07,2026-01-29,0.435,false,24.2,0.0,OK
PARCEL_010,MILL_EAST,sugarcane,7.44,2026-01-07,2026-01-30,0.354,false,22.2,0.0,OK
PARCEL_010,MILL_EAST,sugarcane,7.44,2026-01-07,2026-01-31,0.483,false,31.1,2.5,OK
PARCEL_010,MILL_EAST,sugarcane,7.44,2026-01-07,2026-02-01,0.208,false,18.1,0.0,OK
PARCEL_010,MILL_EAST,sugarcane,7.44,2026-01-07,2026-02-03,0.362,false,23.7,0.0,OK
PARCEL_010,MILL_EAST,sugarcane,7.44,2026-01-07,2026-02-04,0.312,false,19.0,3.6,OK
PARCEL_010,MILL_EAST,sugarcane,7.44,2026-01-07,2026-02-05,0.212,false,22.8,0.0,OK
PARCEL_010,MILL_EAST,sugarcane,7.44,2026-01-07,2026-02-06,0.827,false,23.7,0.0,ERROR
PARCEL_010,MILL_EAST,sugarcane,7.44,2026-01-07,2026-02-07,0.605,false,27.2,0.0,OK
PARCEL_010,MILL_EAST,sugarcane,7.44,2026-01-07,2026-02-08,0.753,false,17.1,0.0,OK
PARCEL_010,MILL_EAST,sugarcane,7.44,2026-01-07,2026-02-09,0.731,false,19.3,1.1,ERROR
PARCEL_010,MILL_EAST,sugarcane,7.44,2026-01-07,2026-02-10,0.834,false,22.8,0.0,OK
PARCEL_010,MILL_EAST,sugarcane,7.44,2026-01-07,2026-02-11,0.778,false,29.5,0.0,OK
PARCEL_010,MILL_EAST,sugarcane,7.44,2026-01-07,2026-02-12,0.7,false,33.3,0.0,OK
PARCEL_010,MILL_EAST,sugarcane,7.44,2026-01-07,2026-02-14,0.742,false,27.5,0.0,OK
PARCEL_010,MILL_EAST,sugarcane,7.44,2026-01-07,2026-02-15,0.757,false,33.6,0.0,OK
PARCEL_010,MILL_EAST,sugarcane,7.44,2026-01-07,2026-02-16,0.622,false,21.1,0.0,OK
PARCEL_010,MILL_EAST,sugarcane,7.44,2026-01-07,2026-02-17,0.556,false,29.0,0.0,OK
PARCEL_010,MILL_EAST,sugarcane,7.44,2026-01-07,2026-02-18,0.811,false,21.8,0.0,OK
PARCEL_010,MILL_EAST,sugarcane,7.44,2026-01-07,2026-02-19,0.663,false,30.8,0.0,OK
PARCEL_010,MILL_EAST,sugarcane,7.44,2026-01-07,2026-02-20,0.646,false,22.1,0.0,OK
PARCEL_010,MILL_EAST,sugarcane,7.44,2026-01-07,2026-02-21,0.706,false,28.9,0.0,OK
PARCEL_010,MILL_EAST,sugarcane,7.44,2026-01-07,2026-02-22,0.786,false,16.4,5.4,OK
PARCEL_010,MILL_EAST,sugarcane,7.44,2026-01-07,2026-02-23,0.691,false,21.3,0.0,OK
PARCEL_010,MILL_EAST,sugarcane,7.44,2026-01-07,2026-02-25,0.702,false,16.1,0.0,OK
PARCEL_010,MILL_EAST,sugarcane,7.44,2026-01-07,2026-02-26,0.713,false,24.0,8.0,OK
PARCEL_010,MILL_EAST,sugarcane,7.44,2026-01-07,2026-02-27,0.694,false,24.6,0.4,OK
PARCEL_010,MILL_EAST,sugarcane,7.44,2026-01-07,2026-03-01,0.795,false,23.9,4.9,OK
PARCEL_010,MILL_EAST,sugarcane,7.44,2026-01-07,2026-03-02,0.573,false,19.3,0.4,OK
PARCEL_010,MILL_EAST,sugarcane,7.44,2026-01-07,2026-03-03,0.671,false,34.1,1.0,OK
PARCEL_010,MILL_EAST,sugarcane,7.44,2026-01-07,2026-03-04,0.606,false,15.5,3.2,OK
PARCEL_010,MILL_EAST,sugarcane,7.44,2026-01-07,2026-03-05,0.507,false,19.9,0.0,OK
PARCEL_010,MILL_EAST,sugarcane,7.44,2026-01-07,2026-03-06,0.629,false,26.3,0.0,OK
PARCEL_010,MILL_EAST,sugarcane,7.44,2026-01-07,2026-03-07,0.628,false,32.5,0.0,OK
PARCEL_010,MILL_EAST,sugarcane,7.44,2026-01-07,2026-03-08,0.73,false,25.2,0.0,OK
PARCEL_010,MILL_EAST,sugarcane,7.44,2026-01-07,2026-03-09,0.766,false,24.5,0.0,OK
PARCEL_010,MILL_EAST,sugarcane,7.44,2026-01-07,2026-03-10,0.682,false,21.1,0.0,ERROR
PARCEL_010,MILL_EAST,sugarcane,7.44,2026-01-07,2026-03-11,0.722,false,17.4,7.2,OK
PARCEL_010,MILL_EAST,sugarcane,7.44,2026-01-07,2026-03-12,0.667,false,23.6,0.0,OK
PARCEL_010,MILL_EAST,sugarcane,7.44,2026-01-07,2026-03-13,0.677,false,30.7,0.0,OK
PARCEL_010,MILL_EAST,sugarcane,7.44,2026-01-07,2026-03-14,0.605,false,32.0,0.0,OK
PARCEL_010,MILL_EAST,sugarcane,7.44,2026-01-07,2026-03-15,0.737,false,17.4,0.0,OK
PARCEL_010,MILL_EAST,sugarcane,7.44,2026-01-07,2026-03-17,0.67,false,25.6,0.0,OK
PARCEL_010,MILL_EAST,sugarcane,7.44,2026-01-07,2026-03-18,0.733,false,34.5,0.0,OK
PARCEL_010,MILL_EAST,sugarcane,7.44,2026-01-07,2026-03-19,0.635,false,29.9,0.0,OK
PARCEL_010,MILL_EAST,sugarcane,7.44,2026-01-07,2026-03-21,0.701,false,29.2,0.0,OK
PARCEL_010,MILL_EAST,sugarcane,7.44,2026-01-07,2026-03-22,0.844,false,33.7,0.0,OK
PARCEL_010,MILL_EAST,sugarcane,7.44,2026-01-07,2026-03-23,0.616,false,23.2,0.0,UNKNOWN
PARCEL_010,MILL_EAST,sugarcane,7.44,2026-01-07,2026-03-24,0.703,false,16.0,0.0,OK
PARCEL_010,MILL_EAST,sugarcane,7.44,2026-01-07,2026-03-25,0.729,false,25.7,0.0,OK
PARCEL_010,MILL_EAST,sugarcane,7.44,2026-01-07,2026-03-26,0.858,false,30.6,4.0,OK
PARCEL_010,MILL_EAST,sugarcane,7.44,2026-01-07,2026-03-27,0.624,false,28.3,5.8,OK
PARCEL_010,MILL_EAST,sugarcane,7.44,2026-01-07,2026-03-28,0.752,false,29.5,0.0,OK
PARCEL_010,MILL_EAST,sugarcane,7.44,2026-01-07,2026-03-29,0.584,false,21.3,0.0,OK
PARCEL_010,MILL_EAST,sugarcane,7.44,2026-01-07,2026-03-30,0.673,false,30.4,0.0,OK
PARCEL_010,MILL_EAST,sugarcane,7.44,2026-01-07,2026-03-31,0.569,false,27.2,5.3,OK
PARCEL_010,MILL_EAST,sugarcane,7.44,2026-01-07,2026-04-01,0.758,false,18.6,0.0,OK
PARCEL_010,MILL_EAST,sugarcane,7.44,2026-01-07,2026-04-02,0.641,false,26.0,2.5,ERROR
PARCEL_010,MILL_EAST,sugarcane,7.44,2026-01-07,2026-04-03,0.727,false,30.1,3.5,OK
PARCEL_010,MILL_EAST,sugarcane,7.44,2026-01-07,2026-04-04,0.851,false,31.3,0.0,OK
PARCEL_010,MILL_EAST,sugarcane,7.44,2026-01-07,2026-04-05,0.796,false,34.7,0.0,OK
PARCEL_010,MILL_EAST,sugarcane,7.44,2026-01-07,2026-04-06,0.705,false,20.4,0.0,OK
PARCEL_010,MILL_EAST,sugarcane,7.44,2026-01-07,2026-04-07,0.677,false,20.8,12.0,OK
PARCEL_010,MILL_EAST,sugarcane,7.44,2026-01-07,2026-04-08,0.429,false,20.4,0.0,OK
PARCEL_010,MILL_EAST,sugarcane,7.44,2026-01-07,2026-04-10,0.454,false,25.1,0.0,OK
PARCEL_010,MILL_EAST,sugarcane,7.44,2026-01-07,2026-04-11,0.543,false,33.6,0.0,OK
PARCEL_010,MILL_EAST,sugarcane,7.44,2026-01-07,2026-04-12,0.63,false,35.3,0.0,OK
PARCEL_010,MILL_EAST,sugarcane,7.44,2026-01-07,2026-04-13,0.615,false,20.8,0.0,OK
PARCEL_010,MILL_EAST,sugarcane,7.44,2026-01-07,2026-04-14,0.435,false,15.6,0.0,OK
PARCEL_010,MILL_EAST,sugarcane,7.44,2026-01-07,2026-04-15,0.57,false,17.4,0.0,OK
PARCEL_010,MILL_EAST,sugarcane,7.44,2026-01-07,2026-04-16,0.438,false,21.6,0.0,OK
PARCEL_010,MILL_EAST,sugarcane,7.44,2026-01-07,2026-04-17,0.644,false,22.0,0.0,OK
PARCEL_010,MILL_EAST,sugarcane,7.44,2026-01-07,2026-04-18,0.561,false,27.4,0.0,OK
PARCEL_010,MILL_EAST,sugarcane,7.44,2026-01-07,2026-04-19,0.621,false,30.0,0.0,OK
PARCEL_010,MILL_EAST,sugarcane,7.44,2026-01-07,2026-04-20,0.433,false,34.3,0.0,OK
PARCEL_010,MILL_EAST,sugarcane,7.44,2026-01-07,2026-04-21,0.5,false,28.7,2.4,OK
PARCEL_010,MILL_EAST,sugarcane,7.44,2026-01-07,2026-04-22,0.63,false,27.8,0.0,OK
PARCEL_010,MILL_EAST,sugarcane,7.44,2026-01-07,2026-04-23,0.58,false,34.4,0.0,OK
PARCEL_010,MILL_EAST,sugarcane,7.44,2026-01-07,2026-04-24,0.628,false,27.2,5.4,OK
PARCEL_010,MILL_EAST,sugarcane,7.44,2026-01-07,2026-04-25,0.68,false,16.9,0.0,OK
PARCEL_010,MILL_EAST,sugarcane,7.44,2026-01-07,2026-04-26,0.523,false,22.0,0.0,OK
PARCEL_010,MILL_EAST,sugarcane,7.44,2026-01-07,2026-04-27,0.422,false,30.8,0.0,OK
PARCEL_010,MILL_EAST,sugarcane,7.44,2026-01-07,2026-04-28,0.631,false,21.9,0.0,OK
PARCEL_010,MILL_EAST,sugarcane,7.44,2026-01-07,2026-04-29,0.606,false,28.3,0.0,OK
PARCEL_010,MILL_EAST,sugarcane,7.44,2026-01-07,2026-05-01,0.501,false,26.8,0.0,ERROR
PARCEL_010,MILL_EAST,sugarcane,7.44,2026-01-07,2026-05-02,0.584,false,34.9,0.0,OK
PARCEL_010,MILL_EAST,sugarcane,7.44,2026-01-07,2026-05-04,0.519,false,35.3,0.0,OK
PARCEL_010,MILL_EAST,sugarcane,7.44,2026-01-07,2026-05-05,0.659,false,16.9,0.0,OK
PARCEL_010,MILL_EAST,sugarcane,7.44,2026-01-07,2026-05-06,0.457,false,15.8,0.0,OK
PARCEL_010,MILL_EAST,sugarcane,7.44,2026-01-07,2026-05-07,0.526,false,28.9,0.0,OK
PARCEL_010,MILL_EAST,sugarcane,7.44,2026-01-07,2026-05-08,0.542,false,33.0,0.0,OK
PARCEL_010,MILL_EAST,sugarcane,7.44,2026-01-07,2026-05-09,0.33,false,31.0,0.0,ERROR
PARCEL_010,MILL_EAST,sugarcane,7.44,2026-01-07,2026-05-10,0.403,false,18.7,0.0,OK
PARCEL_010,MILL_EAST,sugarcane,7.44,2026-01-07,2026-05-12,0.77,false,15.9,0.0,OK
PARCEL_010,MILL_EAST,sugarcane,7.44,2026-01-07,2026-05-13,0.547,false,23.0,0.0,OK
PARCEL_010,MILL_EAST,sugarcane,7.44,2026-01-07,2026-05-14,0.438,false,25.2,0.0,OK
PARCEL_010,MILL_EAST,sugarcane,7.44,2026-01-07,2026-05-15,0.615,false,22.6,5.4,OK
PARCEL_010,MILL_EAST,sugarcane,7.44,2026-01-07,2026-05-16,0.542,false,34.3,0.0,OK
PARCEL_010,MILL_EAST,sugarcane,7.44,2026-01-07,2026-05-17,0.395,false,24.8,0.0,OK
PARCEL_010,MILL_EAST,sugarcane,7.44,2026-01-07,2026-05-18,0.436,false,26.6,5.4,OK
PARCEL_010,MILL_EAST,sugarcane,7.44,2026-01-07,2026-05-19,0.662,false,22.8,0.0,OK
PARCEL_010,MILL_EAST,sugarcane,7.44,2026-01-07,2026-05-20,0.634,false,32.9,0.0,OK
PARCEL_010,MILL_EAST,sugarcane,7.44,2026-01-07,2026-05-21,0.669,false,31.0,0.0,OK
PARCEL_010,MILL_EAST,sugarcane,7.44,2026-01-07,2026-05-22,0.606,false,30.6,0.0,OK
PARCEL_010,MILL_EAST,sugarcane,7.44,2026-01-07,2026-05-23,0.646,false,24.6,0.0,UNKNOWN
PARCEL_010,MILL_EAST,sugarcane,7.44,2026-01-07,2026-05-24,0.547,false,24.7,0.0,OK
PARCEL_010,MILL_EAST,sugarcane,7.44,2026-01-07,2026-05-25,0.533,false,32.3,2.9,OK
PARCEL_010,MILL_EAST,sugarcane,7.44,2026-01-07,2026-05-26,0.467,false,33.0,4.3,OK
PARCEL_010,MILL_EAST,sugarcane,7.44,2026-01-07,2026-05-27,0.662,false,26.8,0.0,OK
PARCEL_010,MILL_EAST,sugarcane,7.44,2026-01-07,2026-05-28,0.521,false,34.0,5.3,OK
PARCEL_010,MILL_EAST,sugarcane,7.44,2026-01-07,2026-05-29,0.383,false,31.2,0.0,OK
PARCEL_010,MILL_EAST,sugarcane,7.44,2026-01-07,2026-05-30,0.632,false,24.3,0.0,OK
PARCEL_010,MILL_EAST,sugarcane,7.44,2026-01-07,2026-05-31,0.458,false,33.1,3.6,OK
PARCEL_011,MILL_NORTH,wheat,6.67,2026-02-21,2026-01-01,0.124,false,16.3,0.0,OK
PARCEL_011,MILL_NORTH,wheat,6.67,2026-02-21,2026-01-02,0.217,false,20.9,0.0,OK
PARCEL_011,MILL_NORTH,wheat,6.67,2026-02-21,2026-01-04,0.216,false,23.0,0.0,OK
PARCEL_011,MILL_NORTH,wheat,6.67,2026-02-21,2026-01-05,0.128,false,30.6,0.0,OK
PARCEL_011,MILL_NORTH,wheat,6.67,2026-02-21,2026-01-06,0.143,false,35.0,5.3,OK
PARCEL_011,MILL_NORTH,wheat,6.67,2026-02-21,2026-01-07,0.271,false,25.9,0.0,OK
PARCEL_011,MILL_NORTH,wheat,6.67,2026-02-21,2026-01-08,0.113,false,23.5,0.0,OK
PARCEL_011,MILL_NORTH,wheat,6.67,2026-02-21,2026-01-10,0.239,false,19.3,0.0,OK
PARCEL_011,MILL_NORTH,wheat,6.67,2026-02-21,2026-01-11,0.244,false,34.6,0.0,OK
PARCEL_011,MILL_NORTH,wheat,6.67,2026-02-21,2026-01-12,0.25,false,22.1,4.1,OK
PARCEL_011,MILL_NORTH,wheat,6.67,2026-02-21,2026-01-13,0.122,false,18.0,0.0,OK
PARCEL_011,MILL_NORTH,wheat,6.67,2026-02-21,2026-01-14,0.198,false,23.9,0.0,OK
PARCEL_011,MILL_NORTH,wheat,6.67,2026-02-21,2026-01-15,0.194,false,34.1,0.0,OK
PARCEL_011,MILL_NORTH,wheat,6.67,2026-02-21,2026-01-16,0.1,false,24.9,0.0,OK
PARCEL_011,MILL_NORTH,wheat,6.67,2026-02-21,2026-01-17,0.235,false,25.0,0.0,OK
PARCEL_011,MILL_NORTH,wheat,6.67,2026-02-21,2026-01-18,0.324,false,29.8,0.0,OK
PARCEL_011,MILL_NORTH,wheat,6.67,2026-02-21,2026-01-19,0.232,false,24.9,0.0,OK
PARCEL_011,MILL_NORTH,wheat,6.67,2026-02-21,2026-01-20,0.23,false,24.9,0.0,OK
PARCEL_011,MILL_NORTH,wheat,6.67,2026-02-21,2026-01-21,0.181,false,28.0,6.8,OK
PARCEL_011,MILL_NORTH,wheat,6.67,2026-02-21,2026-01-22,0.133,false,29.6,0.0,OK
PARCEL_011,MILL_NORTH,wheat,6.67,2026-02-21,2026-01-23,0.033,false,30.1,0.0,OK
PARCEL_011,MILL_NORTH,wheat,6.67,2026-02-21,2026-01-24,0.169,false,33.6,0.0,OK
PARCEL_011,MILL_NORTH,wheat,6.67,2026-02-21,2026-01-25,0.189,false,24.1,1.5,OK
PARCEL_011,MILL_NORTH,wheat,6.67,2026-02-21,2026-01-26,0.14,false,21.7,0.0,OK
PARCEL_011,MILL_NORTH,wheat,6.67,2026-02-21,2026-01-27,0.088,false,27.6,0.0,OK
PARCEL_011,MILL_NORTH,wheat,6.67,2026-02-21,2026-01-28,0.181,false,25.2,0.0,OK
PARCEL_011,MILL_NORTH,wheat,6.67,2026-02-21,2026-01-29,0.287,false,34.4,0.0,OK
PARCEL_011,MILL_NORTH,wheat,6.67,2026-02-21,2026-01-30,0.133,false,30.4,0.0,OK
PARCEL_011,MILL_NORTH,wheat,6.67,2026-02-21,2026-02-01,0.199,false,29.6,0.0,OK
PARCEL_011,MILL_NORTH,wheat,6.67,2026-02-21,2026-02-02,0.244,false,33.0,0.5,UNKNOWN
PARCEL_011,MILL_NORTH,wheat,6.67,2026-02-21,2026-02-03,0.24,false,15.8,1.0,UNKNOWN
PARCEL_011,MILL_NORTH,wheat,6.67,2026-02-21,2026-02-05,0.07,false,27.5,0.0,OK
PARCEL_011,MILL_NORTH,wheat,6.67,2026-02-21,2026-02-06,0.166,false,33.1,0.0,OK
PARCEL_011,MILL_NORTH,wheat,6.67,2026-02-21,2026-02-07,0.105,false,22.7,0.0,ERROR
PARCEL_011,MILL_NORTH,wheat,6.67,2026-02-21,2026-02-08,0.185,false,31.2,0.0,OK
PARCEL_011,MILL_NORTH,wheat,6.67,2026-02-21,2026-02-09,0.111,false,17.4,0.0,OK
PARCEL_011,MILL_NORTH,wheat,6.67,2026-02-21,2026-02-10,0.23,false,32.1,0.0,OK
PARCEL_011,MILL_NORTH,wheat,6.67,2026-02-21,2026-02-11,0.142,false,24.3,0.0,UNKNOWN
PARCEL_011,MILL_NORTH,wheat,6.67,2026-02-21,2026-02-12,0.097,false,34.3,0.0,OK
PARCEL_011,MILL_NORTH,wheat,6.67,2026-02-21,2026-02-13,0.184,false,19.6,0.0,OK
PARCEL_011,MILL_NORTH,wheat,6.67,2026-02-21,2026-02-14,,true,26.1,0.0,ERROR
PARCEL_011,MILL_NORTH,wheat,6.67,2026-02-21,2026-02-15,0.183,false,26.0,0.0,OK
PARCEL_011,MILL_NORTH,wheat,6.67,2026-02-21,2026-02-16,0.157,false,25.3,7.3,OK
PARCEL_011,MILL_NORTH,wheat,6.67,2026-02-21,2026-02-17,0.094,false,18.1,0.0,OK
PARCEL_011,MILL_NORTH,wheat,6.67,2026-02-21,2026-02-18,0.217,false,19.1,0.0,OK
PARCEL_011,MILL_NORTH,wheat,6.67,2026-02-21,2026-02-19,0.203,false,27.5,0.0,OK
PARCEL_011,MILL_NORTH,wheat,6.67,2026-02-21,2026-02-20,0.178,false,15.5,0.0,OK
PARCEL_011,MILL_NORTH,wheat,6.67,2026-02-21,2026-02-21,0.465,false,19.0,7.2,OK
PARCEL_011,MILL_NORTH,wheat,6.67,2026-02-21,2026-02-22,0.404,false,33.0,0.0,OK
PARCEL_011,MILL_NORTH,wheat,6.67,2026-02-21,2026-02-24,0.524,false,21.6,0.0,OK
PARCEL_011,MILL_NORTH,wheat,6.67,2026-02-21,2026-02-25,0.187,false,33.8,0.0,UNKNOWN
PARCEL_011,MILL_NORTH,wheat,6.67,2026-02-21,2026-02-26,0.263,false,16.7,8.4,OK
PARCEL_011,MILL_NORTH,wheat,6.67,2026-02-21,2026-02-28,0.419,false,32.3,0.0,OK
PARCEL_011,MILL_NORTH,wheat,6.67,2026-02-21,2026-03-02,0.356,false,25.9,0.0,OK
PARCEL_011,MILL_NORTH,wheat,6.67,2026-02-21,2026-03-03,0.243,false,28.0,0.0,OK
PARCEL_011,MILL_NORTH,wheat,6.67,2026-02-21,2026-03-04,0.276,false,31.2,5.0,OK
PARCEL_011,MILL_NORTH,wheat,6.67,2026-02-21,2026-03-05,0.287,false,26.9,0.0,OK
PARCEL_011,MILL_NORTH,wheat,6.67,2026-02-21,2026-03-06,0.259,false,31.9,0.0,OK
PARCEL_011,MILL_NORTH,wheat,6.67,2026-02-21,2026-03-07,0.42,false,16.3,0.0,OK
PARCEL_011,MILL_NORTH,wheat,6.67,2026-02-21,2026-03-08,0.351,false,27.7,0.0,OK
PARCEL_011,MILL_NORTH,wheat,6.67,2026-02-21,2026-03-09,0.502,false,22.1,0.0,ERROR
PARCEL_011,MILL_NORTH,wheat,6.67,2026-02-21,2026-03-10,0.39,false,33.1,0.0,OK
PARCEL_011,MILL_NORTH,wheat,6.67,2026-02-21,2026-03-11,0.416,false,29.3,0.0,OK
PARCEL_011,MILL_NORTH,wheat,6.67,2026-02-21,2026-03-12,0.282,false,27.5,0.0,OK
PARCEL_011,MILL_NORTH,wheat,6.67,2026-02-21,2026-03-13,0.24,false,33.5,0.0,OK
PARCEL_011,MILL_NORTH,wheat,6.67,2026-02-21,2026-03-14,0.351,false,34.1,0.0,OK
PARCEL_011,MILL_NORTH,wheat,6.67,2026-02-21,2026-03-15,0.276,false,34.5,0.0,OK
PARCEL_011,MILL_NORTH,wheat,6.67,2026-02-21,2026-03-16,0.134,false,20.1,0.0,OK
PARCEL_011,MILL_NORTH,wheat,6.67,2026-02-21,2026-03-17,0.328,false,27.4,2.8,OK
PARCEL_011,MILL_NORTH,wheat,6.67,2026-02-21,2026-03-20,0.415,false,24.7,0.0,OK
PARCEL_011,MILL_NORTH,wheat,6.67,2026-02-21,2026-03-21,,true,28.0,0.0,ERROR
PARCEL_011,MILL_NORTH,wheat,6.67,2026-02-21,2026-03-22,0.293,false,25.9,2.9,OK
PARCEL_011,MILL_NORTH,wheat,6.67,2026-02-21,2026-03-24,0.625,false,16.7,0.0,OK
PARCEL_011,MILL_NORTH,wheat,6.67,2026-02-21,2026-03-26,0.455,false,32.0,0.0,OK
PARCEL_011,MILL_NORTH,wheat,6.67,2026-02-21,2026-03-27,0.682,false,20.5,0.0,OK
PARCEL_011,MILL_NORTH,wheat,6.67,2026-02-21,2026-03-28,0.728,false,20.0,0.8,OK
PARCEL_011,MILL_NORTH,wheat,6.67,2026-02-21,2026-03-29,0.43,false,21.5,0.0,ERROR
PARCEL_011,MILL_NORTH,wheat,6.67,2026-02-21,2026-03-30,0.606,false,33.2,0.0,OK
PARCEL_011,MILL_NORTH,wheat,6.67,2026-02-21,2026-03-31,0.658,false,20.4,0.0,OK
PARCEL_011,MILL_NORTH,wheat,6.67,2026-02-21,2026-04-01,0.586,false,24.8,0.0,OK
PARCEL_011,MILL_NORTH,wheat,6.67,2026-02-21,2026-04-02,0.515,false,33.6,0.0,ERROR
PARCEL_011,MILL_NORTH,wheat,6.67,2026-02-21,2026-04-03,0.475,false,23.2,0.0,OK
PARCEL_011,MILL_NORTH,wheat,6.67,2026-02-21,2026-04-04,0.605,false,26.8,8.6,OK
PARCEL_011,MILL_NORTH,wheat,6.67,2026-02-21,2026-04-05,0.585,false,34.1,0.0,UNKNOWN
PARCEL_011,MILL_NORTH,wheat,6.67,2026-02-21,2026-04-10,0.648,false,22.1,5.4,OK
PARCEL_011,MILL_NORTH,wheat,6.67,2026-02-21,2026-04-12,0.509,false,33.6,0.0,OK
PARCEL_011,MILL_NORTH,wheat,6.67,2026-02-21,2026-04-13,0.512,false,17.9,0.0,OK
PARCEL_011,MILL_NORTH,wheat,6.67,2026-02-21,2026-04-14,0.5,false,32.4,9.3,OK
PARCEL_011,MILL_NORTH,wheat,6.67,2026-02-21,2026-04-15,0.624,false,18.9,0.0,UNKNOWN
PARCEL_011,MILL_NORTH,wheat,6.67,2026-02-21,2026-04-17,0.533,false,22.4,0.0,OK
PARCEL_011,MILL_NORTH,wheat,6.67,2026-02-21,2026-04-18,0.64,false,34.2,0.0,OK
PARCEL_011,MILL_NORTH,wheat,6.67,2026-02-21,2026-04-19,0.635,false,22.6,0.0,OK
PARCEL_011,MILL_NORTH,wheat,6.67,2026-02-21,2026-04-20,0.54,false,35.1,0.0,OK
PARCEL_011,MILL_NORTH,wheat,6.67,2026-02-21,2026-04-21,0.685,false,20.7,0.0,OK
PARCEL_011,MILL_NORTH,wheat,6.67,2026-02-21,2026-04-22,0.609,false,32.9,0.0,OK
PARCEL_011,MILL_NORTH,wheat,6.67,2026-02-21,2026-04-23,0.578,false,23.2,0.0,OK
PARCEL_011,MILL_NORTH,wheat,6.67,2026-02-21,2026-04-24,0.629,false,18.1,0.0,OK
PARCEL_011,MILL_NORTH,wheat,6.67,2026-02-21,2026-04-26,,true,31.6,0.0,ERROR
PARCEL_011,MILL_NORTH,wheat,6.67,2026-02-21,2026-04-28,0.526,false,29.9,0.0,OK
PARCEL_011,MILL_NORTH,wheat,6.67,2026-02-21,2026-04-29,0.702,false,34.8,0.0,OK
PARCEL_011,MILL_NORTH,wheat,6.67,2026-02-21,2026-05-01,0.708,false,29.8,0.9,OK
PARCEL_011,MILL_NORTH,wheat,6.67,2026-02-21,2026-05-02,0.524,false,31.8,0.0,OK
PARCEL_011,MILL_NORTH,wheat,6.67,2026-02-21,2026-05-03,0.575,false,32.6,0.0,OK
PARCEL_011,MILL_NORTH,wheat,6.67,2026-02-21,2026-05-04,0.641,false,17.9,0.0,OK
PARCEL_011,MILL_NORTH,wheat,6.67,2026-02-21,2026-05-05,0.534,false,32.1,0.0,OK
PARCEL_011,MILL_NORTH,wheat,6.67,2026-02-21,2026-05-06,0.489,false,33.2,0.0,OK
PARCEL_011,MILL_NORTH,wheat,6.67,2026-02-21,2026-05-07,,true,24.0,0.0,ERROR
PARCEL_011,MILL_NORTH,wheat,6.67,2026-02-21,2026-05-08,0.498,false,20.7,0.0,OK
PARCEL_011,MILL_NORTH,wheat,6.67,2026-02-21,2026-05-09,0.568,false,19.2,0.0,OK
PARCEL_011,MILL_NORTH,wheat,6.67,2026-02-21,2026-05-10,0.853,false,32.3,0.0,OK
PARCEL_011,MILL_NORTH,wheat,6.67,2026-02-21,2026-05-11,0.628,false,18.2,0.0,OK
PARCEL_011,MILL_NORTH,wheat,6.67,2026-02-21,2026-05-12,0.621,false,18.8,0.0,OK
PARCEL_011,MILL_NORTH,wheat,6.67,2026-02-21,2026-05-13,0.584,false,21.4,0.0,OK
PARCEL_011,MILL_NORTH,wheat,6.67,2026-02-21,2026-05-14,0.565,false,34.3,3.4,OK
PARCEL_011,MILL_NORTH,wheat,6.67,2026-02-21,2026-05-15,0.482,false,25.7,0.0,OK
PARCEL_011,MILL_NORTH,wheat,6.67,2026-02-21,2026-05-16,0.509,false,27.6,0.0,OK
PARCEL_011,MILL_NORTH,wheat,6.67,2026-02-21,2026-05-17,0.546,false,26.7,0.0,OK
PARCEL_011,MILL_NORTH,wheat,6.67,2026-02-21,2026-05-18,0.713,false,28.0,0.0,OK
PARCEL_011,MILL_NORTH,wheat,6.67,2026-02-21,2026-05-19,0.567,false,33.4,0.0,OK
PARCEL_011,MILL_NORTH,wheat,6.67,2026-02-21,2026-05-20,0.617,false,26.6,0.0,OK
PARCEL_011,MILL_NORTH,wheat,6.67,2026-02-21,2026-05-21,0.496,false,25.9,0.0,ERROR
PARCEL_011,MILL_NORTH,wheat,6.67,2026-02-21,2026-05-22,,true,30.9,0.0,ERROR
PARCEL_011,MILL_NORTH,wheat,6.67,2026-02-21,2026-05-23,0.448,false,33.0,3.0,UNKNOWN
PARCEL_011,MILL_NORTH,wheat,6.67,2026-02-21,2026-05-24,,true,31.3,3.1,ERROR
PARCEL_011,MILL_NORTH,wheat,6.67,2026-02-21,2026-05-25,0.373,false,24.6,0.0,OK
PARCEL_011,MILL_NORTH,wheat,6.67,2026-02-21,2026-05-26,0.659,false,20.8,0.0,OK
PARCEL_011,MILL_NORTH,wheat,6.67,2026-02-21,2026-05-27,0.462,false,32.6,0.0,OK
PARCEL_011,MILL_NORTH,wheat,6.67,2026-02-21,2026-05-28,0.558,false,21.8,0.0,OK
PARCEL_011,MILL_NORTH,wheat,6.67,2026-02-21,2026-05-29,0.625,false,16.4,0.0,OK
PARCEL_011,MILL_NORTH,wheat,6.67,2026-02-21,2026-05-30,0.591,false,30.4,0.0,OK
PARCEL_011,MILL_NORTH,wheat,6.67,2026-02-21,2026-05-31,0.55,false,25.8,0.0,OK
PARCEL_012,MILL_WEST,sugarcane,6.85,2026-03-01,2026-01-01,0.25,false,20.2,7.8,OK
PARCEL_012,MILL_WEST,sugarcane,6.85,2026-03-01,2026-01-02,0.168,false,19.7,2.7,UNKNOWN
PARCEL_012,MILL_WEST,sugarcane,6.85,2026-03-01,2026-01-03,0.118,false,15.5,0.0,OK
PARCEL_012,MILL_WEST,sugarcane,6.85,2026-03-01,2026-01-05,0.171,false,22.0,5.5,OK
PARCEL_012,MILL_WEST,sugarcane,6.85,2026-03-01,2026-01-07,0.153,false,20.4,0.0,OK
PARCEL_012,MILL_WEST,sugarcane,6.85,2026-03-01,2026-01-08,0.169,false,28.1,0.0,OK
PARCEL_012,MILL_WEST,sugarcane,6.85,2026-03-01,2026-01-09,0.101,false,17.3,0.0,OK
PARCEL_012,MILL_WEST,sugarcane,6.85,2026-03-01,2026-01-10,0.187,false,19.4,0.0,OK
PARCEL_012,MILL_WEST,sugarcane,6.85,2026-03-01,2026-01-11,0.306,false,32.0,2.6,OK
PARCEL_012,MILL_WEST,sugarcane,6.85,2026-03-01,2026-01-12,0.159,false,21.6,0.0,OK
PARCEL_012,MILL_WEST,sugarcane,6.85,2026-03-01,2026-01-13,0.241,false,20.1,0.0,OK
PARCEL_012,MILL_WEST,sugarcane,6.85,2026-03-01,2026-01-14,0.231,false,21.2,0.0,OK
PARCEL_012,MILL_WEST,sugarcane,6.85,2026-03-01,2026-01-15,0.038,false,16.6,0.0,OK
PARCEL_012,MILL_WEST,sugarcane,6.85,2026-03-01,2026-01-16,0.187,false,33.7,0.0,OK
PARCEL_012,MILL_WEST,sugarcane,6.85,2026-03-01,2026-01-17,0.316,false,24.7,3.8,OK
PARCEL_012,MILL_WEST,sugarcane,6.85,2026-03-01,2026-01-18,0.174,false,24.7,0.0,OK
PARCEL_012,MILL_WEST,sugarcane,6.85,2026-03-01,2026-01-20,0.302,false,23.4,0.0,OK
PARCEL_012,MILL_WEST,sugarcane,6.85,2026-03-01,2026-01-21,0.131,false,31.2,6.5,OK
PARCEL_012,MILL_WEST,sugarcane,6.85,2026-03-01,2026-01-22,0.041,false,31.9,0.0,UNKNOWN
PARCEL_012,MILL_WEST,sugarcane,6.85,2026-03-01,2026-01-23,0.061,false,17.0,0.0,OK
PARCEL_012,MILL_WEST,sugarcane,6.85,2026-03-01,2026-01-24,0.166,false,28.0,0.0,OK
PARCEL_012,MILL_WEST,sugarcane,6.85,2026-03-01,2026-01-25,0.111,false,28.7,0.0,OK
PARCEL_012,MILL_WEST,sugarcane,6.85,2026-03-01,2026-01-27,0.185,false,24.2,0.0,OK
PARCEL_012,MILL_WEST,sugarcane,6.85,2026-03-01,2026-01-28,0.215,false,18.1,0.0,OK
PARCEL_012,MILL_WEST,sugarcane,6.85,2026-03-01,2026-01-29,0.271,false,23.2,0.0,UNKNOWN
PARCEL_012,MILL_WEST,sugarcane,6.85,2026-03-01,2026-01-30,0.048,false,26.3,0.0,OK
PARCEL_012,MILL_WEST,sugarcane,6.85,2026-03-01,2026-01-31,0.174,false,34.0,0.0,OK
PARCEL_012,MILL_WEST,sugarcane,6.85,2026-03-01,2026-02-01,0.171,false,17.4,0.0,OK
PARCEL_012,MILL_WEST,sugarcane,6.85,2026-03-01,2026-02-02,0.116,false,17.4,0.0,OK
PARCEL_012,MILL_WEST,sugarcane,6.85,2026-03-01,2026-02-03,0.202,false,31.6,1.5,OK
PARCEL_012,MILL_WEST,sugarcane,6.85,2026-03-01,2026-02-04,0.108,false,23.7,0.0,OK
PARCEL_012,MILL_WEST,sugarcane,6.85,2026-03-01,2026-02-05,0.254,false,23.9,0.0,OK
PARCEL_012,MILL_WEST,sugarcane,6.85,2026-03-01,2026-02-06,0.099,false,29.3,0.0,OK
PARCEL_012,MILL_WEST,sugarcane,6.85,2026-03-01,2026-02-07,,true,22.3,0.0,ERROR
PARCEL_012,MILL_WEST,sugarcane,6.85,2026-03-01,2026-02-09,0.21,false,22.9,0.0,OK
PARCEL_012,MILL_WEST,sugarcane,6.85,2026-03-01,2026-02-10,0.189,false,24.3,0.0,OK
PARCEL_012,MILL_WEST,sugarcane,6.85,2026-03-01,2026-02-11,0.085,false,19.0,1.9,OK
PARCEL_012,MILL_WEST,sugarcane,6.85,2026-03-01,2026-02-12,0.183,false,18.8,0.0,OK
PARCEL_012,MILL_WEST,sugarcane,6.85,2026-03-01,2026-02-13,0.164,false,32.1,1.6,OK
PARCEL_012,MILL_WEST,sugarcane,6.85,2026-03-01,2026-02-14,0.107,false,19.0,0.0,OK
PARCEL_012,MILL_WEST,sugarcane,6.85,2026-03-01,2026-02-15,,true,18.1,0.0,ERROR
PARCEL_012,MILL_WEST,sugarcane,6.85,2026-03-01,2026-02-16,0.143,false,26.2,0.0,OK
PARCEL_012,MILL_WEST,sugarcane,6.85,2026-03-01,2026-02-19,,true,20.2,0.0,ERROR
PARCEL_012,MILL_WEST,sugarcane,6.85,2026-03-01,2026-02-20,0.193,false,24.9,0.0,OK
PARCEL_012,MILL_WEST,sugarcane,6.85,2026-03-01,2026-02-22,0.144,false,22.8,0.0,OK
PARCEL_012,MILL_WEST,sugarcane,6.85,2026-03-01,2026-02-23,0.096,false,31.6,0.0,OK
PARCEL_012,MILL_WEST,sugarcane,6.85,2026-03-01,2026-02-24,0.179,false,26.5,0.0,OK
PARCEL_012,MILL_WEST,sugarcane,6.85,2026-03-01,2026-02-25,0.259,false,16.8,0.0,UNKNOWN
PARCEL_012,MILL_WEST,sugarcane,6.85,2026-03-01,2026-02-26,0.281,false,23.5,0.0,OK
PARCEL_012,MILL_WEST,sugarcane,6.85,2026-03-01,2026-02-27,0.173,false,22.9,0.0,OK
PARCEL_012,MILL_WEST,sugarcane,6.85,2026-03-01,2026-02-28,0.191,false,32.9,0.0,OK
PARCEL_012,MILL_WEST,sugarcane,6.85,2026-03-01,2026-03-02,0.301,false,26.7,0.0,OK
PARCEL_012,MILL_WEST,sugarcane,6.85,2026-03-01,2026-03-03,0.184,false,22.3,0.0,OK
PARCEL_012,MILL_WEST,sugarcane,6.85,2026-03-01,2026-03-04,0.203,false,30.6,0.0,OK
PARCEL_012,MILL_WEST,sugarcane,6.85,2026-03-01,2026-03-05,0.426,false,29.3,0.0,OK
PARCEL_012,MILL_WEST,sugarcane,6.85,2026-03-01,2026-03-06,0.468,false,32.9,0.0,OK
PARCEL_012,MILL_WEST,sugarcane,6.85,2026-03-01,2026-03-07,0.28,false,22.2,0.0,OK
PARCEL_012,MILL_WEST,sugarcane,6.85,2026-03-01,2026-03-08,0.348,false,31.2,0.0,OK
PARCEL_012,MILL_WEST,sugarcane,6.85,2026-03-01,2026-03-09,0.354,false,25.9,6.3,OK
PARCEL_012,MILL_WEST,sugarcane,6.85,2026-03-01,2026-03-10,0.304,false,31.7,0.0,OK
PARCEL_012,MILL_WEST,sugarcane,6.85,2026-03-01,2026-03-11,0.374,false,20.6,4.8,OK
PARCEL_012,MILL_WEST,sugarcane,6.85,2026-03-01,2026-03-12,0.298,false,25.4,0.0,OK
PARCEL_012,MILL_WEST,sugarcane,6.85,2026-03-01,2026-03-13,0.336,false,25.3,1.4,OK
PARCEL_012,MILL_WEST,sugarcane,6.85,2026-03-01,2026-03-14,0.404,false,16.9,2.0,OK
PARCEL_012,MILL_WEST,sugarcane,6.85,2026-03-01,2026-03-15,0.377,false,16.7,3.5,ERROR
PARCEL_012,MILL_WEST,sugarcane,6.85,2026-03-01,2026-03-16,0.352,false,22.6,0.0,OK
PARCEL_012,MILL_WEST,sugarcane,6.85,2026-03-01,2026-03-17,0.395,false,15.8,5.3,OK
PARCEL_012,MILL_WEST,sugarcane,6.85,2026-03-01,2026-03-18,0.232,false,20.3,0.0,OK
PARCEL_012,MILL_WEST,sugarcane,6.85,2026-03-01,2026-03-19,0.36,false,32.7,0.0,OK
PARCEL_012,MILL_WEST,sugarcane,6.85,2026-03-01,2026-03-20,0.372,false,32.5,0.0,OK
PARCEL_012,MILL_WEST,sugarcane,6.85,2026-03-01,2026-03-21,0.394,false,33.0,0.0,OK
PARCEL_012,MILL_WEST,sugarcane,6.85,2026-03-01,2026-03-22,0.264,false,32.2,0.0,OK
PARCEL_012,MILL_WEST,sugarcane,6.85,2026-03-01,2026-03-23,0.284,false,29.8,0.0,OK
PARCEL_012,MILL_WEST,sugarcane,6.85,2026-03-01,2026-03-24,0.33,false,29.8,0.8,OK
PARCEL_012,MILL_WEST,sugarcane,6.85,2026-03-01,2026-03-25,0.264,false,22.5,4.0,ERROR
PARCEL_012,MILL_WEST,sugarcane,6.85,2026-03-01,2026-03-26,0.287,false,32.4,0.0,OK
PARCEL_012,MILL_WEST,sugarcane,6.85,2026-03-01,2026-03-27,0.17,false,29.4,10.1,OK
PARCEL_012,MILL_WEST,sugarcane,6.85,2026-03-01,2026-03-28,0.484,false,20.1,0.0,OK
PARCEL_012,MILL_WEST,sugarcane,6.85,2026-03-01,2026-03-30,0.51,false,19.0,0.0,OK
PARCEL_012,MILL_WEST,sugarcane,6.85,2026-03-01,2026-03-31,0.73,false,16.8,3.0,OK
PARCEL_012,MILL_WEST,sugarcane,6.85,2026-03-01,2026-04-01,0.567,false,34.1,9.9,OK
PARCEL_012,MILL_WEST,sugarcane,6.85,2026-03-01,2026-04-02,0.572,false,18.2,3.2,ERROR
PARCEL_012,MILL_WEST,sugarcane,6.85,2026-03-01,2026-04-03,0.625,false,17.7,0.0,OK
PARCEL_012,MILL_WEST,sugarcane,6.85,2026-03-01,2026-04-04,0.725,false,29.0,0.0,OK
PARCEL_012,MILL_WEST,sugarcane,6.85,2026-03-01,2026-04-05,0.792,false,29.9,0.0,OK
PARCEL_012,MILL_WEST,sugarcane,6.85,2026-03-01,2026-04-06,0.754,false,31.6,0.0,OK
PARCEL_012,MILL_WEST,sugarcane,6.85,2026-03-01,2026-04-07,0.634,false,21.8,6.3,OK
PARCEL_012,MILL_WEST,sugarcane,6.85,2026-03-01,2026-04-08,,true,28.5,0.0,ERROR
PARCEL_012,MILL_WEST,sugarcane,6.85,2026-03-01,2026-04-09,0.764,false,16.5,0.0,OK
PARCEL_012,MILL_WEST,sugarcane,6.85,2026-03-01,2026-04-10,0.678,false,28.6,0.0,OK
PARCEL_012,MILL_WEST,sugarcane,6.85,2026-03-01,2026-04-11,,true,22.5,0.0,ERROR
PARCEL_012,MILL_WEST,sugarcane,6.85,2026-03-01,2026-04-12,0.757,false,31.5,0.0,OK
PARCEL_012,MILL_WEST,sugarcane,6.85,2026-03-01,2026-04-13,0.595,false,24.3,0.0,OK
PARCEL_012,MILL_WEST,sugarcane,6.85,2026-03-01,2026-04-14,0.84,false,34.1,0.0,OK
PARCEL_012,MILL_WEST,sugarcane,6.85,2026-03-01,2026-04-15,0.647,false,33.8,0.0,OK
PARCEL_012,MILL_WEST,sugarcane,6.85,2026-03-01,2026-04-16,0.754,false,23.8,0.0,OK
PARCEL_012,MILL_WEST,sugarcane,6.85,2026-03-01,2026-04-17,0.641,false,20.8,0.0,OK
PARCEL_012,MILL_WEST,sugarcane,6.85,2026-03-01,2026-04-18,0.738,false,17.1,0.0,UNKNOWN
PARCEL_012,MILL_WEST,sugarcane,6.85,2026-03-01,2026-04-19,0.781,false,33.5,0.0,OK
PARCEL_012,MILL_WEST,sugarcane,6.85,2026-03-01,2026-04-20,,true,25.9,0.0,ERROR
PARCEL_012,MILL_WEST,sugarcane,6.85,2026-03-01,2026-04-21,0.506,false,27.3,0.0,OK
PARCEL_012,MILL_WEST,sugarcane,6.85,2026-03-01,2026-04-22,0.669,false,18.5,0.8,OK
PARCEL_012,MILL_WEST,sugarcane,6.85,2026-03-01,2026-04-23,0.675,false,25.1,0.0,OK
PARCEL_012,MILL_WEST,sugarcane,6.85,2026-03-01,2026-04-24,0.809,false,18.5,0.0,OK
PARCEL_012,MILL_WEST,sugarcane,6.85,2026-03-01,2026-04-25,0.688,false,27.2,0.0,OK
PARCEL_012,MILL_WEST,sugarcane,6.85,2026-03-01,2026-04-26,0.604,false,22.0,0.0,OK
PARCEL_012,MILL_WEST,sugarcane,6.85,2026-03-01,2026-04-28,0.809,false,31.6,0.0,OK
PARCEL_012,MILL_WEST,sugarcane,6.85,2026-03-01,2026-04-29,0.876,false,29.0,0.0,OK
PARCEL_012,MILL_WEST,sugarcane,6.85,2026-03-01,2026-04-30,0.778,false,17.1,9.9,OK
PARCEL_012,MILL_WEST,sugarcane,6.85,2026-03-01,2026-05-01,0.758,false,21.3,0.0,OK
PARCEL_012,MILL_WEST,sugarcane,6.85,2026-03-01,2026-05-02,0.808,false,18.6,0.0,OK
PARCEL_012,MILL_WEST,sugarcane,6.85,2026-03-01,2026-05-03,0.652,false,24.9,0.0,ERROR
PARCEL_012,MILL_WEST,sugarcane,6.85,2026-03-01,2026-05-04,0.817,false,20.1,0.0,OK
PARCEL_012,MILL_WEST,sugarcane,6.85,2026-03-01,2026-05-05,0.655,false,17.8,4.5,OK
PARCEL_012,MILL_WEST,sugarcane,6.85,2026-03-01,2026-05-06,0.686,false,24.1,0.0,OK
PARCEL_012,MILL_WEST,sugarcane,6.85,2026-03-01,2026-05-07,0.845,false,16.1,6.4,OK
PARCEL_012,MILL_WEST,sugarcane,6.85,2026-03-01,2026-05-08,0.648,false,28.6,0.0,OK
PARCEL_012,MILL_WEST,sugarcane,6.85,2026-03-01,2026-05-09,0.894,false,23.8,0.0,UNKNOWN
PARCEL_012,MILL_WEST,sugarcane,6.85,2026-03-01,2026-05-10,0.599,false,32.9,0.0,OK
PARCEL_012,MILL_WEST,sugarcane,6.85,2026-03-01,2026-05-11,0.655,false,19.4,2.5,OK
PARCEL_012,MILL_WEST,sugarcane,6.85,2026-03-01,2026-05-12,0.583,false,30.8,0.0,OK
PARCEL_012,MILL_WEST,sugarcane,6.85,2026-03-01,2026-05-13,0.766,false,26.0,0.0,OK
PARCEL_012,MILL_WEST,sugarcane,6.85,2026-03-01,2026-05-14,0.736,false,29.8,0.0,OK
PARCEL_012,MILL_WEST,sugarcane,6.85,2026-03-01,2026-05-15,0.61,false,24.9,0.0,UNKNOWN
PARCEL_012,MILL_WEST,sugarcane,6.85,2026-03-01,2026-05-16,0.553,false,20.7,0.0,OK
PARCEL_012,MILL_WEST,sugarcane,6.85,2026-03-01,2026-05-17,0.556,false,31.8,4.8,OK
PARCEL_012,MILL_WEST,sugarcane,6.85,2026-03-01,2026-05-18,0.806,false,15.7,0.0,OK
PARCEL_012,MILL_WEST,sugarcane,6.85,2026-03-01,2026-05-19,0.679,false,25.3,0.0,OK
PARCEL_012,MILL_WEST,sugarcane,6.85,2026-03-01,2026-05-20,0.766,false,18.9,0.0,OK
PARCEL_012,MILL_WEST,sugarcane,6.85,2026-03-01,2026-05-21,0.746,false,17.3,0.0,OK
PARCEL_012,MILL_WEST,sugarcane,6.85,2026-03-01,2026-05-22,0.526,false,22.5,0.0,OK
PARCEL_012,MILL_WEST,sugarcane,6.85,2026-03-01,2026-05-23,0.609,false,18.4,11.1,OK
PARCEL_012,MILL_WEST,sugarcane,6.85,2026-03-01,2026-05-24,0.556,false,30.6,0.0,OK
PARCEL_012,MILL_WEST,sugarcane,6.85,2026-03-01,2026-05-25,0.628,false,22.4,0.0,OK
PARCEL_012,MILL_WEST,sugarcane,6.85,2026-03-01,2026-05-26,0.633,false,31.2,0.0,OK
PARCEL_012,MILL_WEST,sugarcane,6.85,2026-03-01,2026-05-27,0.598,false,27.9,3.2,ERROR
PARCEL_012,MILL_WEST,sugarcane,6.85,2026-03-01,2026-05-28,0.64,false,30.7,0.0,OK
PARCEL_012,MILL_WEST,sugarcane,6.85,2026-03-01,2026-05-29,0.89,false,25.2,0.0,OK
PARCEL_012,MILL_WEST,sugarcane,6.85,2026-03-01,2026-05-31,0.31,false,33.9,0.0,OK
PARCEL_013,MILL_EAST,soybean,2.71,2026-02-23,2026-01-01,0.23,false,31.9,0.0,OK
PARCEL_013,MILL_EAST,soybean,2.71,2026-02-23,2026-01-02,0.243,false,27.5,0.0,OK
PARCEL_013,MILL_EAST,soybean,2.71,2026-02-23,2026-01-03,0.155,false,21.0,0.0,OK
PARCEL_013,MILL_EAST,soybean,2.71,2026-02-23,2026-01-04,0.138,false,23.3,0.4,OK
PARCEL_013,MILL_EAST,soybean,2.71,2026-02-23,2026-01-05,0.145,false,29.3,0.0,UNKNOWN
PARCEL_013,MILL_EAST,soybean,2.71,2026-02-23,2026-01-06,0.251,false,17.5,0.0,OK
PARCEL_013,MILL_EAST,soybean,2.71,2026-02-23,2026-01-07,0.171,false,30.2,0.0,OK
PARCEL_013,MILL_EAST,soybean,2.71,2026-02-23,2026-01-08,0.243,false,17.1,0.0,ERROR
PARCEL_013,MILL_EAST,soybean,2.71,2026-02-23,2026-01-09,0.1,false,16.1,7.1,OK
PARCEL_013,MILL_EAST,soybean,2.71,2026-02-23,2026-01-10,0.16,false,20.4,0.0,OK
PARCEL_013,MILL_EAST,soybean,2.71,2026-02-23,2026-01-11,0.106,false,27.7,0.0,OK
PARCEL_013,MILL_EAST,soybean,2.71,2026-02-23,2026-01-12,0.079,false,15.2,0.0,OK
PARCEL_013,MILL_EAST,soybean,2.71,2026-02-23,2026-01-13,0.173,false,16.3,0.7,OK
PARCEL_013,MILL_EAST,soybean,2.71,2026-02-23,2026-01-14,0.208,false,20.9,3.3,OK
PARCEL_013,MILL_EAST,soybean,2.71,2026-02-23,2026-01-15,0.141,false,19.0,3.8,OK
PARCEL_013,MILL_EAST,soybean,2.71,2026-02-23,2026-01-16,0.129,false,35.1,0.0,OK
PARCEL_013,MILL_EAST,soybean,2.71,2026-02-23,2026-01-17,0.179,false,29.5,0.0,OK
PARCEL_013,MILL_EAST,soybean,2.71,2026-02-23,2026-01-18,0.176,false,30.9,0.0,OK
PARCEL_013,MILL_EAST,soybean,2.71,2026-02-23,2026-01-19,0.188,false,19.3,0.0,OK
PARCEL_013,MILL_EAST,soybean,2.71,2026-02-23,2026-01-20,0.206,false,23.8,3.5,OK
PARCEL_013,MILL_EAST,soybean,2.71,2026-02-23,2026-01-21,0.05,false,20.8,2.5,OK
PARCEL_013,MILL_EAST,soybean,2.71,2026-02-23,2026-01-22,0.077,false,19.2,0.0,OK
PARCEL_013,MILL_EAST,soybean,2.71,2026-02-23,2026-01-23,0.224,false,28.1,0.0,UNKNOWN
PARCEL_013,MILL_EAST,soybean,2.71,2026-02-23,2026-01-24,0.273,false,25.6,0.0,OK
PARCEL_013,MILL_EAST,soybean,2.71,2026-02-23,2026-01-25,0.008,false,20.0,0.0,OK
PARCEL_013,MILL_EAST,soybean,2.71,2026-02-23,2026-01-26,0.211,false,18.9,0.0,OK
PARCEL_013,MILL_EAST,soybean,2.71,2026-02-23,2026-01-27,0.157,false,23.6,0.0,OK
PARCEL_013,MILL_EAST,soybean,2.71,2026-02-23,2026-01-28,0.15,false,19.2,0.0,OK
PARCEL_013,MILL_EAST,soybean,2.71,2026-02-23,2026-01-30,0.092,false,20.1,0.0,OK
PARCEL_013,MILL_EAST,soybean,2.71,2026-02-23,2026-01-31,0.151,false,16.8,0.0,OK
PARCEL_013,MILL_EAST,soybean,2.71,2026-02-23,2026-02-01,0.179,false,35.1,0.0,OK
PARCEL_013,MILL_EAST,soybean,2.71,2026-02-23,2026-02-02,0.082,false,15.5,0.0,OK
PARCEL_013,MILL_EAST,soybean,2.71,2026-02-23,2026-02-03,0.112,false,17.7,0.0,OK
PARCEL_013,MILL_EAST,soybean,2.71,2026-02-23,2026-02-04,0.138,false,29.1,0.0,OK
PARCEL_013,MILL_EAST,soybean,2.71,2026-02-23,2026-02-05,0.233,false,21.9,6.0,OK
PARCEL_013,MILL_EAST,soybean,2.71,2026-02-23,2026-02-06,0.118,false,29.2,5.4,OK
PARCEL_013,MILL_EAST,soybean,2.71,2026-02-23,2026-02-07,0.171,false,30.0,7.5,OK
PARCEL_013,MILL_EAST,soybean,2.71,2026-02-23,2026-02-08,0.15,false,33.6,3.5,OK
PARCEL_013,MILL_EAST,soybean,2.71,2026-02-23,2026-02-09,0.222,false,24.8,5.3,OK
PARCEL_013,MILL_EAST,soybean,2.71,2026-02-23,2026-02-10,0.119,false,18.4,0.0,OK
PARCEL_013,MILL_EAST,soybean,2.71,2026-02-23,2026-02-11,0.129,false,34.0,0.0,ERROR
PARCEL_013,MILL_EAST,soybean,2.71,2026-02-23,2026-02-12,0.07,false,26.7,0.0,OK
PARCEL_013,MILL_EAST,soybean,2.71,2026-02-23,2026-02-13,0.157,false,30.8,8.3,OK
PARCEL_013,MILL_EAST,soybean,2.71,2026-02-23,2026-02-14,0.289,false,33.4,6.1,OK
PARCEL_013,MILL_EAST,soybean,2.71,2026-02-23,2026-02-15,0.165,false,18.1,0.0,OK
PARCEL_013,MILL_EAST,soybean,2.71,2026-02-23,2026-02-16,0.137,false,27.5,0.0,OK
PARCEL_013,MILL_EAST,soybean,2.71,2026-02-23,2026-02-17,0.126,false,18.9,0.0,OK
PARCEL_013,MILL_EAST,soybean,2.71,2026-02-23,2026-02-18,0.137,false,18.3,0.0,OK
PARCEL_013,MILL_EAST,soybean,2.71,2026-02-23,2026-02-19,,true,22.1,0.0,ERROR
PARCEL_013,MILL_EAST,soybean,2.71,2026-02-23,2026-02-20,0.203,false,19.2,0.0,OK
PARCEL_013,MILL_EAST,soybean,2.71,2026-02-23,2026-02-21,0.207,false,30.4,0.0,OK
PARCEL_013,MILL_EAST,soybean,2.71,2026-02-23,2026-02-22,0.178,false,21.2,1.9,OK
PARCEL_013,MILL_EAST,soybean,2.71,2026-02-23,2026-02-23,0.187,false,18.4,0.0,OK
PARCEL_013,MILL_EAST,soybean,2.71,2026-02-23,2026-02-24,0.198,false,24.1,1.8,OK
PARCEL_013,MILL_EAST,soybean,2.71,2026-02-23,2026-02-25,0.288,false,25.7,0.0,OK
PARCEL_013,MILL_EAST,soybean,2.71,2026-02-23,2026-02-26,0.273,false,28.6,0.0,OK
PARCEL_013,MILL_EAST,soybean,2.71,2026-02-23,2026-02-28,0.4,false,16.5,0.0,OK
PARCEL_013,MILL_EAST,soybean,2.71,2026-02-23,2026-03-02,0.412,false,34.2,0.0,OK
PARCEL_013,MILL_EAST,soybean,2.71,2026-02-23,2026-03-04,0.311,false,26.6,0.0,OK
PARCEL_013,MILL_EAST,soybean,2.71,2026-02-23,2026-03-05,0.222,false,34.4,0.0,UNKNOWN
PARCEL_013,MILL_EAST,soybean,2.71,2026-02-23,2026-03-06,0.332,false,28.9,3.8,OK
PARCEL_013,MILL_EAST,soybean,2.71,2026-02-23,2026-03-07,0.34,false,21.4,0.0,OK
PARCEL_013,MILL_EAST,soybean,2.71,2026-02-23,2026-03-08,0.222,false,17.1,0.0,OK
PARCEL_013,MILL_EAST,soybean,2.71,2026-02-23,2026-03-09,0.369,false,30.5,0.0,OK
PARCEL_013,MILL_EAST,soybean,2.71,2026-02-23,2026-03-10,0.261,false,19.3,0.0,OK
PARCEL_013,MILL_EAST,soybean,2.71,2026-02-23,2026-03-11,0.389,false,32.7,0.0,UNKNOWN
PARCEL_013,MILL_EAST,soybean,2.71,2026-02-23,2026-03-12,0.34,false,25.5,5.8,ERROR
PARCEL_013,MILL_EAST,soybean,2.71,2026-02-23,2026-03-13,0.353,false,21.3,0.0,ERROR
PARCEL_013,MILL_EAST,soybean,2.71,2026-02-23,2026-03-14,0.351,false,22.6,0.0,OK
PARCEL_013,MILL_EAST,soybean,2.71,2026-02-23,2026-03-15,0.27,false,17.4,0.0,OK
PARCEL_013,MILL_EAST,soybean,2.71,2026-02-23,2026-03-16,0.37,false,19.5,0.0,OK
PARCEL_013,MILL_EAST,soybean,2.71,2026-02-23,2026-03-17,0.296,false,32.6,0.0,UNKNOWN
PARCEL_013,MILL_EAST,soybean,2.71,2026-02-23,2026-03-18,0.55,false,17.4,0.0,UNKNOWN
PARCEL_013,MILL_EAST,soybean,2.71,2026-02-23,2026-03-20,0.342,false,27.2,0.0,OK
PARCEL_013,MILL_EAST,soybean,2.71,2026-02-23,2026-03-21,0.218,false,29.3,0.0,OK
PARCEL_013,MILL_EAST,soybean,2.71,2026-02-23,2026-03-22,0.455,false,33.8,0.0,OK
PARCEL_013,MILL_EAST,soybean,2.71,2026-02-23,2026-03-23,0.395,false,17.0,0.0,OK
PARCEL_013,MILL_EAST,soybean,2.71,2026-02-23,2026-03-24,0.218,false,26.1,0.0,OK
PARCEL_013,MILL_EAST,soybean,2.71,2026-02-23,2026-03-25,0.639,false,18.6,0.2,OK
PARCEL_013,MILL_EAST,soybean,2.71,2026-02-23,2026-03-27,0.392,false,30.4,0.0,OK
PARCEL_013,MILL_EAST,soybean,2.71,2026-02-23,2026-03-29,0.415,false,34.2,0.0,OK
PARCEL_013,MILL_EAST,soybean,2.71,2026-02-23,2026-03-30,0.471,false,32.4,0.0,OK
PARCEL_013,MILL_EAST,soybean,2.71,2026-02-23,2026-03-31,0.707,false,16.0,6.3,OK
PARCEL_013,MILL_EAST,soybean,2.71,2026-02-23,2026-04-02,0.492,false,31.8,0.0,OK
PARCEL_013,MILL_EAST,soybean,2.71,2026-02-23,2026-04-03,0.478,false,26.7,0.0,OK
PARCEL_013,MILL_EAST,soybean,2.71,2026-02-23,2026-04-04,0.673,false,26.6,0.0,OK
PARCEL_013,MILL_EAST,soybean,2.71,2026-02-23,2026-04-05,0.656,false,30.2,0.0,OK
PARCEL_013,MILL_EAST,soybean,2.71,2026-02-23,2026-04-06,0.47,false,29.3,4.3,OK
PARCEL_013,MILL_EAST,soybean,2.71,2026-02-23,2026-04-07,0.4,false,34.2,0.0,OK
PARCEL_013,MILL_EAST,soybean,2.71,2026-02-23,2026-04-08,0.613,false,27.0,0.0,OK
PARCEL_013,MILL_EAST,soybean,2.71,2026-02-23,2026-04-09,0.599,false,30.7,0.0,OK
PARCEL_013,MILL_EAST,soybean,2.71,2026-02-23,2026-04-11,0.374,false,31.2,0.0,OK
PARCEL_013,MILL_EAST,soybean,2.71,2026-02-23,2026-04-12,0.488,false,26.9,0.0,OK
PARCEL_013,MILL_EAST,soybean,2.71,2026-02-23,2026-04-13,0.498,false,20.0,0.0,OK
PARCEL_013,MILL_EAST,soybean,2.71,2026-02-23,2026-04-14,0.406,false,26.6,1.4,OK
PARCEL_013,MILL_EAST,soybean,2.71,2026-02-23,2026-04-15,0.577,false,26.7,0.0,OK
PARCEL_013,MILL_EAST,soybean,2.71,2026-02-23,2026-04-16,0.658,false,28.5,0.0,OK
PARCEL_013,MILL_EAST,soybean,2.71,2026-02-23,2026-04-18,0.517,false,23.6,0.0,UNKNOWN
PARCEL_013,MILL_EAST,soybean,2.71,2026-02-23,2026-04-19,0.613,false,18.4,0.0,OK
PARCEL_013,MILL_EAST,soybean,2.71,2026-02-23,2026-04-20,,true,23.6,4.6,ERROR
PARCEL_013,MILL_EAST,soybean,2.71,2026-02-23,2026-04-21,0.507,false,32.3,0.0,OK
PARCEL_013,MILL_EAST,soybean,2.71,2026-02-23,2026-04-22,0.601,false,20.9,0.0,OK
PARCEL_013,MILL_EAST,soybean,2.71,2026-02-23,2026-04-24,0.428,false,16.7,7.3,OK
PARCEL_013,MILL_EAST,soybean,2.71,2026-02-23,2026-04-26,0.536,false,32.5,11.1,OK
PARCEL_013,MILL_EAST,soybean,2.71,2026-02-23,2026-04-27,0.396,false,21.9,0.0,OK
PARCEL_013,MILL_EAST,soybean,2.71,2026-02-23,2026-04-28,0.576,false,28.3,0.0,OK
PARCEL_013,MILL_EAST,soybean,2.71,2026-02-23,2026-04-29,0.561,false,23.3,4.0,OK
PARCEL_013,MILL_EAST,soybean,2.71,2026-02-23,2026-04-30,0.439,false,31.4,0.0,OK
PARCEL_013,MILL_EAST,soybean,2.71,2026-02-23,2026-05-01,0.419,false,18.7,0.0,OK
PARCEL_013,MILL_EAST,soybean,2.71,2026-02-23,2026-05-02,0.513,false,19.3,1.7,OK
PARCEL_013,MILL_EAST,soybean,2.71,2026-02-23,2026-05-03,0.601,false,34.6,5.2,OK
PARCEL_013,MILL_EAST,soybean,2.71,2026-02-23,2026-05-04,0.637,false,27.5,3.6,OK
PARCEL_013,MILL_EAST,soybean,2.71,2026-02-23,2026-05-05,0.607,false,26.9,0.0,OK
PARCEL_013,MILL_EAST,soybean,2.71,2026-02-23,2026-05-06,0.517,false,20.7,9.8,OK
PARCEL_013,MILL_EAST,soybean,2.71,2026-02-23,2026-05-07,0.619,false,17.3,4.9,OK
PARCEL_013,MILL_EAST,soybean,2.71,2026-02-23,2026-05-08,0.426,false,18.2,0.0,OK
PARCEL_013,MILL_EAST,soybean,2.71,2026-02-23,2026-05-09,0.415,false,25.2,0.0,OK
PARCEL_013,MILL_EAST,soybean,2.71,2026-02-23,2026-05-10,0.651,false,23.8,0.0,OK
PARCEL_013,MILL_EAST,soybean,2.71,2026-02-23,2026-05-11,0.514,false,20.0,0.0,OK
PARCEL_013,MILL_EAST,soybean,2.71,2026-02-23,2026-05-12,0.549,false,23.6,0.0,OK
PARCEL_013,MILL_EAST,soybean,2.71,2026-02-23,2026-05-13,0.507,false,23.4,0.0,OK
PARCEL_013,MILL_EAST,soybean,2.71,2026-02-23,2026-05-14,0.504,false,33.4,0.0,OK
PARCEL_013,MILL_EAST,soybean,2.71,2026-02-23,2026-05-15,0.539,false,18.8,6.6,OK
PARCEL_013,MILL_EAST,soybean,2.71,2026-02-23,2026-05-16,0.561,false,26.1,0.0,OK
PARCEL_013,MILL_EAST,soybean,2.71,2026-02-23,2026-05-17,0.595,false,30.8,4.2,OK
PARCEL_013,MILL_EAST,soybean,2.71,2026-02-23,2026-05-18,0.536,false,26.0,0.0,OK
PARCEL_013,MILL_EAST,soybean,2.71,2026-02-23,2026-05-19,0.642,false,33.7,0.0,OK
PARCEL_013,MILL_EAST,soybean,2.71,2026-02-23,2026-05-20,0.603,false,24.0,0.0,OK
PARCEL_013,MILL_EAST,soybean,2.71,2026-02-23,2026-05-21,0.398,false,27.5,0.0,OK
PARCEL_013,MILL_EAST,soybean,2.71,2026-02-23,2026-05-22,0.467,false,34.6,0.0,OK
PARCEL_013,MILL_EAST,soybean,2.71,2026-02-23,2026-05-23,,true,24.9,0.0,ERROR
PARCEL_013,MILL_EAST,soybean,2.71,2026-02-23,2026-05-24,0.677,false,25.2,0.0,OK
PARCEL_013,MILL_EAST,soybean,2.71,2026-02-23,2026-05-25,0.546,false,32.0,0.0,OK
PARCEL_013,MILL_EAST,soybean,2.71,2026-02-23,2026-05-26,0.531,false,28.9,0.0,OK
PARCEL_013,MILL_EAST,soybean,2.71,2026-02-23,2026-05-27,0.54,false,32.6,0.0,OK
PARCEL_013,MILL_EAST,soybean,2.71,2026-02-23,2026-05-28,0.397,false,33.3,0.0,OK
PARCEL_013,MILL_EAST,soybean,2.71,2026-02-23,2026-05-29,0.509,false,18.1,0.0,OK
PARCEL_013,MILL_EAST,soybean,2.71,2026-02-23,2026-05-30,0.617,false,30.1,0.0,OK
PARCEL_013,MILL_EAST,soybean,2.71,2026-02-23,2026-05-31,0.617,false,17.3,0.0,OK
PARCEL_014,MILL_NORTH,sugarcane,9.39,2026-01-05,2026-01-01,0.176,false,29.5,0.0,OK
PARCEL_014,MILL_NORTH,sugarcane,9.39,2026-01-05,2026-01-02,0.159,false,28.9,0.0,OK
PARCEL_014,MILL_NORTH,sugarcane,9.39,2026-01-05,2026-01-03,,true,17.2,0.0,ERROR
PARCEL_014,MILL_NORTH,sugarcane,9.39,2026-01-05,2026-01-04,0.219,false,20.3,0.0,OK
PARCEL_014,MILL_NORTH,sugarcane,9.39,2026-01-05,2026-01-05,0.49,false,33.3,0.0,OK
PARCEL_014,MILL_NORTH,sugarcane,9.39,2026-01-05,2026-01-06,0.302,false,30.9,0.0,OK
PARCEL_014,MILL_NORTH,sugarcane,9.39,2026-01-05,2026-01-07,0.288,false,19.4,0.0,OK
PARCEL_014,MILL_NORTH,sugarcane,9.39,2026-01-05,2026-01-09,0.288,false,21.4,0.0,OK
PARCEL_014,MILL_NORTH,sugarcane,9.39,2026-01-05,2026-01-10,0.307,false,16.8,0.0,OK
PARCEL_014,MILL_NORTH,sugarcane,9.39,2026-01-05,2026-01-11,,true,27.2,0.0,ERROR
PARCEL_014,MILL_NORTH,sugarcane,9.39,2026-01-05,2026-01-12,0.273,false,31.3,0.0,OK
PARCEL_014,MILL_NORTH,sugarcane,9.39,2026-01-05,2026-01-13,0.341,false,24.0,0.0,OK
PARCEL_014,MILL_NORTH,sugarcane,9.39,2026-01-05,2026-01-14,0.355,false,21.9,0.0,ERROR
PARCEL_014,MILL_NORTH,sugarcane,9.39,2026-01-05,2026-01-15,0.271,false,21.2,0.0,OK
PARCEL_014,MILL_NORTH,sugarcane,9.39,2026-01-05,2026-01-16,0.211,false,15.9,1.8,OK
PARCEL_014,MILL_NORTH,sugarcane,9.39,2026-01-05,2026-01-17,0.224,false,31.7,0.0,OK
PARCEL_014,MILL_NORTH,sugarcane,9.39,2026-01-05,2026-01-18,0.352,false,24.8,0.0,OK
PARCEL_014,MILL_NORTH,sugarcane,9.39,2026-01-05,2026-01-19,0.258,false,27.5,0.0,OK
PARCEL_014,MILL_NORTH,sugarcane,9.39,2026-01-05,2026-01-20,0.432,false,33.9,0.0,UNKNOWN
PARCEL_014,MILL_NORTH,sugarcane,9.39,2026-01-05,2026-01-21,0.453,false,34.9,0.0,ERROR
PARCEL_014,MILL_NORTH,sugarcane,9.39,2026-01-05,2026-01-22,0.472,false,18.6,0.0,OK
PARCEL_014,MILL_NORTH,sugarcane,9.39,2026-01-05,2026-01-24,,true,21.3,1.6,ERROR
PARCEL_014,MILL_NORTH,sugarcane,9.39,2026-01-05,2026-01-25,0.345,false,24.6,0.0,OK
PARCEL_014,MILL_NORTH,sugarcane,9.39,2026-01-05,2026-01-26,0.325,false,21.6,0.0,OK
PARCEL_014,MILL_NORTH,sugarcane,9.39,2026-01-05,2026-01-27,0.457,false,27.6,0.0,OK
PARCEL_014,MILL_NORTH,sugarcane,9.39,2026-01-05,2026-01-28,0.323,false,29.8,0.0,OK
PARCEL_014,MILL_NORTH,sugarcane,9.39,2026-01-05,2026-01-29,0.387,false,19.2,0.0,OK
PARCEL_014,MILL_NORTH,sugarcane,9.39,2026-01-05,2026-01-30,0.469,false,33.8,0.0,OK
PARCEL_014,MILL_NORTH,sugarcane,9.39,2026-01-05,2026-01-31,0.477,false,29.9,0.0,OK
PARCEL_014,MILL_NORTH,sugarcane,9.39,2026-01-05,2026-02-01,0.253,false,20.0,0.0,OK
PARCEL_014,MILL_NORTH,sugarcane,9.39,2026-01-05,2026-02-02,0.275,false,21.4,0.0,OK
PARCEL_014,MILL_NORTH,sugarcane,9.39,2026-01-05,2026-02-03,0.27,false,34.1,0.0,OK
PARCEL_014,MILL_NORTH,sugarcane,9.39,2026-01-05,2026-02-04,,true,29.8,0.0,ERROR
PARCEL_014,MILL_NORTH,sugarcane,9.39,2026-01-05,2026-02-05,0.759,false,30.5,0.0,OK
PARCEL_014,MILL_NORTH,sugarcane,9.39,2026-01-05,2026-02-06,0.707,false,25.7,0.0,OK
PARCEL_014,MILL_NORTH,sugarcane,9.39,2026-01-05,2026-02-07,0.649,false,16.4,0.0,OK
PARCEL_014,MILL_NORTH,sugarcane,9.39,2026-01-05,2026-02-08,0.771,false,25.4,0.0,OK
PARCEL_014,MILL_NORTH,sugarcane,9.39,2026-01-05,2026-02-09,0.762,false,28.7,0.0,OK
PARCEL_014,MILL_NORTH,sugarcane,9.39,2026-01-05,2026-02-10,0.85,false,16.1,0.0,OK
PARCEL_014,MILL_NORTH,sugarcane,9.39,2026-01-05,2026-02-11,0.785,false,16.7,0.0,OK
PARCEL_014,MILL_NORTH,sugarcane,9.39,2026-01-05,2026-02-12,0.8,false,15.8,0.0,OK
PARCEL_014,MILL_NORTH,sugarcane,9.39,2026-01-05,2026-02-14,0.653,false,28.4,0.0,OK
PARCEL_014,MILL_NORTH,sugarcane,9.39,2026-01-05,2026-02-16,0.708,false,17.2,0.0,OK
PARCEL_014,MILL_NORTH,sugarcane,9.39,2026-01-05,2026-02-17,0.677,false,17.7,0.0,OK
PARCEL_014,MILL_NORTH,sugarcane,9.39,2026-01-05,2026-02-18,0.501,false,17.2,0.0,OK
PARCEL_014,MILL_NORTH,sugarcane,9.39,2026-01-05,2026-02-19,0.691,false,28.6,0.0,OK
PARCEL_014,MILL_NORTH,sugarcane,9.39,2026-01-05,2026-02-20,0.795,false,16.1,0.0,OK
PARCEL_014,MILL_NORTH,sugarcane,9.39,2026-01-05,2026-02-21,0.752,false,30.9,0.0,OK
PARCEL_014,MILL_NORTH,sugarcane,9.39,2026-01-05,2026-02-22,0.758,false,18.2,0.0,OK
PARCEL_014,MILL_NORTH,sugarcane,9.39,2026-01-05,2026-02-23,0.572,false,18.0,0.0,OK
PARCEL_014,MILL_NORTH,sugarcane,9.39,2026-01-05,2026-02-24,0.776,false,30.2,0.0,OK
PARCEL_014,MILL_NORTH,sugarcane,9.39,2026-01-05,2026-02-25,0.573,false,29.3,0.0,OK
PARCEL_014,MILL_NORTH,sugarcane,9.39,2026-01-05,2026-02-26,0.591,false,21.9,0.0,OK
PARCEL_014,MILL_NORTH,sugarcane,9.39,2026-01-05,2026-02-28,0.838,false,31.0,11.2,OK
PARCEL_014,MILL_NORTH,sugarcane,9.39,2026-01-05,2026-03-01,0.691,false,16.6,0.0,OK
PARCEL_014,MILL_NORTH,sugarcane,9.39,2026-01-05,2026-03-02,0.844,false,18.0,2.4,OK
PARCEL_014,MILL_NORTH,sugarcane,9.39,2026-01-05,2026-03-03,0.845,false,28.3,0.0,OK
PARCEL_014,MILL_NORTH,sugarcane,9.39,2026-01-05,2026-03-04,0.778,false,25.4,0.0,OK
PARCEL_014,MILL_NORTH,sugarcane,9.39,2026-01-05,2026-03-05,0.542,false,24.3,0.0,ERROR
PARCEL_014,MILL_NORTH,sugarcane,9.39,2026-01-05,2026-03-06,0.64,false,31.7,0.0,OK
PARCEL_014,MILL_NORTH,sugarcane,9.39,2026-01-05,2026-03-07,0.762,false,17.9,4.3,OK
PARCEL_014,MILL_NORTH,sugarcane,9.39,2026-01-05,2026-03-08,,true,25.2,0.0,ERROR
PARCEL_014,MILL_NORTH,sugarcane,9.39,2026-01-05,2026-03-09,0.846,false,16.7,4.3,OK
PARCEL_014,MILL_NORTH,sugarcane,9.39,2026-01-05,2026-03-11,0.739,false,21.2,0.0,UNKNOWN
PARCEL_014,MILL_NORTH,sugarcane,9.39,2026-01-05,2026-03-12,0.743,false,16.0,0.0,OK
PARCEL_014,MILL_NORTH,sugarcane,9.39,2026-01-05,2026-03-13,0.643,false,16.1,3.3,OK
PARCEL_014,MILL_NORTH,sugarcane,9.39,2026-01-05,2026-03-14,0.534,false,33.9,0.0,OK
PARCEL_014,MILL_NORTH,sugarcane,9.39,2026-01-05,2026-03-15,0.627,false,27.2,0.0,OK
PARCEL_014,MILL_NORTH,sugarcane,9.39,2026-01-05,2026-03-17,0.632,false,22.1,0.0,OK
PARCEL_014,MILL_NORTH,sugarcane,9.39,2026-01-05,2026-03-18,0.769,false,18.0,7.8,OK
PARCEL_014,MILL_NORTH,sugarcane,9.39,2026-01-05,2026-03-20,,true,32.6,0.0,ERROR
PARCEL_014,MILL_NORTH,sugarcane,9.39,2026-01-05,2026-03-22,0.715,false,32.1,0.0,ERROR
PARCEL_014,MILL_NORTH,sugarcane,9.39,2026-01-05,2026-03-23,0.578,false,16.8,0.0,OK
PARCEL_014,MILL_NORTH,sugarcane,9.39,2026-01-05,2026-03-24,0.863,false,34.6,7.2,OK
PARCEL_014,MILL_NORTH,sugarcane,9.39,2026-01-05,2026-03-25,0.666,false,24.2,0.0,OK
PARCEL_014,MILL_NORTH,sugarcane,9.39,2026-01-05,2026-03-26,0.772,false,31.6,5.6,OK
PARCEL_014,MILL_NORTH,sugarcane,9.39,2026-01-05,2026-03-27,0.859,false,16.5,0.0,OK
PARCEL_014,MILL_NORTH,sugarcane,9.39,2026-01-05,2026-03-28,0.775,false,28.7,0.0,OK
PARCEL_014,MILL_NORTH,sugarcane,9.39,2026-01-05,2026-03-29,0.734,false,22.9,0.0,OK
PARCEL_014,MILL_NORTH,sugarcane,9.39,2026-01-05,2026-03-30,0.722,false,33.5,0.0,OK
PARCEL_014,MILL_NORTH,sugarcane,9.39,2026-01-05,2026-03-31,0.666,false,28.7,0.3,OK
PARCEL_014,MILL_NORTH,sugarcane,9.39,2026-01-05,2026-04-01,0.599,false,17.9,0.0,UNKNOWN
PARCEL_014,MILL_NORTH,sugarcane,9.39,2026-01-05,2026-04-02,0.676,false,25.6,0.0,OK
PARCEL_014,MILL_NORTH,sugarcane,9.39,2026-01-05,2026-04-03,0.508,false,17.4,0.0,OK
PARCEL_014,MILL_NORTH,sugarcane,9.39,2026-01-05,2026-04-04,0.587,false,28.5,6.6,OK
PARCEL_014,MILL_NORTH,sugarcane,9.39,2026-01-05,2026-04-05,0.615,false,33.6,1.4,UNKNOWN
PARCEL_014,MILL_NORTH,sugarcane,9.39,2026-01-05,2026-04-07,0.565,false,20.7,0.0,OK
PARCEL_014,MILL_NORTH,sugarcane,9.39,2026-01-05,2026-04-09,0.611,false,33.4,0.0,OK
PARCEL_014,MILL_NORTH,sugarcane,9.39,2026-01-05,2026-04-10,0.716,false,27.1,0.0,OK
PARCEL_014,MILL_NORTH,sugarcane,9.39,2026-01-05,2026-04-11,0.735,false,21.2,0.0,OK
PARCEL_014,MILL_NORTH,sugarcane,9.39,2026-01-05,2026-04-12,,true,24.6,0.0,ERROR
PARCEL_014,MILL_NORTH,sugarcane,9.39,2026-01-05,2026-04-13,0.651,false,26.3,0.0,OK
PARCEL_014,MILL_NORTH,sugarcane,9.39,2026-01-05,2026-04-14,0.503,false,27.8,0.0,OK
PARCEL_014,MILL_NORTH,sugarcane,9.39,2026-01-05,2026-04-15,0.614,false,24.4,0.0,OK
PARCEL_014,MILL_NORTH,sugarcane,9.39,2026-01-05,2026-04-16,0.496,false,30.6,0.0,OK
PARCEL_014,MILL_NORTH,sugarcane,9.39,2026-01-05,2026-04-17,0.641,false,32.9,0.0,OK
PARCEL_014,MILL_NORTH,sugarcane,9.39,2026-01-05,2026-04-18,0.517,false,20.6,0.0,OK
PARCEL_014,MILL_NORTH,sugarcane,9.39,2026-01-05,2026-04-20,0.67,false,21.0,0.0,OK
PARCEL_014,MILL_NORTH,sugarcane,9.39,2026-01-05,2026-04-21,0.424,false,16.0,0.0,OK
PARCEL_014,MILL_NORTH,sugarcane,9.39,2026-01-05,2026-04-22,0.712,false,30.4,0.0,OK
PARCEL_014,MILL_NORTH,sugarcane,9.39,2026-01-05,2026-04-23,0.469,false,30.1,0.0,OK
PARCEL_014,MILL_NORTH,sugarcane,9.39,2026-01-05,2026-04-25,0.519,false,35.4,0.0,OK
PARCEL_014,MILL_NORTH,sugarcane,9.39,2026-01-05,2026-04-26,0.618,false,26.2,0.0,OK
PARCEL_014,MILL_NORTH,sugarcane,9.39,2026-01-05,2026-04-27,0.512,false,34.1,0.0,OK
PARCEL_014,MILL_NORTH,sugarcane,9.39,2026-01-05,2026-04-28,0.45,false,17.7,0.0,OK
PARCEL_014,MILL_NORTH,sugarcane,9.39,2026-01-05,2026-04-29,0.611,false,22.7,0.0,OK
PARCEL_014,MILL_NORTH,sugarcane,9.39,2026-01-05,2026-05-02,0.449,false,30.9,0.0,OK
PARCEL_014,MILL_NORTH,sugarcane,9.39,2026-01-05,2026-05-03,0.384,false,25.7,1.1,OK
PARCEL_014,MILL_NORTH,sugarcane,9.39,2026-01-05,2026-05-04,0.503,false,18.1,0.0,OK
PARCEL_014,MILL_NORTH,sugarcane,9.39,2026-01-05,2026-05-05,0.571,false,30.2,0.0,OK
PARCEL_014,MILL_NORTH,sugarcane,9.39,2026-01-05,2026-05-06,0.413,false,15.7,0.0,OK
PARCEL_014,MILL_NORTH,sugarcane,9.39,2026-01-05,2026-05-07,0.553,false,31.1,0.0,OK
PARCEL_014,MILL_NORTH,sugarcane,9.39,2026-01-05,2026-05-08,0.368,false,18.0,0.0,OK
PARCEL_014,MILL_NORTH,sugarcane,9.39,2026-01-05,2026-05-09,0.677,false,29.4,5.8,OK
PARCEL_014,MILL_NORTH,sugarcane,9.39,2026-01-05,2026-05-10,0.391,false,18.6,0.0,OK
PARCEL_014,MILL_NORTH,sugarcane,9.39,2026-01-05,2026-05-11,0.585,false,24.9,0.0,OK
PARCEL_014,MILL_NORTH,sugarcane,9.39,2026-01-05,2026-05-12,0.401,false,29.6,0.0,OK
PARCEL_014,MILL_NORTH,sugarcane,9.39,2026-01-05,2026-05-13,0.613,false,16.6,0.0,OK
PARCEL_014,MILL_NORTH,sugarcane,9.39,2026-01-05,2026-05-14,0.48,false,19.3,2.2,OK
PARCEL_014,MILL_NORTH,sugarcane,9.39,2026-01-05,2026-05-15,0.705,false,18.1,0.0,OK
PARCEL_014,MILL_NORTH,sugarcane,9.39,2026-01-05,2026-05-16,0.427,false,17.6,2.9,OK
PARCEL_014,MILL_NORTH,sugarcane,9.39,2026-01-05,2026-05-17,0.645,false,29.9,0.0,OK
PARCEL_014,MILL_NORTH,sugarcane,9.39,2026-01-05,2026-05-18,0.572,false,18.8,1.0,OK
PARCEL_014,MILL_NORTH,sugarcane,9.39,2026-01-05,2026-05-19,0.517,false,20.7,0.0,ERROR
PARCEL_014,MILL_NORTH,sugarcane,9.39,2026-01-05,2026-05-20,0.522,false,32.9,4.1,OK
PARCEL_014,MILL_NORTH,sugarcane,9.39,2026-01-05,2026-05-21,0.569,false,25.2,0.0,OK
PARCEL_014,MILL_NORTH,sugarcane,9.39,2026-01-05,2026-05-22,0.439,false,19.4,0.0,OK
PARCEL_014,MILL_NORTH,sugarcane,9.39,2026-01-05,2026-05-23,0.488,false,29.0,0.0,ERROR
PARCEL_014,MILL_NORTH,sugarcane,9.39,2026-01-05,2026-05-25,0.528,false,23.0,5.5,OK
PARCEL_014,MILL_NORTH,sugarcane,9.39,2026-01-05,2026-05-26,0.48,false,29.7,0.0,OK
PARCEL_014,MILL_NORTH,sugarcane,9.39,2026-01-05,2026-05-27,0.763,false,32.6,0.0,OK
PARCEL_014,MILL_NORTH,sugarcane,9.39,2026-01-05,2026-05-28,0.55,false,21.0,0.0,OK
PARCEL_014,MILL_NORTH,sugarcane,9.39,2026-01-05,2026-05-29,0.712,false,23.8,0.0,OK
PARCEL_014,MILL_NORTH,sugarcane,9.39,2026-01-05,2026-05-31,0.454,false,29.3,0.0,OK
PARCEL_015,MILL_SOUTH,sugarcane,4.87,2026-01-06,2026-01-01,0.204,false,18.0,0.0,OK
PARCEL_015,MILL_SOUTH,sugarcane,4.87,2026-01-06,2026-01-02,0.288,false,26.4,0.0,OK
PARCEL_015,MILL_SOUTH,sugarcane,4.87,2026-01-06,2026-01-03,0.35,false,21.3,0.0,OK
PARCEL_015,MILL_SOUTH,sugarcane,4.87,2026-01-06,2026-01-04,0.18,false,22.6,7.5,OK
PARCEL_015,MILL_SOUTH,sugarcane,4.87,2026-01-06,2026-01-05,0.183,false,33.1,0.0,OK
PARCEL_015,MILL_SOUTH,sugarcane,4.87,2026-01-06,2026-01-06,0.451,false,34.8,0.0,OK
PARCEL_015,MILL_SOUTH,sugarcane,4.87,2026-01-06,2026-01-07,0.424,false,34.7,0.0,OK
PARCEL_015,MILL_SOUTH,sugarcane,4.87,2026-01-06,2026-01-08,0.309,false,15.4,7.1,OK
PARCEL_015,MILL_SOUTH,sugarcane,4.87,2026-01-06,2026-01-09,0.307,false,31.9,0.0,UNKNOWN
PARCEL_015,MILL_SOUTH,sugarcane,4.87,2026-01-06,2026-01-10,0.408,false,18.9,0.0,OK
PARCEL_015,MILL_SOUTH,sugarcane,4.87,2026-01-06,2026-01-11,0.257,false,34.0,0.0,OK
PARCEL_015,MILL_SOUTH,sugarcane,4.87,2026-01-06,2026-01-12,0.426,false,26.1,0.4,ERROR
PARCEL_015,MILL_SOUTH,sugarcane,4.87,2026-01-06,2026-01-14,0.44,false,15.5,0.0,OK
PARCEL_015,MILL_SOUTH,sugarcane,4.87,2026-01-06,2026-01-15,0.5,false,23.9,0.4,OK
PARCEL_015,MILL_SOUTH,sugarcane,4.87,2026-01-06,2026-01-16,0.348,false,15.4,0.0,ERROR
PARCEL_015,MILL_SOUTH,sugarcane,4.87,2026-01-06,2026-01-17,0.433,false,34.0,0.0,OK
PARCEL_015,MILL_SOUTH,sugarcane,4.87,2026-01-06,2026-01-18,0.439,false,27.5,0.4,OK
PARCEL_015,MILL_SOUTH,sugarcane,4.87,2026-01-06,2026-01-19,0.324,false,22.7,0.0,OK
PARCEL_015,MILL_SOUTH,sugarcane,4.87,2026-01-06,2026-01-20,0.265,false,19.9,0.0,OK
PARCEL_015,MILL_SOUTH,sugarcane,4.87,2026-01-06,2026-01-21,0.418,false,27.5,0.0,OK
PARCEL_015,MILL_SOUTH,sugarcane,4.87,2026-01-06,2026-01-22,0.171,false,24.3,0.0,OK
PARCEL_015,MILL_SOUTH,sugarcane,4.87,2026-01-06,2026-01-24,0.43,false,34.5,0.0,OK
PARCEL_015,MILL_SOUTH,sugarcane,4.87,2026-01-06,2026-01-25,0.216,false,32.3,0.0,UNKNOWN
PARCEL_015,MILL_SOUTH,sugarcane,4.87,2026-01-06,2026-01-27,0.234,false,24.4,0.0,OK
PARCEL_015,MILL_SOUTH,sugarcane,4.87,2026-01-06,2026-01-28,0.466,false,30.9,0.0,OK
PARCEL_015,MILL_SOUTH,sugarcane,4.87,2026-01-06,2026-01-29,0.351,false,24.0,8.1,OK
PARCEL_015,MILL_SOUTH,sugarcane,4.87,2026-01-06,2026-01-30,0.513,false,33.5,1.6,OK
PARCEL_015,MILL_SOUTH,sugarcane,4.87,2026-01-06,2026-01-31,0.282,false,32.0,0.0,OK
PARCEL_015,MILL_SOUTH,sugarcane,4.87,2026-01-06,2026-02-01,0.348,false,29.5,7.6,OK
PARCEL_015,MILL_SOUTH,sugarcane,4.87,2026-01-06,2026-02-02,0.321,false,24.5,7.3,OK
PARCEL_015,MILL_SOUTH,sugarcane,4.87,2026-01-06,2026-02-03,0.199,false,29.7,0.0,OK
PARCEL_015,MILL_SOUTH,sugarcane,4.87,2026-01-06,2026-02-04,0.388,false,18.9,0.0,OK
PARCEL_015,MILL_SOUTH,sugarcane,4.87,2026-01-06,2026-02-05,0.771,false,31.2,0.0,OK
PARCEL_015,MILL_SOUTH,sugarcane,4.87,2026-01-06,2026-02-06,0.714,false,34.3,0.0,OK
PARCEL_015,MILL_SOUTH,sugarcane,4.87,2026-01-06,2026-02-07,0.734,false,17.0,9.2,OK
PARCEL_015,MILL_SOUTH,sugarcane,4.87,2026-01-06,2026-02-08,0.616,false,26.7,3.5,OK
PARCEL_015,MILL_SOUTH,sugarcane,4.87,2026-01-06,2026-02-09,0.631,false,29.3,0.0,OK
PARCEL_015,MILL_SOUTH,sugarcane,4.87,2026-01-06,2026-02-10,0.624,false,18.1,0.0,OK
PARCEL_015,MILL_SOUTH,sugarcane,4.87,2026-01-06,2026-02-11,0.762,false,18.0,8.6,OK
PARCEL_015,MILL_SOUTH,sugarcane,4.87,2026-01-06,2026-02-12,0.681,false,18.2,0.0,OK
PARCEL_015,MILL_SOUTH,sugarcane,4.87,2026-01-06,2026-02-13,0.802,false,16.3,0.0,OK
PARCEL_015,MILL_SOUTH,sugarcane,4.87,2026-01-06,2026-02-14,0.707,false,21.3,0.0,OK
PARCEL_015,MILL_SOUTH,sugarcane,4.87,2026-01-06,2026-02-15,0.82,false,18.4,0.0,OK
PARCEL_015,MILL_SOUTH,sugarcane,4.87,2026-01-06,2026-02-17,0.709,false,26.3,0.0,ERROR
PARCEL_015,MILL_SOUTH,sugarcane,4.87,2026-01-06,2026-02-18,0.825,false,33.8,0.0,OK
PARCEL_015,MILL_SOUTH,sugarcane,4.87,2026-01-06,2026-02-19,0.597,false,22.1,0.0,OK
PARCEL_015,MILL_SOUTH,sugarcane,4.87,2026-01-06,2026-02-20,0.707,false,23.3,5.0,OK
PARCEL_015,MILL_SOUTH,sugarcane,4.87,2026-01-06,2026-02-21,0.652,false,25.3,0.0,OK
PARCEL_015,MILL_SOUTH,sugarcane,4.87,2026-01-06,2026-02-22,0.556,false,17.1,3.7,OK
PARCEL_015,MILL_SOUTH,sugarcane,4.87,2026-01-06,2026-02-23,0.521,false,34.2,0.0,OK
PARCEL_015,MILL_SOUTH,sugarcane,4.87,2026-01-06,2026-02-25,0.671,false,34.1,0.0,OK
PARCEL_015,MILL_SOUTH,sugarcane,4.87,2026-01-06,2026-02-27,0.773,false,21.7,0.0,OK
PARCEL_015,MILL_SOUTH,sugarcane,4.87,2026-01-06,2026-02-28,0.718,false,17.0,0.0,OK
PARCEL_015,MILL_SOUTH,sugarcane,4.87,2026-01-06,2026-03-01,0.797,false,20.6,0.0,OK
PARCEL_015,MILL_SOUTH,sugarcane,4.87,2026-01-06,2026-03-02,0.635,false,30.7,0.0,OK
PARCEL_015,MILL_SOUTH,sugarcane,4.87,2026-01-06,2026-03-03,0.722,false,16.0,0.0,OK
PARCEL_015,MILL_SOUTH,sugarcane,4.87,2026-01-06,2026-03-04,0.742,false,30.9,0.0,OK
PARCEL_015,MILL_SOUTH,sugarcane,4.87,2026-01-06,2026-03-05,0.869,false,25.6,0.0,OK
PARCEL_015,MILL_SOUTH,sugarcane,4.87,2026-01-06,2026-03-06,0.786,false,34.6,0.0,OK
PARCEL_015,MILL_SOUTH,sugarcane,4.87,2026-01-06,2026-03-07,0.66,false,22.9,0.0,OK
PARCEL_015,MILL_SOUTH,sugarcane,4.87,2026-01-06,2026-03-09,0.684,false,27.0,0.0,OK
PARCEL_015,MILL_SOUTH,sugarcane,4.87,2026-01-06,2026-03-10,0.492,false,25.0,0.2,OK
PARCEL_015,MILL_SOUTH,sugarcane,4.87,2026-01-06,2026-03-11,0.728,false,28.7,0.0,OK
PARCEL_015,MILL_SOUTH,sugarcane,4.87,2026-01-06,2026-03-12,0.495,false,15.5,0.0,OK
PARCEL_015,MILL_SOUTH,sugarcane,4.87,2026-01-06,2026-03-13,0.552,false,16.9,0.0,OK
PARCEL_015,MILL_SOUTH,sugarcane,4.87,2026-01-06,2026-03-14,0.551,false,16.7,1.4,OK
PARCEL_015,MILL_SOUTH,sugarcane,4.87,2026-01-06,2026-03-15,0.666,false,26.9,0.0,OK
PARCEL_015,MILL_SOUTH,sugarcane,4.87,2026-01-06,2026-03-16,0.721,false,33.8,0.0,OK
PARCEL_015,MILL_SOUTH,sugarcane,4.87,2026-01-06,2026-03-18,0.691,false,21.1,0.0,UNKNOWN
PARCEL_015,MILL_SOUTH,sugarcane,4.87,2026-01-06,2026-03-19,0.873,false,26.3,0.0,OK
PARCEL_015,MILL_SOUTH,sugarcane,4.87,2026-01-06,2026-03-20,0.762,false,20.1,0.0,OK
PARCEL_015,MILL_SOUTH,sugarcane,4.87,2026-01-06,2026-03-22,0.734,false,22.6,1.6,UNKNOWN
PARCEL_015,MILL_SOUTH,sugarcane,4.87,2026-01-06,2026-03-23,0.933,false,32.3,2.0,OK
PARCEL_015,MILL_SOUTH,sugarcane,4.87,2026-01-06,2026-03-24,0.727,false,28.7,6.1,OK
PARCEL_015,MILL_SOUTH,sugarcane,4.87,2026-01-06,2026-03-26,0.545,false,17.6,0.0,OK
PARCEL_015,MILL_SOUTH,sugarcane,4.87,2026-01-06,2026-03-27,0.745,false,24.8,0.0,OK
PARCEL_015,MILL_SOUTH,sugarcane,4.87,2026-01-06,2026-03-28,0.763,false,33.8,0.0,OK
PARCEL_015,MILL_SOUTH,sugarcane,4.87,2026-01-06,2026-03-30,0.646,false,18.6,0.0,OK
PARCEL_015,MILL_SOUTH,sugarcane,4.87,2026-01-06,2026-03-31,0.863,false,35.4,0.0,OK
PARCEL_015,MILL_SOUTH,sugarcane,4.87,2026-01-06,2026-04-01,0.607,false,34.0,0.0,OK
PARCEL_015,MILL_SOUTH,sugarcane,4.87,2026-01-06,2026-04-03,0.871,false,28.6,0.0,UNKNOWN
PARCEL_015,MILL_SOUTH,sugarcane,4.87,2026-01-06,2026-04-04,0.767,false,29.5,0.0,OK
PARCEL_015,MILL_SOUTH,sugarcane,4.87,2026-01-06,2026-04-05,0.807,false,21.0,0.0,OK
PARCEL_015,MILL_SOUTH,sugarcane,4.87,2026-01-06,2026-04-06,0.578,false,17.6,0.0,OK
PARCEL_015,MILL_SOUTH,sugarcane,4.87,2026-01-06,2026-04-07,,true,33.2,0.0,ERROR
PARCEL_015,MILL_SOUTH,sugarcane,4.87,2026-01-06,2026-04-08,0.722,false,18.1,4.8,OK
PARCEL_015,MILL_SOUTH,sugarcane,4.87,2026-01-06,2026-04-09,0.633,false,24.9,0.0,OK
PARCEL_015,MILL_SOUTH,sugarcane,4.87,2026-01-06,2026-04-10,0.484,false,17.9,0.0,OK
PARCEL_015,MILL_SOUTH,sugarcane,4.87,2026-01-06,2026-04-11,0.397,false,26.8,0.0,OK
PARCEL_015,MILL_SOUTH,sugarcane,4.87,2026-01-06,2026-04-12,0.529,false,26.6,0.0,OK
PARCEL_015,MILL_SOUTH,sugarcane,4.87,2026-01-06,2026-04-13,0.664,false,29.5,0.0,OK
PARCEL_015,MILL_SOUTH,sugarcane,4.87,2026-01-06,2026-04-14,0.46,false,21.2,0.0,OK
PARCEL_015,MILL_SOUTH,sugarcane,4.87,2026-01-06,2026-04-15,,true,19.3,0.0,ERROR
PARCEL_015,MILL_SOUTH,sugarcane,4.87,2026-01-06,2026-04-16,0.459,false,21.4,0.7,OK
PARCEL_015,MILL_SOUTH,sugarcane,4.87,2026-01-06,2026-04-17,0.46,false,20.8,0.0,OK
PARCEL_015,MILL_SOUTH,sugarcane,4.87,2026-01-06,2026-04-18,0.414,false,34.5,0.0,OK
PARCEL_015,MILL_SOUTH,sugarcane,4.87,2026-01-06,2026-04-19,0.5,false,31.9,0.0,OK
PARCEL_015,MILL_SOUTH,sugarcane,4.87,2026-01-06,2026-04-20,0.395,false,34.8,0.0,OK
PARCEL_015,MILL_SOUTH,sugarcane,4.87,2026-01-06,2026-04-21,0.474,false,34.5,11.8,OK
PARCEL_015,MILL_SOUTH,sugarcane,4.87,2026-01-06,2026-04-22,0.589,false,35.1,2.0,ERROR
PARCEL_015,MILL_SOUTH,sugarcane,4.87,2026-01-06,2026-04-23,0.436,false,33.4,0.0,OK
PARCEL_015,MILL_SOUTH,sugarcane,4.87,2026-01-06,2026-04-24,0.703,false,22.7,0.0,ERROR
PARCEL_015,MILL_SOUTH,sugarcane,4.87,2026-01-06,2026-04-25,0.556,false,31.6,0.0,OK
PARCEL_015,MILL_SOUTH,sugarcane,4.87,2026-01-06,2026-04-26,0.615,false,34.0,0.0,ERROR
PARCEL_015,MILL_SOUTH,sugarcane,4.87,2026-01-06,2026-04-27,0.484,false,18.3,0.0,OK
PARCEL_015,MILL_SOUTH,sugarcane,4.87,2026-01-06,2026-04-28,0.441,false,32.9,1.7,OK
PARCEL_015,MILL_SOUTH,sugarcane,4.87,2026-01-06,2026-04-29,0.52,false,16.5,0.0,OK
PARCEL_015,MILL_SOUTH,sugarcane,4.87,2026-01-06,2026-04-30,0.511,false,23.7,3.4,OK
PARCEL_015,MILL_SOUTH,sugarcane,4.87,2026-01-06,2026-05-01,0.495,false,24.6,9.2,OK
PARCEL_015,MILL_SOUTH,sugarcane,4.87,2026-01-06,2026-05-02,0.5,false,22.6,3.5,OK
PARCEL_015,MILL_SOUTH,sugarcane,4.87,2026-01-06,2026-05-03,0.487,false,19.6,0.0,OK
PARCEL_015,MILL_SOUTH,sugarcane,4.87,2026-01-06,2026-05-04,0.513,false,29.0,0.0,OK
PARCEL_015,MILL_SOUTH,sugarcane,4.87,2026-01-06,2026-05-05,0.671,false,34.1,0.0,OK
PARCEL_015,MILL_SOUTH,sugarcane,4.87,2026-01-06,2026-05-06,0.49,false,18.1,0.0,OK
PARCEL_015,MILL_SOUTH,sugarcane,4.87,2026-01-06,2026-05-08,0.387,false,32.0,0.0,OK
PARCEL_015,MILL_SOUTH,sugarcane,4.87,2026-01-06,2026-05-09,,true,21.9,0.0,ERROR
PARCEL_015,MILL_SOUTH,sugarcane,4.87,2026-01-06,2026-05-10,,true,28.6,0.0,ERROR
PARCEL_015,MILL_SOUTH,sugarcane,4.87,2026-01-06,2026-05-11,0.724,false,33.6,8.6,OK
PARCEL_015,MILL_SOUTH,sugarcane,4.87,2026-01-06,2026-05-12,0.668,false,27.4,7.7,OK
PARCEL_015,MILL_SOUTH,sugarcane,4.87,2026-01-06,2026-05-13,0.661,false,33.2,0.0,OK
PARCEL_015,MILL_SOUTH,sugarcane,4.87,2026-01-06,2026-05-14,0.621,false,24.2,0.0,OK
PARCEL_015,MILL_SOUTH,sugarcane,4.87,2026-01-06,2026-05-16,0.505,false,32.0,0.0,OK
PARCEL_015,MILL_SOUTH,sugarcane,4.87,2026-01-06,2026-05-17,0.592,false,24.7,12.4,OK
PARCEL_015,MILL_SOUTH,sugarcane,4.87,2026-01-06,2026-05-18,0.478,false,25.5,4.4,OK
PARCEL_015,MILL_SOUTH,sugarcane,4.87,2026-01-06,2026-05-20,0.647,false,34.9,7.9,OK
PARCEL_015,MILL_SOUTH,sugarcane,4.87,2026-01-06,2026-05-21,0.582,false,32.2,0.0,OK
PARCEL_015,MILL_SOUTH,sugarcane,4.87,2026-01-06,2026-05-22,0.506,false,17.9,8.0,OK
PARCEL_015,MILL_SOUTH,sugarcane,4.87,2026-01-06,2026-05-23,0.446,false,17.4,0.0,OK
PARCEL_015,MILL_SOUTH,sugarcane,4.87,2026-01-06,2026-05-24,0.613,false,18.4,0.0,OK
PARCEL_015,MILL_SOUTH,sugarcane,4.87,2026-01-06,2026-05-25,0.543,false,35.2,0.0,OK
PARCEL_015,MILL_SOUTH,sugarcane,4.87,2026-01-06,2026-05-26,0.548,false,16.6,0.0,OK
PARCEL_015,MILL_SOUTH,sugarcane,4.87,2026-01-06,2026-05-27,0.443,false,20.0,0.0,OK
PARCEL_015,MILL_SOUTH,sugarcane,4.87,2026-01-06,2026-05-28,0.592,false,28.5,2.6,OK
PARCEL_015,MILL_SOUTH,sugarcane,4.87,2026-01-06,2026-05-29,0.611,false,24.7,0.0,OK
PARCEL_015,MILL_SOUTH,sugarcane,4.87,2026-01-06,2026-05-31,0.664,false,31.2,0.0,OK
PARCEL_016,MILL_EAST,sugarcane,4.76,2026-01-30,2026-01-01,0.008,false,21.9,0.0,OK
PARCEL_016,MILL_EAST,sugarcane,4.76,2026-01-30,2026-01-02,0.144,false,19.2,0.0,OK
PARCEL_016,MILL_EAST,sugarcane,4.76,2026-01-30,2026-01-03,0.125,false,23.7,4.3,OK
PARCEL_016,MILL_EAST,sugarcane,4.76,2026-01-30,2026-01-05,0.071,false,26.5,0.0,OK
PARCEL_016,MILL_EAST,sugarcane,4.76,2026-01-30,2026-01-06,0.308,false,23.2,0.0,OK
PARCEL_016,MILL_EAST,sugarcane,4.76,2026-01-30,2026-01-07,0.232,false,30.5,4.6,OK
PARCEL_016,MILL_EAST,sugarcane,4.76,2026-01-30,2026-01-08,0.265,false,24.6,0.0,OK
PARCEL_016,MILL_EAST,sugarcane,4.76,2026-01-30,2026-01-09,0.189,false,33.1,0.0,OK
PARCEL_016,MILL_EAST,sugarcane,4.76,2026-01-30,2026-01-10,0.196,false,28.5,0.0,OK
PARCEL_016,MILL_EAST,sugarcane,4.76,2026-01-30,2026-01-12,0.225,false,31.9,0.0,OK
PARCEL_016,MILL_EAST,sugarcane,4.76,2026-01-30,2026-01-13,0.219,false,29.3,0.0,OK
PARCEL_016,MILL_EAST,sugarcane,4.76,2026-01-30,2026-01-14,0.153,false,26.6,0.0,OK
PARCEL_016,MILL_EAST,sugarcane,4.76,2026-01-30,2026-01-15,0.184,false,34.9,1.6,OK
PARCEL_016,MILL_EAST,sugarcane,4.76,2026-01-30,2026-01-16,0.198,false,22.9,0.0,OK
PARCEL_016,MILL_EAST,sugarcane,4.76,2026-01-30,2026-01-17,0.168,false,26.5,0.0,OK
PARCEL_016,MILL_EAST,sugarcane,4.76,2026-01-30,2026-01-18,0.085,false,25.7,0.0,OK
PARCEL_016,MILL_EAST,sugarcane,4.76,2026-01-30,2026-01-20,0.161,false,25.7,0.0,OK
PARCEL_016,MILL_EAST,sugarcane,4.76,2026-01-30,2026-01-21,0.122,false,34.6,0.0,ERROR
PARCEL_016,MILL_EAST,sugarcane,4.76,2026-01-30,2026-01-22,0.079,false,33.1,0.0,OK
PARCEL_016,MILL_EAST,sugarcane,4.76,2026-01-30,2026-01-23,0.109,false,20.7,0.0,OK
PARCEL_016,MILL_EAST,sugarcane,4.76,2026-01-30,2026-01-24,0.084,false,28.7,0.0,OK
PARCEL_016,MILL_EAST,sugarcane,4.76,2026-01-30,2026-01-25,0.118,false,33.9,0.0,OK
PARCEL_016,MILL_EAST,sugarcane,4.76,2026-01-30,2026-01-26,0.194,false,20.6,2.4,UNKNOWN
PARCEL_016,MILL_EAST,sugarcane,4.76,2026-01-30,2026-01-27,0.233,false,30.5,0.0,OK
PARCEL_016,MILL_EAST,sugarcane,4.76,2026-01-30,2026-01-28,0.168,false,31.2,3.9,OK
PARCEL_016,MILL_EAST,sugarcane,4.76,2026-01-30,2026-01-29,0.213,false,16.5,0.0,OK
PARCEL_016,MILL_EAST,sugarcane,4.76,2026-01-30,2026-01-30,0.379,false,17.4,0.0,OK
PARCEL_016,MILL_EAST,sugarcane,4.76,2026-01-30,2026-01-31,0.276,false,21.9,0.0,OK
PARCEL_016,MILL_EAST,sugarcane,4.76,2026-01-30,2026-02-01,0.395,false,16.8,0.0,OK
PARCEL_016,MILL_EAST,sugarcane,4.76,2026-01-30,2026-02-02,0.23,false,19.7,0.0,UNKNOWN
PARCEL_016,MILL_EAST,sugarcane,4.76,2026-01-30,2026-02-03,0.26,false,28.7,0.0,OK
PARCEL_016,MILL_EAST,sugarcane,4.76,2026-01-30,2026-02-04,0.285,false,28.5,0.0,OK
PARCEL_016,MILL_EAST,sugarcane,4.76,2026-01-30,2026-02-05,0.422,false,26.1,0.0,ERROR
PARCEL_016,MILL_EAST,sugarcane,4.76,2026-01-30,2026-02-06,0.235,false,30.4,0.0,OK
PARCEL_016,MILL_EAST,sugarcane,4.76,2026-01-30,2026-02-07,0.336,false,20.6,0.0,OK
PARCEL_016,MILL_EAST,sugarcane,4.76,2026-01-30,2026-02-08,0.387,false,32.0,0.0,OK
PARCEL_016,MILL_EAST,sugarcane,4.76,2026-01-30,2026-02-09,0.333,false,29.9,0.0,OK
PARCEL_016,MILL_EAST,sugarcane,4.76,2026-01-30,2026-02-10,0.432,false,20.0,4.7,OK
PARCEL_016,MILL_EAST,sugarcane,4.76,2026-01-30,2026-02-12,0.34,false,24.2,0.0,OK
PARCEL_016,MILL_EAST,sugarcane,4.76,2026-01-30,2026-02-13,0.355,false,30.9,0.0,OK
PARCEL_016,MILL_EAST,sugarcane,4.76,2026-01-30,2026-02-14,0.264,false,28.2,9.6,UNKNOWN
PARCEL_016,MILL_EAST,sugarcane,4.76,2026-01-30,2026-02-15,0.31,false,19.7,0.0,OK
PARCEL_016,MILL_EAST,sugarcane,4.76,2026-01-30,2026-02-16,0.465,false,31.3,0.0,OK
PARCEL_016,MILL_EAST,sugarcane,4.76,2026-01-30,2026-02-17,0.313,false,21.2,0.0,OK
PARCEL_016,MILL_EAST,sugarcane,4.76,2026-01-30,2026-02-18,0.306,false,30.9,0.0,UNKNOWN
PARCEL_016,MILL_EAST,sugarcane,4.76,2026-01-30,2026-02-19,0.316,false,33.9,0.0,OK
PARCEL_016,MILL_EAST,sugarcane,4.76,2026-01-30,2026-02-20,0.208,false,22.2,0.0,OK
PARCEL_016,MILL_EAST,sugarcane,4.76,2026-01-30,2026-02-21,0.283,false,29.2,0.0,OK
PARCEL_016,MILL_EAST,sugarcane,4.76,2026-01-30,2026-02-22,0.439,false,27.9,0.0,OK
PARCEL_016,MILL_EAST,sugarcane,4.76,2026-01-30,2026-02-23,0.203,false,16.3,0.0,OK
PARCEL_016,MILL_EAST,sugarcane,4.76,2026-01-30,2026-02-24,0.364,false,28.8,0.0,UNKNOWN
PARCEL_016,MILL_EAST,sugarcane,4.76,2026-01-30,2026-02-25,0.339,false,31.4,0.0,OK
PARCEL_016,MILL_EAST,sugarcane,4.76,2026-01-30,2026-02-26,0.222,false,30.1,0.0,OK
PARCEL_016,MILL_EAST,sugarcane,4.76,2026-01-30,2026-02-27,0.49,false,30.4,0.0,OK
PARCEL_016,MILL_EAST,sugarcane,4.76,2026-01-30,2026-02-28,0.233,false,29.0,0.0,OK
PARCEL_016,MILL_EAST,sugarcane,4.76,2026-01-30,2026-03-01,0.822,false,26.2,1.8,ERROR
PARCEL_016,MILL_EAST,sugarcane,4.76,2026-01-30,2026-03-02,0.673,false,27.4,0.0,OK
PARCEL_016,MILL_EAST,sugarcane,4.76,2026-01-30,2026-03-04,0.705,false,30.8,0.0,OK
PARCEL_016,MILL_EAST,sugarcane,4.76,2026-01-30,2026-03-05,0.681,false,19.1,0.0,OK
PARCEL_016,MILL_EAST,sugarcane,4.76,2026-01-30,2026-03-06,0.752,false,20.8,0.0,OK
PARCEL_016,MILL_EAST,sugarcane,4.76,2026-01-30,2026-03-07,0.741,false,23.4,0.0,OK
PARCEL_016,MILL_EAST,sugarcane,4.76,2026-01-30,2026-03-08,0.77,false,18.6,0.0,OK
PARCEL_016,MILL_EAST,sugarcane,4.76,2026-01-30,2026-03-09,0.738,false,21.8,0.0,OK
PARCEL_016,MILL_EAST,sugarcane,4.76,2026-01-30,2026-03-10,0.811,false,28.4,0.0,OK
PARCEL_016,MILL_EAST,sugarcane,4.76,2026-01-30,2026-03-12,0.708,false,16.0,0.0,OK
PARCEL_016,MILL_EAST,sugarcane,4.76,2026-01-30,2026-03-13,0.72,false,27.0,0.0,OK
PARCEL_016,MILL_EAST,sugarcane,4.76,2026-01-30,2026-03-14,0.591,false,18.5,0.0,OK
PARCEL_016,MILL_EAST,sugarcane,4.76,2026-01-30,2026-03-15,0.86,false,18.6,0.0,OK
PARCEL_016,MILL_EAST,sugarcane,4.76,2026-01-30,2026-03-16,0.613,false,27.1,0.0,OK
PARCEL_016,MILL_EAST,sugarcane,4.76,2026-01-30,2026-03-17,0.814,false,16.3,0.0,OK
PARCEL_016,MILL_EAST,sugarcane,4.76,2026-01-30,2026-03-18,0.643,false,20.4,0.0,OK
PARCEL_016,MILL_EAST,sugarcane,4.76,2026-01-30,2026-03-19,0.799,false,30.4,0.0,OK
PARCEL_016,MILL_EAST,sugarcane,4.76,2026-01-30,2026-03-20,0.618,false,34.1,0.0,OK
PARCEL_016,MILL_EAST,sugarcane,4.76,2026-01-30,2026-03-21,0.583,false,19.8,0.0,OK
PARCEL_016,MILL_EAST,sugarcane,4.76,2026-01-30,2026-03-22,0.814,false,29.5,0.0,OK
PARCEL_016,MILL_EAST,sugarcane,4.76,2026-01-30,2026-03-23,0.746,false,27.0,0.0,OK
PARCEL_016,MILL_EAST,sugarcane,4.76,2026-01-30,2026-03-24,0.566,false,23.7,0.0,OK
PARCEL_016,MILL_EAST,sugarcane,4.76,2026-01-30,2026-03-25,0.661,false,18.7,0.0,OK
PARCEL_016,MILL_EAST,sugarcane,4.76,2026-01-30,2026-03-26,,true,33.2,0.0,ERROR
PARCEL_016,MILL_EAST,sugarcane,4.76,2026-01-30,2026-03-27,0.743,false,16.7,0.0,OK
PARCEL_016,MILL_EAST,sugarcane,4.76,2026-01-30,2026-03-28,0.85,false,26.6,0.0,UNKNOWN
PARCEL_016,MILL_EAST,sugarcane,4.76,2026-01-30,2026-03-29,0.814,false,19.8,0.0,OK
PARCEL_016,MILL_EAST,sugarcane,4.76,2026-01-30,2026-03-30,0.91,false,30.9,0.0,OK
PARCEL_016,MILL_EAST,sugarcane,4.76,2026-01-30,2026-03-31,0.615,false,28.8,0.0,OK
PARCEL_016,MILL_EAST,sugarcane,4.76,2026-01-30,2026-04-02,0.697,false,34.9,0.0,OK
PARCEL_016,MILL_EAST,sugarcane,4.76,2026-01-30,2026-04-04,0.773,false,15.9,0.0,OK
PARCEL_016,MILL_EAST,sugarcane,4.76,2026-01-30,2026-04-05,0.62,false,22.9,0.0,OK
PARCEL_016,MILL_EAST,sugarcane,4.76,2026-01-30,2026-04-06,0.737,false,27.9,0.0,OK
PARCEL_016,MILL_EAST,sugarcane,4.76,2026-01-30,2026-04-07,0.669,false,34.9,0.0,OK
PARCEL_016,MILL_EAST,sugarcane,4.76,2026-01-30,2026-04-08,0.535,false,31.9,0.0,OK
PARCEL_016,MILL_EAST,sugarcane,4.76,2026-01-30,2026-04-09,0.714,false,27.0,9.1,OK
PARCEL_016,MILL_EAST,sugarcane,4.76,2026-01-30,2026-04-10,,true,27.5,0.0,ERROR
PARCEL_016,MILL_EAST,sugarcane,4.76,2026-01-30,2026-04-12,0.73,false,30.8,0.0,OK
PARCEL_016,MILL_EAST,sugarcane,4.76,2026-01-30,2026-04-13,0.672,false,26.6,0.0,OK
PARCEL_016,MILL_EAST,sugarcane,4.76,2026-01-30,2026-04-14,0.742,false,26.9,0.0,OK
PARCEL_016,MILL_EAST,sugarcane,4.76,2026-01-30,2026-04-15,0.846,false,21.3,0.0,ERROR
PARCEL_016,MILL_EAST,sugarcane,4.76,2026-01-30,2026-04-16,,true,35.4,1.2,ERROR
PARCEL_016,MILL_EAST,sugarcane,4.76,2026-01-30,2026-04-17,0.795,false,35.2,4.8,OK
PARCEL_016,MILL_EAST,sugarcane,4.76,2026-01-30,2026-04-19,0.646,false,26.2,0.0,OK
PARCEL_016,MILL_EAST,sugarcane,4.76,2026-01-30,2026-04-20,0.739,false,16.3,0.0,OK
PARCEL_016,MILL_EAST,sugarcane,4.76,2026-01-30,2026-04-21,,true,17.6,0.0,ERROR
PARCEL_016,MILL_EAST,sugarcane,4.76,2026-01-30,2026-04-22,0.682,false,29.9,0.0,OK
PARCEL_016,MILL_EAST,sugarcane,4.76,2026-01-30,2026-04-23,0.874,false,22.6,3.1,OK
PARCEL_016,MILL_EAST,sugarcane,4.76,2026-01-30,2026-04-24,0.798,false,24.1,0.0,OK
PARCEL_016,MILL_EAST,sugarcane,4.76,2026-01-30,2026-04-26,0.565,false,23.7,0.0,OK
PARCEL_016,MILL_EAST,sugarcane,4.76,2026-01-30,2026-04-27,0.843,false,33.8,0.0,OK
PARCEL_016,MILL_EAST,sugarcane,4.76,2026-01-30,2026-04-28,0.658,false,22.3,0.0,ERROR
PARCEL_016,MILL_EAST,sugarcane,4.76,2026-01-30,2026-04-29,0.616,false,17.8,0.0,OK
PARCEL_016,MILL_EAST,sugarcane,4.76,2026-01-30,2026-04-30,0.595,false,19.0,0.0,OK
PARCEL_016,MILL_EAST,sugarcane,4.76,2026-01-30,2026-05-01,0.562,false,16.0,0.0,OK
PARCEL_016,MILL_EAST,sugarcane,4.76,2026-01-30,2026-05-02,0.452,false,27.4,0.0,OK
PARCEL_016,MILL_EAST,sugarcane,4.76,2026-01-30,2026-05-03,0.562,false,34.8,2.3,OK
PARCEL_016,MILL_EAST,sugarcane,4.76,2026-01-30,2026-05-04,0.747,false,23.3,0.0,OK
PARCEL_016,MILL_EAST,sugarcane,4.76,2026-01-30,2026-05-05,0.662,false,18.3,0.0,OK
PARCEL_016,MILL_EAST,sugarcane,4.76,2026-01-30,2026-05-06,0.572,false,29.7,0.0,OK
PARCEL_016,MILL_EAST,sugarcane,4.76,2026-01-30,2026-05-07,0.61,false,18.2,0.0,OK
PARCEL_016,MILL_EAST,sugarcane,4.76,2026-01-30,2026-05-08,0.569,false,33.7,0.0,OK
PARCEL_016,MILL_EAST,sugarcane,4.76,2026-01-30,2026-05-09,0.542,false,20.8,0.1,OK
PARCEL_016,MILL_EAST,sugarcane,4.76,2026-01-30,2026-05-10,0.682,false,21.3,0.0,OK
PARCEL_016,MILL_EAST,sugarcane,4.76,2026-01-30,2026-05-11,0.656,false,32.3,0.0,OK
PARCEL_016,MILL_EAST,sugarcane,4.76,2026-01-30,2026-05-13,0.569,false,23.8,0.0,OK
PARCEL_016,MILL_EAST,sugarcane,4.76,2026-01-30,2026-05-14,0.629,false,25.6,0.0,UNKNOWN
PARCEL_016,MILL_EAST,sugarcane,4.76,2026-01-30,2026-05-15,0.649,false,15.6,0.0,OK
PARCEL_016,MILL_EAST,sugarcane,4.76,2026-01-30,2026-05-16,0.518,false,28.6,0.0,OK
PARCEL_016,MILL_EAST,sugarcane,4.76,2026-01-30,2026-05-17,0.472,false,26.6,0.0,OK
PARCEL_016,MILL_EAST,sugarcane,4.76,2026-01-30,2026-05-18,0.559,false,22.9,3.9,OK
PARCEL_016,MILL_EAST,sugarcane,4.76,2026-01-30,2026-05-19,0.514,false,26.9,0.0,OK
PARCEL_016,MILL_EAST,sugarcane,4.76,2026-01-30,2026-05-20,0.504,false,29.1,0.0,OK
PARCEL_016,MILL_EAST,sugarcane,4.76,2026-01-30,2026-05-21,0.571,false,29.5,11.2,OK
PARCEL_016,MILL_EAST,sugarcane,4.76,2026-01-30,2026-05-22,0.691,false,20.9,0.0,OK
PARCEL_016,MILL_EAST,sugarcane,4.76,2026-01-30,2026-05-23,0.638,false,29.8,0.0,OK
PARCEL_016,MILL_EAST,sugarcane,4.76,2026-01-30,2026-05-24,0.63,false,22.3,0.0,OK
PARCEL_016,MILL_EAST,sugarcane,4.76,2026-01-30,2026-05-25,0.602,false,27.0,0.0,OK
PARCEL_016,MILL_EAST,sugarcane,4.76,2026-01-30,2026-05-26,0.627,false,28.1,0.0,OK
PARCEL_016,MILL_EAST,sugarcane,4.76,2026-01-30,2026-05-27,0.634,false,21.3,0.0,OK
PARCEL_016,MILL_EAST,sugarcane,4.76,2026-01-30,2026-05-28,0.592,false,23.1,0.0,OK
PARCEL_016,MILL_EAST,sugarcane,4.76,2026-01-30,2026-05-29,0.508,false,30.3,0.0,OK
PARCEL_016,MILL_EAST,sugarcane,4.76,2026-01-30,2026-05-30,0.509,false,33.6,0.0,OK
PARCEL_016,MILL_EAST,sugarcane,4.76,2026-01-30,2026-05-31,0.68,false,29.7,0.0,OK
PARCEL_017,MILL_EAST,sugarcane,7.51,2026-01-14,2026-01-02,0.137,false,19.2,0.0,OK
PARCEL_017,MILL_EAST,sugarcane,7.51,2026-01-14,2026-01-03,0.205,false,15.4,0.0,OK
PARCEL_017,MILL_EAST,sugarcane,7.51,2026-01-14,2026-01-04,,true,17.5,2.8,ERROR
PARCEL_017,MILL_EAST,sugarcane,7.51,2026-01-14,2026-01-05,0.155,false,26.5,0.0,OK
PARCEL_017,MILL_EAST,sugarcane,7.51,2026-01-14,2026-01-06,0.171,false,20.7,3.8,OK
PARCEL_017,MILL_EAST,sugarcane,7.51,2026-01-14,2026-01-07,0.245,false,25.7,2.1,OK
PARCEL_017,MILL_EAST,sugarcane,7.51,2026-01-14,2026-01-08,0.133,false,20.0,0.0,OK
PARCEL_017,MILL_EAST,sugarcane,7.51,2026-01-14,2026-01-09,0.207,false,34.5,0.0,OK
PARCEL_017,MILL_EAST,sugarcane,7.51,2026-01-14,2026-01-11,0.111,false,26.5,0.0,OK
PARCEL_017,MILL_EAST,sugarcane,7.51,2026-01-14,2026-01-12,0.29,false,27.4,0.0,OK
PARCEL_017,MILL_EAST,sugarcane,7.51,2026-01-14,2026-01-13,0.141,false,35.0,0.0,OK
PARCEL_017,MILL_EAST,sugarcane,7.51,2026-01-14,2026-01-14,0.277,false,31.3,4.5,OK
PARCEL_017,MILL_EAST,sugarcane,7.51,2026-01-14,2026-01-15,0.371,false,21.6,0.0,OK
PARCEL_017,MILL_EAST,sugarcane,7.51,2026-01-14,2026-01-16,,true,17.6,3.0,ERROR
PARCEL_017,MILL_EAST,sugarcane,7.51,2026-01-14,2026-01-17,0.297,false,20.4,0.0,OK
PARCEL_017,MILL_EAST,sugarcane,7.51,2026-01-14,2026-01-18,0.282,false,23.4,0.0,OK
PARCEL_017,MILL_EAST,sugarcane,7.51,2026-01-14,2026-01-19,0.375,false,27.3,0.0,UNKNOWN
PARCEL_017,MILL_EAST,sugarcane,7.51,2026-01-14,2026-01-20,0.228,false,20.6,0.0,OK
PARCEL_017,MILL_EAST,sugarcane,7.51,2026-01-14,2026-01-21,0.246,false,30.1,0.0,OK
PARCEL_017,MILL_EAST,sugarcane,7.51,2026-01-14,2026-01-22,0.304,false,26.4,4.3,OK
PARCEL_017,MILL_EAST,sugarcane,7.51,2026-01-14,2026-01-23,0.396,false,34.1,0.0,OK
PARCEL_017,MILL_EAST,sugarcane,7.51,2026-01-14,2026-01-24,0.288,false,28.2,0.0,OK
PARCEL_017,MILL_EAST,sugarcane,7.51,2026-01-14,2026-01-25,0.357,false,19.9,2.3,OK
PARCEL_017,MILL_EAST,sugarcane,7.51,2026-01-14,2026-01-26,0.294,false,15.7,0.0,OK
PARCEL_017,MILL_EAST,sugarcane,7.51,2026-01-14,2026-01-27,0.391,false,16.6,0.0,OK
PARCEL_017,MILL_EAST,sugarcane,7.51,2026-01-14,2026-01-28,0.283,false,30.4,2.1,OK
PARCEL_017,MILL_EAST,sugarcane,7.51,2026-01-14,2026-01-29,0.241,false,22.7,0.0,OK
PARCEL_017,MILL_EAST,sugarcane,7.51,2026-01-14,2026-01-30,0.342,false,17.2,0.0,OK
PARCEL_017,MILL_EAST,sugarcane,7.51,2026-01-14,2026-01-31,0.342,false,30.1,0.0,UNKNOWN
PARCEL_017,MILL_EAST,sugarcane,7.51,2026-01-14,2026-02-01,,true,32.1,0.0,ERROR
PARCEL_017,MILL_EAST,sugarcane,7.51,2026-01-14,2026-02-02,0.438,false,22.9,0.0,OK
PARCEL_017,MILL_EAST,sugarcane,7.51,2026-01-14,2026-02-03,0.31,false,29.2,4.1,OK
PARCEL_017,MILL_EAST,sugarcane,7.51,2026-01-14,2026-02-04,0.412,false,23.6,0.0,UNKNOWN
PARCEL_017,MILL_EAST,sugarcane,7.51,2026-01-14,2026-02-05,0.264,false,16.5,0.0,OK
PARCEL_017,MILL_EAST,sugarcane,7.51,2026-01-14,2026-02-07,0.223,false,30.9,0.0,OK
PARCEL_017,MILL_EAST,sugarcane,7.51,2026-01-14,2026-02-08,0.349,false,30.2,0.0,OK
PARCEL_017,MILL_EAST,sugarcane,7.51,2026-01-14,2026-02-09,0.399,false,29.5,10.1,OK
PARCEL_017,MILL_EAST,sugarcane,7.51,2026-01-14,2026-02-10,0.356,false,32.0,0.0,OK
PARCEL_017,MILL_EAST,sugarcane,7.51,2026-01-14,2026-02-11,0.256,false,21.4,0.0,OK
PARCEL_017,MILL_EAST,sugarcane,7.51,2026-01-14,2026-02-12,0.185,false,27.1,0.0,OK
PARCEL_017,MILL_EAST,sugarcane,7.51,2026-01-14,2026-02-13,0.754,false,21.4,0.0,OK
PARCEL_017,MILL_EAST,sugarcane,7.51,2026-01-14,2026-02-14,0.642,false,22.4,7.2,UNKNOWN
PARCEL_017,MILL_EAST,sugarcane,7.51,2026-01-14,2026-02-15,0.516,false,28.9,0.0,OK
PARCEL_017,MILL_EAST,sugarcane,7.51,2026-01-14,2026-02-16,0.681,false,28.7,0.0,UNKNOWN
PARCEL_017,MILL_EAST,sugarcane,7.51,2026-01-14,2026-02-17,0.73,false,23.5,0.0,OK
PARCEL_017,MILL_EAST,sugarcane,7.51,2026-01-14,2026-02-18,0.601,false,35.0,0.0,OK
PARCEL_017,MILL_EAST,sugarcane,7.51,2026-01-14,2026-02-19,0.745,false,20.8,0.0,OK
PARCEL_017,MILL_EAST,sugarcane,7.51,2026-01-14,2026-02-20,0.867,false,16.0,1.7,OK
PARCEL_017,MILL_EAST,sugarcane,7.51,2026-01-14,2026-02-22,0.781,false,30.8,0.0,OK
PARCEL_017,MILL_EAST,sugarcane,7.51,2026-01-14,2026-02-23,0.493,false,21.9,0.0,OK
PARCEL_017,MILL_EAST,sugarcane,7.51,2026-01-14,2026-02-24,0.602,false,34.7,0.0,OK
PARCEL_017,MILL_EAST,sugarcane,7.51,2026-01-14,2026-02-27,0.655,false,18.4,2.5,OK
PARCEL_017,MILL_EAST,sugarcane,7.51,2026-01-14,2026-03-02,0.685,false,35.3,0.0,OK
PARCEL_017,MILL_EAST,sugarcane,7.51,2026-01-14,2026-03-03,0.701,false,26.8,1.9,OK
PARCEL_017,MILL_EAST,sugarcane,7.51,2026-01-14,2026-03-05,0.823,false,18.5,0.9,OK
PARCEL_017,MILL_EAST,sugarcane,7.51,2026-01-14,2026-03-06,,true,24.6,0.0,ERROR
PARCEL_017,MILL_EAST,sugarcane,7.51,2026-01-14,2026-03-07,0.677,false,27.4,0.0,OK
PARCEL_017,MILL_EAST,sugarcane,7.51,2026-01-14,2026-03-08,0.82,false,29.9,0.0,OK
PARCEL_017,MILL_EAST,sugarcane,7.51,2026-01-14,2026-03-09,0.782,false,29.3,0.0,OK
PARCEL_017,MILL_EAST,sugarcane,7.51,2026-01-14,2026-03-10,0.496,false,28.8,0.0,OK
PARCEL_017,MILL_EAST,sugarcane,7.51,2026-01-14,2026-03-11,0.638,false,27.4,5.7,ERROR
PARCEL_017,MILL_EAST,sugarcane,7.51,2026-01-14,2026-03-12,0.592,false,33.1,0.0,OK
PARCEL_017,MILL_EAST,sugarcane,7.51,2026-01-14,2026-03-14,0.836,false,28.5,0.0,OK
PARCEL_017,MILL_EAST,sugarcane,7.51,2026-01-14,2026-03-15,0.856,false,25.5,5.8,OK
PARCEL_017,MILL_EAST,sugarcane,7.51,2026-01-14,2026-03-16,0.803,false,21.7,0.0,OK
PARCEL_017,MILL_EAST,sugarcane,7.51,2026-01-14,2026-03-17,0.573,false,17.4,0.0,UNKNOWN
PARCEL_017,MILL_EAST,sugarcane,7.51,2026-01-14,2026-03-18,0.704,false,28.1,0.0,OK
PARCEL_017,MILL_EAST,sugarcane,7.51,2026-01-14,2026-03-19,0.828,false,16.7,0.0,OK
PARCEL_017,MILL_EAST,sugarcane,7.51,2026-01-14,2026-03-21,0.636,false,17.3,0.0,OK
PARCEL_017,MILL_EAST,sugarcane,7.51,2026-01-14,2026-03-22,0.844,false,24.0,0.0,OK
PARCEL_017,MILL_EAST,sugarcane,7.51,2026-01-14,2026-03-23,0.609,false,30.5,2.1,OK
PARCEL_017,MILL_EAST,sugarcane,7.51,2026-01-14,2026-03-24,0.623,false,21.6,0.0,OK
PARCEL_017,MILL_EAST,sugarcane,7.51,2026-01-14,2026-03-25,0.645,false,27.9,0.0,OK
PARCEL_017,MILL_EAST,sugarcane,7.51,2026-01-14,2026-03-26,0.601,false,30.1,0.0,OK
PARCEL_017,MILL_EAST,sugarcane,7.51,2026-01-14,2026-03-27,0.672,false,34.3,0.0,OK
PARCEL_017,MILL_EAST,sugarcane,7.51,2026-01-14,2026-03-28,0.685,false,35.2,0.0,OK
PARCEL_017,MILL_EAST,sugarcane,7.51,2026-01-14,2026-03-29,0.736,false,18.1,0.0,UNKNOWN
PARCEL_017,MILL_EAST,sugarcane,7.51,2026-01-14,2026-03-30,0.731,false,25.7,0.0,OK
PARCEL_017,MILL_EAST,sugarcane,7.51,2026-01-14,2026-04-01,0.57,false,23.8,0.0,OK
PARCEL_017,MILL_EAST,sugarcane,7.51,2026-01-14,2026-04-02,0.85,false,18.0,0.0,OK
PARCEL_017,MILL_EAST,sugarcane,7.51,2026-01-14,2026-04-03,0.815,false,34.4,0.0,OK
PARCEL_017,MILL_EAST,sugarcane,7.51,2026-01-14,2026-04-04,0.795,false,31.2,4.6,OK
PARCEL_017,MILL_EAST,sugarcane,7.51,2026-01-14,2026-04-05,0.629,false,27.7,0.0,OK
PARCEL_017,MILL_EAST,sugarcane,7.51,2026-01-14,2026-04-06,0.859,false,24.1,0.0,OK
PARCEL_017,MILL_EAST,sugarcane,7.51,2026-01-14,2026-04-07,,true,25.8,0.0,ERROR
PARCEL_017,MILL_EAST,sugarcane,7.51,2026-01-14,2026-04-08,0.864,false,19.1,4.5,OK
PARCEL_017,MILL_EAST,sugarcane,7.51,2026-01-14,2026-04-09,0.779,false,17.9,0.0,OK
PARCEL_017,MILL_EAST,sugarcane,7.51,2026-01-14,2026-04-11,0.764,false,32.9,0.0,OK
PARCEL_017,MILL_EAST,sugarcane,7.51,2026-01-14,2026-04-12,0.776,false,26.5,0.0,OK
PARCEL_017,MILL_EAST,sugarcane,7.51,2026-01-14,2026-04-13,0.602,false,34.2,0.0,OK
PARCEL_017,MILL_EAST,sugarcane,7.51,2026-01-14,2026-04-15,0.632,false,26.6,2.0,OK
PARCEL_017,MILL_EAST,sugarcane,7.51,2026-01-14,2026-04-16,0.403,false,29.8,0.0,UNKNOWN
PARCEL_017,MILL_EAST,sugarcane,7.51,2026-01-14,2026-04-17,0.634,false,32.8,0.0,OK
PARCEL_017,MILL_EAST,sugarcane,7.51,2026-01-14,2026-04-18,0.514,false,18.8,0.0,OK
PARCEL_017,MILL_EAST,sugarcane,7.51,2026-01-14,2026-04-19,0.547,false,31.1,0.0,OK
PARCEL_017,MILL_EAST,sugarcane,7.51,2026-01-14,2026-04-20,0.471,false,31.1,0.0,OK
PARCEL_017,MILL_EAST,sugarcane,7.51,2026-01-14,2026-04-21,0.608,false,28.1,0.0,OK
PARCEL_017,MILL_EAST,sugarcane,7.51,2026-01-14,2026-04-22,0.751,false,26.7,4.1,OK
PARCEL_017,MILL_EAST,sugarcane,7.51,2026-01-14,2026-04-23,0.584,false,32.8,0.0,OK
PARCEL_017,MILL_EAST,sugarcane,7.51,2026-01-14,2026-04-24,0.674,false,18.2,0.0,OK
PARCEL_017,MILL_EAST,sugarcane,7.51,2026-01-14,2026-04-25,0.581,false,23.1,0.0,OK
PARCEL_017,MILL_EAST,sugarcane,7.51,2026-01-14,2026-04-26,0.582,false,29.1,0.5,OK
PARCEL_017,MILL_EAST,sugarcane,7.51,2026-01-14,2026-04-27,0.665,false,34.3,3.9,OK
PARCEL_017,MILL_EAST,sugarcane,7.51,2026-01-14,2026-04-29,0.411,false,19.4,8.8,OK
PARCEL_017,MILL_EAST,sugarcane,7.51,2026-01-14,2026-04-30,0.43,false,30.4,0.0,OK
PARCEL_017,MILL_EAST,sugarcane,7.51,2026-01-14,2026-05-03,,true,23.9,0.0,ERROR
PARCEL_017,MILL_EAST,sugarcane,7.51,2026-01-14,2026-05-04,0.623,false,35.2,0.0,OK
PARCEL_017,MILL_EAST,sugarcane,7.51,2026-01-14,2026-05-05,,true,22.0,0.0,ERROR
PARCEL_017,MILL_EAST,sugarcane,7.51,2026-01-14,2026-05-06,0.356,false,31.2,0.0,OK
PARCEL_017,MILL_EAST,sugarcane,7.51,2026-01-14,2026-05-07,0.626,false,32.7,3.1,ERROR
PARCEL_017,MILL_EAST,sugarcane,7.51,2026-01-14,2026-05-08,0.522,false,25.4,0.5,OK
PARCEL_017,MILL_EAST,sugarcane,7.51,2026-01-14,2026-05-09,0.49,false,23.1,3.0,OK
PARCEL_017,MILL_EAST,sugarcane,7.51,2026-01-14,2026-05-10,,true,18.2,0.0,ERROR
PARCEL_017,MILL_EAST,sugarcane,7.51,2026-01-14,2026-05-11,0.465,false,30.4,0.0,OK
PARCEL_017,MILL_EAST,sugarcane,7.51,2026-01-14,2026-05-12,0.488,false,15.7,0.0,OK
PARCEL_017,MILL_EAST,sugarcane,7.51,2026-01-14,2026-05-13,0.487,false,16.4,0.0,OK
PARCEL_017,MILL_EAST,sugarcane,7.51,2026-01-14,2026-05-14,0.72,false,25.7,0.0,OK
PARCEL_017,MILL_EAST,sugarcane,7.51,2026-01-14,2026-05-16,0.493,false,19.5,0.0,OK
PARCEL_017,MILL_EAST,sugarcane,7.51,2026-01-14,2026-05-17,0.668,false,23.7,1.2,OK
PARCEL_017,MILL_EAST,sugarcane,7.51,2026-01-14,2026-05-18,0.611,false,28.8,0.0,OK
PARCEL_017,MILL_EAST,sugarcane,7.51,2026-01-14,2026-05-19,0.638,false,30.9,0.0,OK
PARCEL_017,MILL_EAST,sugarcane,7.51,2026-01-14,2026-05-20,0.719,false,30.8,0.0,OK
PARCEL_017,MILL_EAST,sugarcane,7.51,2026-01-14,2026-05-21,0.621,false,15.5,3.3,OK
PARCEL_017,MILL_EAST,sugarcane,7.51,2026-01-14,2026-05-22,0.593,false,22.1,0.0,OK
PARCEL_017,MILL_EAST,sugarcane,7.51,2026-01-14,2026-05-24,0.577,false,19.5,0.0,OK
PARCEL_017,MILL_EAST,sugarcane,7.51,2026-01-14,2026-05-26,0.708,false,18.2,2.6,OK
PARCEL_017,MILL_EAST,sugarcane,7.51,2026-01-14,2026-05-27,0.596,false,17.4,2.4,ERROR
PARCEL_017,MILL_EAST,sugarcane,7.51,2026-01-14,2026-05-28,0.544,false,19.9,0.0,ERROR
PARCEL_017,MILL_EAST,sugarcane,7.51,2026-01-14,2026-05-29,,true,30.2,0.0,ERROR
PARCEL_017,MILL_EAST,sugarcane,7.51,2026-01-14,2026-05-30,0.522,false,23.7,6.0,OK
PARCEL_018,MILL_SOUTH,sugarcane,5.82,2026-01-11,2026-01-01,0.191,false,30.6,0.0,OK
PARCEL_018,MILL_SOUTH,sugarcane,5.82,2026-01-11,2026-01-02,0.144,false,33.4,0.0,OK
PARCEL_018,MILL_SOUTH,sugarcane,5.82,2026-01-11,2026-01-03,0.114,false,23.9,0.0,OK
PARCEL_018,MILL_SOUTH,sugarcane,5.82,2026-01-11,2026-01-05,0.238,false,22.0,0.0,OK
PARCEL_018,MILL_SOUTH,sugarcane,5.82,2026-01-11,2026-01-06,0.24,false,19.5,0.0,OK
PARCEL_018,MILL_SOUTH,sugarcane,5.82,2026-01-11,2026-01-07,0.041,false,19.5,0.0,OK
PARCEL_018,MILL_SOUTH,sugarcane,5.82,2026-01-11,2026-01-09,0.167,false,24.1,0.0,OK
PARCEL_018,MILL_SOUTH,sugarcane,5.82,2026-01-11,2026-01-10,0.169,false,27.6,0.0,OK
PARCEL_018,MILL_SOUTH,sugarcane,5.82,2026-01-11,2026-01-11,0.364,false,31.4,0.0,OK
PARCEL_018,MILL_SOUTH,sugarcane,5.82,2026-01-11,2026-01-12,0.171,false,33.5,0.0,OK
PARCEL_018,MILL_SOUTH,sugarcane,5.82,2026-01-11,2026-01-13,0.199,false,22.5,0.0,OK
PARCEL_018,MILL_SOUTH,sugarcane,5.82,2026-01-11,2026-01-14,0.392,false,18.6,0.0,OK
PARCEL_018,MILL_SOUTH,sugarcane,5.82,2026-01-11,2026-01-15,0.377,false,33.2,0.0,OK
PARCEL_018,MILL_SOUTH,sugarcane,5.82,2026-01-11,2026-01-16,0.28,false,21.9,0.0,OK
PARCEL_018,MILL_SOUTH,sugarcane,5.82,2026-01-11,2026-01-17,0.266,false,29.0,0.3,OK
PARCEL_018,MILL_SOUTH,sugarcane,5.82,2026-01-11,2026-01-18,0.389,false,23.7,3.5,OK
PARCEL_018,MILL_SOUTH,sugarcane,5.82,2026-01-11,2026-01-19,0.429,false,30.9,0.0,OK
PARCEL_018,MILL_SOUTH,sugarcane,5.82,2026-01-11,2026-01-20,0.454,false,23.0,0.0,OK
PARCEL_018,MILL_SOUTH,sugarcane,5.82,2026-01-11,2026-01-21,0.227,false,24.8,0.0,OK
PARCEL_018,MILL_SOUTH,sugarcane,5.82,2026-01-11,2026-01-22,0.35,false,32.5,0.0,OK
PARCEL_018,MILL_SOUTH,sugarcane,5.82,2026-01-11,2026-01-23,0.258,false,16.7,5.0,OK
PARCEL_018,MILL_SOUTH,sugarcane,5.82,2026-01-11,2026-01-24,0.407,false,28.6,0.0,ERROR
PARCEL_018,MILL_SOUTH,sugarcane,5.82,2026-01-11,2026-01-25,0.25,false,27.6,3.0,OK
PARCEL_018,MILL_SOUTH,sugarcane,5.82,2026-01-11,2026-01-26,0.392,false,21.5,4.2,OK
PARCEL_018,MILL_SOUTH,sugarcane,5.82,2026-01-11,2026-01-27,0.214,false,17.1,2.3,OK
PARCEL_018,MILL_SOUTH,sugarcane,5.82,2026-01-11,2026-01-29,0.298,false,27.1,0.0,OK
PARCEL_018,MILL_SOUTH,sugarcane,5.82,2026-01-11,2026-01-30,0.353,false,25.3,9.8,OK
PARCEL_018,MILL_SOUTH,sugarcane,5.82,2026-01-11,2026-01-31,0.359,false,33.8,3.6,OK
PARCEL_018,MILL_SOUTH,sugarcane,5.82,2026-01-11,2026-02-01,0.182,false,32.9,0.0,OK
PARCEL_018,MILL_SOUTH,sugarcane,5.82,2026-01-11,2026-02-03,0.378,false,18.6,0.0,OK
PARCEL_018,MILL_SOUTH,sugarcane,5.82,2026-01-11,2026-02-05,0.37,false,25.8,0.0,OK
PARCEL_018,MILL_SOUTH,sugarcane,5.82,2026-01-11,2026-02-06,0.327,false,18.7,0.0,OK
PARCEL_018,MILL_SOUTH,sugarcane,5.82,2026-01-11,2026-02-07,0.298,false,33.8,0.0,OK
PARCEL_018,MILL_SOUTH,sugarcane,5.82,2026-01-11,2026-02-08,0.269,false,32.7,1.2,OK
PARCEL_018,MILL_SOUTH,sugarcane,5.82,2026-01-11,2026-02-09,0.41,false,21.3,9.2,OK
PARCEL_018,MILL_SOUTH,sugarcane,5.82,2026-01-11,2026-02-10,0.572,false,18.6,0.0,OK
PARCEL_018,MILL_SOUTH,sugarcane,5.82,2026-01-11,2026-02-13,0.651,false,18.7,0.0,OK
PARCEL_018,MILL_SOUTH,sugarcane,5.82,2026-01-11,2026-02-14,0.825,false,27.0,0.0,OK
PARCEL_018,MILL_SOUTH,sugarcane,5.82,2026-01-11,2026-02-16,0.72,false,16.4,0.0,OK
PARCEL_018,MILL_SOUTH,sugarcane,5.82,2026-01-11,2026-02-17,0.654,false,17.2,0.0,OK
PARCEL_018,MILL_SOUTH,sugarcane,5.82,2026-01-11,2026-02-18,0.637,false,26.0,0.0,OK
PARCEL_018,MILL_SOUTH,sugarcane,5.82,2026-01-11,2026-02-19,0.672,false,24.9,0.0,OK
PARCEL_018,MILL_SOUTH,sugarcane,5.82,2026-01-11,2026-02-20,0.703,false,15.7,0.0,OK
PARCEL_018,MILL_SOUTH,sugarcane,5.82,2026-01-11,2026-02-21,0.699,false,17.6,0.0,ERROR
PARCEL_018,MILL_SOUTH,sugarcane,5.82,2026-01-11,2026-02-22,0.656,false,29.6,0.0,OK
PARCEL_018,MILL_SOUTH,sugarcane,5.82,2026-01-11,2026-02-23,0.643,false,30.4,0.0,OK
PARCEL_018,MILL_SOUTH,sugarcane,5.82,2026-01-11,2026-02-24,0.813,false,33.3,0.0,OK
PARCEL_018,MILL_SOUTH,sugarcane,5.82,2026-01-11,2026-02-25,0.695,false,33.0,0.0,OK
PARCEL_018,MILL_SOUTH,sugarcane,5.82,2026-01-11,2026-02-26,0.541,false,17.1,0.0,OK
PARCEL_018,MILL_SOUTH,sugarcane,5.82,2026-01-11,2026-02-27,0.594,false,24.3,6.5,OK
PARCEL_018,MILL_SOUTH,sugarcane,5.82,2026-01-11,2026-02-28,0.662,false,31.9,0.0,OK
PARCEL_018,MILL_SOUTH,sugarcane,5.82,2026-01-11,2026-03-01,0.666,false,26.2,0.0,OK
PARCEL_018,MILL_SOUTH,sugarcane,5.82,2026-01-11,2026-03-02,,true,24.1,0.0,ERROR
PARCEL_018,MILL_SOUTH,sugarcane,5.82,2026-01-11,2026-03-03,0.651,false,30.3,7.4,OK
PARCEL_018,MILL_SOUTH,sugarcane,5.82,2026-01-11,2026-03-04,0.603,false,31.1,0.0,OK
PARCEL_018,MILL_SOUTH,sugarcane,5.82,2026-01-11,2026-03-05,0.725,false,19.9,0.0,ERROR
PARCEL_018,MILL_SOUTH,sugarcane,5.82,2026-01-11,2026-03-06,0.674,false,26.3,0.0,OK
PARCEL_018,MILL_SOUTH,sugarcane,5.82,2026-01-11,2026-03-07,0.6,false,23.2,3.2,OK
PARCEL_018,MILL_SOUTH,sugarcane,5.82,2026-01-11,2026-03-09,0.856,false,25.8,0.0,OK
PARCEL_018,MILL_SOUTH,sugarcane,5.82,2026-01-11,2026-03-10,0.625,false,32.3,0.0,OK
PARCEL_018,MILL_SOUTH,sugarcane,5.82,2026-01-11,2026-03-11,0.632,false,20.2,0.0,OK
PARCEL_018,MILL_SOUTH,sugarcane,5.82,2026-01-11,2026-03-12,0.741,false,20.4,0.0,OK
PARCEL_018,MILL_SOUTH,sugarcane,5.82,2026-01-11,2026-03-13,0.719,false,26.4,0.0,OK
PARCEL_018,MILL_SOUTH,sugarcane,5.82,2026-01-11,2026-03-14,0.718,false,15.8,0.0,OK
PARCEL_018,MILL_SOUTH,sugarcane,5.82,2026-01-11,2026-03-15,0.669,false,27.4,0.0,OK
PARCEL_018,MILL_SOUTH,sugarcane,5.82,2026-01-11,2026-03-16,0.783,false,27.8,0.0,OK
PARCEL_018,MILL_SOUTH,sugarcane,5.82,2026-01-11,2026-03-17,0.842,false,28.2,0.0,OK
PARCEL_018,MILL_SOUTH,sugarcane,5.82,2026-01-11,2026-03-18,0.548,false,32.6,0.0,OK
PARCEL_018,MILL_SOUTH,sugarcane,5.82,2026-01-11,2026-03-19,0.694,false,23.6,5.6,OK
PARCEL_018,MILL_SOUTH,sugarcane,5.82,2026-01-11,2026-03-20,0.742,false,25.0,0.0,OK
PARCEL_018,MILL_SOUTH,sugarcane,5.82,2026-01-11,2026-03-21,0.666,false,34.1,0.0,OK
PARCEL_018,MILL_SOUTH,sugarcane,5.82,2026-01-11,2026-03-22,0.608,false,31.6,0.0,OK
PARCEL_018,MILL_SOUTH,sugarcane,5.82,2026-01-11,2026-03-23,0.776,false,27.2,0.4,OK
PARCEL_018,MILL_SOUTH,sugarcane,5.82,2026-01-11,2026-03-24,0.676,false,20.2,0.0,OK
PARCEL_018,MILL_SOUTH,sugarcane,5.82,2026-01-11,2026-03-25,0.608,false,26.8,0.0,OK
PARCEL_018,MILL_SOUTH,sugarcane,5.82,2026-01-11,2026-03-27,0.729,false,35.4,0.0,ERROR
PARCEL_018,MILL_SOUTH,sugarcane,5.82,2026-01-11,2026-03-28,0.678,false,31.2,0.0,OK
PARCEL_018,MILL_SOUTH,sugarcane,5.82,2026-01-11,2026-03-29,0.569,false,24.9,0.0,OK
PARCEL_018,MILL_SOUTH,sugarcane,5.82,2026-01-11,2026-03-30,0.593,false,17.8,0.0,OK
PARCEL_018,MILL_SOUTH,sugarcane,5.82,2026-01-11,2026-03-31,0.559,false,30.9,0.0,OK
PARCEL_018,MILL_SOUTH,sugarcane,5.82,2026-01-11,2026-04-03,0.751,false,17.8,0.1,OK
PARCEL_018,MILL_SOUTH,sugarcane,5.82,2026-01-11,2026-04-04,0.687,false,26.3,0.0,OK
PARCEL_018,MILL_SOUTH,sugarcane,5.82,2026-01-11,2026-04-05,0.704,false,32.9,3.3,OK
PARCEL_018,MILL_SOUTH,sugarcane,5.82,2026-01-11,2026-04-07,0.614,false,34.8,0.0,OK
PARCEL_018,MILL_SOUTH,sugarcane,5.82,2026-01-11,2026-04-09,0.543,false,34.2,0.0,OK
PARCEL_018,MILL_SOUTH,sugarcane,5.82,2026-01-11,2026-04-10,0.768,false,26.6,0.0,OK
PARCEL_018,MILL_SOUTH,sugarcane,5.82,2026-01-11,2026-04-12,0.467,false,33.9,4.6,OK
PARCEL_018,MILL_SOUTH,sugarcane,5.82,2026-01-11,2026-04-13,0.432,false,20.6,0.0,OK
PARCEL_018,MILL_SOUTH,sugarcane,5.82,2026-01-11,2026-04-16,0.668,false,18.7,0.0,OK
PARCEL_018,MILL_SOUTH,sugarcane,5.82,2026-01-11,2026-04-17,0.435,false,19.9,0.0,OK
PARCEL_018,MILL_SOUTH,sugarcane,5.82,2026-01-11,2026-04-18,0.662,false,27.7,0.0,OK
PARCEL_018,MILL_SOUTH,sugarcane,5.82,2026-01-11,2026-04-19,0.488,false,32.4,0.0,OK
PARCEL_018,MILL_SOUTH,sugarcane,5.82,2026-01-11,2026-04-20,0.479,false,31.8,0.0,OK
PARCEL_018,MILL_SOUTH,sugarcane,5.82,2026-01-11,2026-04-21,0.442,false,29.5,0.0,UNKNOWN
PARCEL_018,MILL_SOUTH,sugarcane,5.82,2026-01-11,2026-04-22,0.475,false,21.0,0.0,OK
PARCEL_018,MILL_SOUTH,sugarcane,5.82,2026-01-11,2026-04-23,0.412,false,23.5,0.0,OK
PARCEL_018,MILL_SOUTH,sugarcane,5.82,2026-01-11,2026-04-24,0.382,false,25.2,0.0,OK
PARCEL_018,MILL_SOUTH,sugarcane,5.82,2026-01-11,2026-04-25,0.55,false,23.2,0.0,OK
PARCEL_018,MILL_SOUTH,sugarcane,5.82,2026-01-11,2026-04-26,0.716,false,27.1,5.0,UNKNOWN
PARCEL_018,MILL_SOUTH,sugarcane,5.82,2026-01-11,2026-04-27,0.551,false,34.5,0.0,OK
PARCEL_018,MILL_SOUTH,sugarcane,5.82,2026-01-11,2026-04-28,,true,24.5,1.4,ERROR
PARCEL_018,MILL_SOUTH,sugarcane,5.82,2026-01-11,2026-04-29,0.446,false,22.0,0.0,OK
PARCEL_018,MILL_SOUTH,sugarcane,5.82,2026-01-11,2026-04-30,0.414,false,15.6,5.1,OK
PARCEL_018,MILL_SOUTH,sugarcane,5.82,2026-01-11,2026-05-01,0.669,false,29.9,0.0,ERROR
PARCEL_018,MILL_SOUTH,sugarcane,5.82,2026-01-11,2026-05-02,0.654,false,19.8,0.0,OK
PARCEL_018,MILL_SOUTH,sugarcane,5.82,2026-01-11,2026-05-03,0.565,false,27.3,0.0,OK
PARCEL_018,MILL_SOUTH,sugarcane,5.82,2026-01-11,2026-05-04,0.629,false,34.2,5.0,OK
PARCEL_018,MILL_SOUTH,sugarcane,5.82,2026-01-11,2026-05-05,0.445,false,26.8,0.0,OK
PARCEL_018,MILL_SOUTH,sugarcane,5.82,2026-01-11,2026-05-06,0.52,false,33.7,0.0,UNKNOWN
PARCEL_018,MILL_SOUTH,sugarcane,5.82,2026-01-11,2026-05-08,0.483,false,26.1,0.0,OK
PARCEL_018,MILL_SOUTH,sugarcane,5.82,2026-01-11,2026-05-09,0.515,false,25.9,0.0,OK
PARCEL_018,MILL_SOUTH,sugarcane,5.82,2026-01-11,2026-05-10,0.702,false,21.2,0.0,OK
PARCEL_018,MILL_SOUTH,sugarcane,5.82,2026-01-11,2026-05-11,0.56,false,28.5,0.0,OK
PARCEL_018,MILL_SOUTH,sugarcane,5.82,2026-01-11,2026-05-13,0.576,false,18.8,0.0,OK
PARCEL_018,MILL_SOUTH,sugarcane,5.82,2026-01-11,2026-05-14,0.626,false,22.0,0.0,OK
PARCEL_018,MILL_SOUTH,sugarcane,5.82,2026-01-11,2026-05-15,0.539,false,19.6,1.2,OK
PARCEL_018,MILL_SOUTH,sugarcane,5.82,2026-01-11,2026-05-16,0.595,false,15.4,0.0,ERROR
PARCEL_018,MILL_SOUTH,sugarcane,5.82,2026-01-11,2026-05-17,0.442,false,34.7,4.1,OK
PARCEL_018,MILL_SOUTH,sugarcane,5.82,2026-01-11,2026-05-18,0.366,false,33.7,0.0,OK
PARCEL_018,MILL_SOUTH,sugarcane,5.82,2026-01-11,2026-05-19,0.641,false,16.9,0.0,OK
PARCEL_018,MILL_SOUTH,sugarcane,5.82,2026-01-11,2026-05-21,0.502,false,22.2,0.0,OK
PARCEL_018,MILL_SOUTH,sugarcane,5.82,2026-01-11,2026-05-22,0.524,false,23.2,0.0,OK
PARCEL_018,MILL_SOUTH,sugarcane,5.82,2026-01-11,2026-05-23,0.735,false,15.4,0.0,OK
PARCEL_018,MILL_SOUTH,sugarcane,5.82,2026-01-11,2026-05-24,0.507,false,35.0,0.0,OK
PARCEL_018,MILL_SOUTH,sugarcane,5.82,2026-01-11,2026-05-25,0.351,false,27.1,0.0,OK
PARCEL_018,MILL_SOUTH,sugarcane,5.82,2026-01-11,2026-05-26,0.493,false,31.7,0.0,OK
PARCEL_018,MILL_SOUTH,sugarcane,5.82,2026-01-11,2026-05-27,0.59,false,23.1,1.9,OK
PARCEL_018,MILL_SOUTH,sugarcane,5.82,2026-01-11,2026-05-28,0.45,false,29.7,0.0,OK
PARCEL_018,MILL_SOUTH,sugarcane,5.82,2026-01-11,2026-05-29,0.481,false,20.5,9.2,OK
PARCEL_018,MILL_SOUTH,sugarcane,5.82,2026-01-11,2026-05-30,0.631,false,26.4,0.0,OK
PARCEL_018,MILL_SOUTH,sugarcane,5.82,2026-01-11,2026-05-31,0.533,false,29.7,0.0,ERROR
PARCEL_019,MILL_SOUTH,sugarcane,10.19,2026-01-18,2026-01-01,0.187,false,17.9,0.0,OK
PARCEL_019,MILL_SOUTH,sugarcane,10.19,2026-01-18,2026-01-02,0.133,false,18.7,5.5,OK
PARCEL_019,MILL_SOUTH,sugarcane,10.19,2026-01-18,2026-01-03,,true,21.3,0.0,ERROR
PARCEL_019,MILL_SOUTH,sugarcane,10.19,2026-01-18,2026-01-04,0.216,false,32.3,0.0,OK
PARCEL_019,MILL_SOUTH,sugarcane,10.19,2026-01-18,2026-01-05,0.212,false,16.5,0.0,OK
PARCEL_019,MILL_SOUTH,sugarcane,10.19,2026-01-18,2026-01-06,0.192,false,22.8,0.0,OK
PARCEL_019,MILL_SOUTH,sugarcane,10.19,2026-01-18,2026-01-07,0.149,false,17.8,0.0,OK
PARCEL_019,MILL_SOUTH,sugarcane,10.19,2026-01-18,2026-01-08,0.287,false,24.0,0.0,OK
PARCEL_019,MILL_SOUTH,sugarcane,10.19,2026-01-18,2026-01-10,0.198,false,15.3,1.0,OK
PARCEL_019,MILL_SOUTH,sugarcane,10.19,2026-01-18,2026-01-12,0.014,false,32.3,0.0,OK
PARCEL_019,MILL_SOUTH,sugarcane,10.19,2026-01-18,2026-01-13,0.213,false,27.3,0.0,OK
PARCEL_019,MILL_SOUTH,sugarcane,10.19,2026-01-18,2026-01-14,0.191,false,27.1,6.4,OK
PARCEL_019,MILL_SOUTH,sugarcane,10.19,2026-01-18,2026-01-15,0.211,false,17.8,0.0,OK
PARCEL_019,MILL_SOUTH,sugarcane,10.19,2026-01-18,2026-01-16,0.201,false,26.9,0.0,OK
PARCEL_019,MILL_SOUTH,sugarcane,10.19,2026-01-18,2026-01-17,0.114,false,17.6,6.2,OK
PARCEL_019,MILL_SOUTH,sugarcane,10.19,2026-01-18,2026-01-18,0.313,false,32.1,0.0,OK
PARCEL_019,MILL_SOUTH,sugarcane,10.19,2026-01-18,2026-01-19,0.473,false,18.1,0.0,OK
PARCEL_019,MILL_SOUTH,sugarcane,10.19,2026-01-18,2026-01-21,0.338,false,21.4,0.0,OK
PARCEL_019,MILL_SOUTH,sugarcane,10.19,2026-01-18,2026-01-22,0.217,false,33.6,4.4,OK
PARCEL_019,MILL_SOUTH,sugarcane,10.19,2026-01-18,2026-01-23,0.334,false,15.3,0.0,OK
PARCEL_019,MILL_SOUTH,sugarcane,10.19,2026-01-18,2026-01-24,0.183,false,24.0,3.7,OK
PARCEL_019,MILL_SOUTH,sugarcane,10.19,2026-01-18,2026-01-25,0.245,false,29.4,0.0,OK
PARCEL_019,MILL_SOUTH,sugarcane,10.19,2026-01-18,2026-01-26,0.388,false,35.0,0.0,OK
PARCEL_019,MILL_SOUTH,sugarcane,10.19,2026-01-18,2026-01-27,0.182,false,26.7,0.0,ERROR
PARCEL_019,MILL_SOUTH,sugarcane,10.19,2026-01-18,2026-01-28,0.235,false,32.9,0.0,OK
PARCEL_019,MILL_SOUTH,sugarcane,10.19,2026-01-18,2026-01-29,0.307,false,15.4,0.0,OK
PARCEL_019,MILL_SOUTH,sugarcane,10.19,2026-01-18,2026-01-30,0.335,false,24.7,0.0,OK
PARCEL_019,MILL_SOUTH,sugarcane,10.19,2026-01-18,2026-01-31,0.376,false,23.9,6.7,OK
PARCEL_019,MILL_SOUTH,sugarcane,10.19,2026-01-18,2026-02-01,0.326,false,26.6,0.0,OK
PARCEL_019,MILL_SOUTH,sugarcane,10.19,2026-01-18,2026-02-02,0.254,false,30.5,0.0,UNKNOWN
PARCEL_019,MILL_SOUTH,sugarcane,10.19,2026-01-18,2026-02-03,0.161,false,27.7,0.0,OK
PARCEL_019,MILL_SOUTH,sugarcane,10.19,2026-01-18,2026-02-04,0.276,false,29.0,7.1,OK
PARCEL_019,MILL_SOUTH,sugarcane,10.19,2026-01-18,2026-02-05,0.286,false,20.9,6.5,OK
PARCEL_019,MILL_SOUTH,sugarcane,10.19,2026-01-18,2026-02-06,0.386,false,25.0,0.0,ERROR
PARCEL_019,MILL_SOUTH,sugarcane,10.19,2026-01-18,2026-02-07,0.344,false,24.0,0.0,OK
PARCEL_019,MILL_SOUTH,sugarcane,10.19,2026-01-18,2026-02-08,0.173,false,32.0,0.0,OK
PARCEL_019,MILL_SOUTH,sugarcane,10.19,2026-01-18,2026-02-09,0.444,false,17.9,0.0,OK
PARCEL_019,MILL_SOUTH,sugarcane,10.19,2026-01-18,2026-02-10,0.298,false,34.5,0.0,OK
PARCEL_019,MILL_SOUTH,sugarcane,10.19,2026-01-18,2026-02-11,0.323,false,20.1,0.0,OK
PARCEL_019,MILL_SOUTH,sugarcane,10.19,2026-01-18,2026-02-12,0.279,false,21.1,0.0,OK
PARCEL_019,MILL_SOUTH,sugarcane,10.19,2026-01-18,2026-02-13,0.223,false,28.3,0.0,OK
PARCEL_019,MILL_SOUTH,sugarcane,10.19,2026-01-18,2026-02-14,0.235,false,26.7,8.7,OK
PARCEL_019,MILL_SOUTH,sugarcane,10.19,2026-01-18,2026-02-15,0.285,false,35.0,0.0,OK
PARCEL_019,MILL_SOUTH,sugarcane,10.19,2026-01-18,2026-02-16,0.431,false,24.3,0.0,OK
PARCEL_019,MILL_SOUTH,sugarcane,10.19,2026-01-18,2026-02-17,0.804,false,29.3,0.0,OK
PARCEL_019,MILL_SOUTH,sugarcane,10.19,2026-01-18,2026-02-18,0.859,false,33.7,0.0,OK
PARCEL_019,MILL_SOUTH,sugarcane,10.19,2026-01-18,2026-02-19,0.517,false,21.0,0.0,OK
PARCEL_019,MILL_SOUTH,sugarcane,10.19,2026-01-18,2026-02-20,0.697,false,34.9,6.8,OK
PARCEL_019,MILL_SOUTH,sugarcane,10.19,2026-01-18,2026-02-21,0.827,false,16.9,0.0,OK
PARCEL_019,MILL_SOUTH,sugarcane,10.19,2026-01-18,2026-02-22,0.564,false,15.5,0.3,OK
PARCEL_019,MILL_SOUTH,sugarcane,10.19,2026-01-18,2026-02-23,0.746,false,34.8,0.0,OK
PARCEL_019,MILL_SOUTH,sugarcane,10.19,2026-01-18,2026-02-24,0.698,false,30.3,0.0,OK
PARCEL_019,MILL_SOUTH,sugarcane,10.19,2026-01-18,2026-02-25,0.906,false,19.5,0.0,OK
PARCEL_019,MILL_SOUTH,sugarcane,10.19,2026-01-18,2026-02-26,0.86,false,23.1,4.0,OK
PARCEL_019,MILL_SOUTH,sugarcane,10.19,2026-01-18,2026-02-27,,true,27.4,0.0,ERROR
PARCEL_019,MILL_SOUTH,sugarcane,10.19,2026-01-18,2026-02-28,0.694,false,33.1,0.0,UNKNOWN
PARCEL_019,MILL_SOUTH,sugarcane,10.19,2026-01-18,2026-03-01,0.851,false,26.9,3.6,OK
PARCEL_019,MILL_SOUTH,sugarcane,10.19,2026-01-18,2026-03-02,0.634,false,25.6,0.0,OK
PARCEL_019,MILL_SOUTH,sugarcane,10.19,2026-01-18,2026-03-03,0.698,false,30.6,0.0,OK
PARCEL_019,MILL_SOUTH,sugarcane,10.19,2026-01-18,2026-03-04,0.682,false,24.4,0.0,OK
PARCEL_019,MILL_SOUTH,sugarcane,10.19,2026-01-18,2026-03-05,0.569,false,16.9,0.0,OK
PARCEL_019,MILL_SOUTH,sugarcane,10.19,2026-01-18,2026-03-06,0.695,false,27.7,0.0,OK
PARCEL_019,MILL_SOUTH,sugarcane,10.19,2026-01-18,2026-03-07,0.697,false,26.1,0.0,OK
PARCEL_019,MILL_SOUTH,sugarcane,10.19,2026-01-18,2026-03-08,0.572,false,20.4,2.3,ERROR
PARCEL_019,MILL_SOUTH,sugarcane,10.19,2026-01-18,2026-03-09,0.678,false,31.4,0.0,OK
PARCEL_019,MILL_SOUTH,sugarcane,10.19,2026-01-18,2026-03-11,0.828,false,30.4,1.7,OK
PARCEL_019,MILL_SOUTH,sugarcane,10.19,2026-01-18,2026-03-12,0.689,false,32.4,0.0,OK
PARCEL_019,MILL_SOUTH,sugarcane,10.19,2026-01-18,2026-03-13,0.592,false,23.3,4.7,OK
PARCEL_019,MILL_SOUTH,sugarcane,10.19,2026-01-18,2026-03-14,0.721,false,21.5,0.0,UNKNOWN
PARCEL_019,MILL_SOUTH,sugarcane,10.19,2026-01-18,2026-03-15,0.775,false,29.0,0.0,OK
PARCEL_019,MILL_SOUTH,sugarcane,10.19,2026-01-18,2026-03-16,0.924,false,20.5,2.0,OK
PARCEL_019,MILL_SOUTH,sugarcane,10.19,2026-01-18,2026-03-17,0.736,false,25.9,0.0,UNKNOWN
PARCEL_019,MILL_SOUTH,sugarcane,10.19,2026-01-18,2026-03-20,0.745,false,24.9,0.0,OK
PARCEL_019,MILL_SOUTH,sugarcane,10.19,2026-01-18,2026-03-21,0.59,false,20.8,0.0,OK
PARCEL_019,MILL_SOUTH,sugarcane,10.19,2026-01-18,2026-03-22,0.763,false,32.3,0.0,OK
PARCEL_019,MILL_SOUTH,sugarcane,10.19,2026-01-18,2026-03-23,0.606,false,28.4,1.0,ERROR
PARCEL_019,MILL_SOUTH,sugarcane,10.19,2026-01-18,2026-03-24,0.634,false,24.7,0.0,OK
PARCEL_019,MILL_SOUTH,sugarcane,10.19,2026-01-18,2026-03-25,0.58,false,15.5,0.0,OK
PARCEL_019,MILL_SOUTH,sugarcane,10.19,2026-01-18,2026-03-26,0.652,false,34.0,0.0,OK
PARCEL_019,MILL_SOUTH,sugarcane,10.19,2026-01-18,2026-03-27,0.866,false,32.0,0.0,OK
PARCEL_019,MILL_SOUTH,sugarcane,10.19,2026-01-18,2026-03-28,0.863,false,24.7,0.7,OK
PARCEL_019,MILL_SOUTH,sugarcane,10.19,2026-01-18,2026-03-29,0.576,false,24.9,0.0,OK
PARCEL_019,MILL_SOUTH,sugarcane,10.19,2026-01-18,2026-03-30,0.67,false,21.0,0.0,OK
PARCEL_019,MILL_SOUTH,sugarcane,10.19,2026-01-18,2026-03-31,0.581,false,22.0,2.9,OK
PARCEL_019,MILL_SOUTH,sugarcane,10.19,2026-01-18,2026-04-01,0.81,false,32.8,0.0,OK
PARCEL_019,MILL_SOUTH,sugarcane,10.19,2026-01-18,2026-04-02,0.613,false,27.2,0.0,OK
PARCEL_019,MILL_SOUTH,sugarcane,10.19,2026-01-18,2026-04-03,0.721,false,23.6,0.0,OK
PARCEL_019,MILL_SOUTH,sugarcane,10.19,2026-01-18,2026-04-04,0.508,false,18.6,0.4,OK
PARCEL_019,MILL_SOUTH,sugarcane,10.19,2026-01-18,2026-04-05,0.742,false,28.9,5.8,OK
PARCEL_019,MILL_SOUTH,sugarcane,10.19,2026-01-18,2026-04-06,0.678,false,26.3,0.0,OK
PARCEL_019,MILL_SOUTH,sugarcane,10.19,2026-01-18,2026-04-07,0.887,false,15.6,0.0,OK
PARCEL_019,MILL_SOUTH,sugarcane,10.19,2026-01-18,2026-04-08,0.58,false,27.2,3.0,OK
PARCEL_019,MILL_SOUTH,sugarcane,10.19,2026-01-18,2026-04-09,0.756,false,25.7,0.0,OK
PARCEL_019,MILL_SOUTH,sugarcane,10.19,2026-01-18,2026-04-10,0.602,false,22.1,0.0,OK
PARCEL_019,MILL_SOUTH,sugarcane,10.19,2026-01-18,2026-04-11,0.89,false,22.3,0.0,OK
PARCEL_019,MILL_SOUTH,sugarcane,10.19,2026-01-18,2026-04-12,0.638,false,19.9,0.0,OK
PARCEL_019,MILL_SOUTH,sugarcane,10.19,2026-01-18,2026-04-13,0.652,false,16.1,5.8,OK
PARCEL_019,MILL_SOUTH,sugarcane,10.19,2026-01-18,2026-04-14,0.828,false,20.8,0.0,UNKNOWN
PARCEL_019,MILL_SOUTH,sugarcane,10.19,2026-01-18,2026-04-15,0.626,false,33.9,2.1,OK
PARCEL_019,MILL_SOUTH,sugarcane,10.19,2026-01-18,2026-04-16,0.441,false,17.8,0.0,OK
PARCEL_019,MILL_SOUTH,sugarcane,10.19,2026-01-18,2026-04-19,0.753,false,24.5,0.0,OK
PARCEL_019,MILL_SOUTH,sugarcane,10.19,2026-01-18,2026-04-20,0.609,false,25.7,0.0,UNKNOWN
PARCEL_019,MILL_SOUTH,sugarcane,10.19,2026-01-18,2026-04-21,0.481,false,24.0,0.0,OK
PARCEL_019,MILL_SOUTH,sugarcane,10.19,2026-01-18,2026-04-22,0.547,false,19.6,0.0,OK
PARCEL_019,MILL_SOUTH,sugarcane,10.19,2026-01-18,2026-04-23,0.572,false,24.2,0.0,OK
PARCEL_019,MILL_SOUTH,sugarcane,10.19,2026-01-18,2026-04-24,0.463,false,22.8,0.0,OK
PARCEL_019,MILL_SOUTH,sugarcane,10.19,2026-01-18,2026-04-25,0.451,false,23.0,0.0,OK
PARCEL_019,MILL_SOUTH,sugarcane,10.19,2026-01-18,2026-04-26,0.429,false,34.4,0.0,OK
PARCEL_019,MILL_SOUTH,sugarcane,10.19,2026-01-18,2026-04-27,0.537,false,30.0,0.0,OK
PARCEL_019,MILL_SOUTH,sugarcane,10.19,2026-01-18,2026-04-29,,true,17.7,0.0,ERROR
PARCEL_019,MILL_SOUTH,sugarcane,10.19,2026-01-18,2026-05-01,0.522,false,30.7,0.0,OK
PARCEL_019,MILL_SOUTH,sugarcane,10.19,2026-01-18,2026-05-02,0.476,false,26.7,0.0,OK
PARCEL_019,MILL_SOUTH,sugarcane,10.19,2026-01-18,2026-05-03,0.682,false,21.2,0.0,OK
PARCEL_019,MILL_SOUTH,sugarcane,10.19,2026-01-18,2026-05-04,0.48,false,32.5,0.0,OK
PARCEL_019,MILL_SOUTH,sugarcane,10.19,2026-01-18,2026-05-05,0.724,false,23.7,0.0,OK
PARCEL_019,MILL_SOUTH,sugarcane,10.19,2026-01-18,2026-05-06,0.756,false,15.4,0.0,OK
PARCEL_019,MILL_SOUTH,sugarcane,10.19,2026-01-18,2026-05-07,0.741,false,18.0,0.0,ERROR
PARCEL_019,MILL_SOUTH,sugarcane,10.19,2026-01-18,2026-05-09,0.69,false,34.8,0.0,UNKNOWN
PARCEL_019,MILL_SOUTH,sugarcane,10.19,2026-01-18,2026-05-11,,true,20.9,0.0,ERROR
PARCEL_019,MILL_SOUTH,sugarcane,10.19,2026-01-18,2026-05-12,0.735,false,24.1,0.0,ERROR
PARCEL_019,MILL_SOUTH,sugarcane,10.19,2026-01-18,2026-05-13,0.571,false,26.7,0.0,OK
PARCEL_019,MILL_SOUTH,sugarcane,10.19,2026-01-18,2026-05-14,0.526,false,27.0,4.5,OK
PARCEL_019,MILL_SOUTH,sugarcane,10.19,2026-01-18,2026-05-15,0.483,false,19.7,0.0,OK
PARCEL_019,MILL_SOUTH,sugarcane,10.19,2026-01-18,2026-05-16,0.614,false,29.8,3.2,ERROR
PARCEL_019,MILL_SOUTH,sugarcane,10.19,2026-01-18,2026-05-17,0.533,false,33.6,2.3,OK
PARCEL_019,MILL_SOUTH,sugarcane,10.19,2026-01-18,2026-05-18,0.444,false,30.1,5.0,OK
PARCEL_019,MILL_SOUTH,sugarcane,10.19,2026-01-18,2026-05-19,0.422,false,24.5,0.0,OK
PARCEL_019,MILL_SOUTH,sugarcane,10.19,2026-01-18,2026-05-20,0.489,false,15.6,0.0,OK
PARCEL_019,MILL_SOUTH,sugarcane,10.19,2026-01-18,2026-05-22,0.629,false,16.5,0.0,OK
PARCEL_019,MILL_SOUTH,sugarcane,10.19,2026-01-18,2026-05-23,0.37,false,17.2,2.6,OK
PARCEL_019,MILL_SOUTH,sugarcane,10.19,2026-01-18,2026-05-25,0.48,false,24.4,0.0,OK
PARCEL_019,MILL_SOUTH,sugarcane,10.19,2026-01-18,2026-05-26,0.354,false,28.1,0.0,OK
PARCEL_019,MILL_SOUTH,sugarcane,10.19,2026-01-18,2026-05-27,,true,34.1,0.6,ERROR
PARCEL_019,MILL_SOUTH,sugarcane,10.19,2026-01-18,2026-05-28,0.429,false,33.5,0.0,OK
PARCEL_019,MILL_SOUTH,sugarcane,10.19,2026-01-18,2026-05-29,0.432,false,23.4,1.1,OK
PARCEL_019,MILL_SOUTH,sugarcane,10.19,2026-01-18,2026-05-30,0.456,false,33.1,1.6,OK
PARCEL_019,MILL_SOUTH,sugarcane,10.19,2026-01-18,2026-05-31,0.447,false,34.8,1.8,OK
PARCEL_020,MILL_NORTH,sugarcane,9.95,2026-02-19,2026-01-01,0.079,false,15.9,0.0,OK
PARCEL_020,MILL_NORTH,sugarcane,9.95,2026-02-19,2026-01-02,0.119,false,18.6,0.0,OK
PARCEL_020,MILL_NORTH,sugarcane,9.95,2026-02-19,2026-01-03,0.256,false,23.3,4.4,OK
PARCEL_020,MILL_NORTH,sugarcane,9.95,2026-02-19,2026-01-04,0.195,false,15.1,0.0,OK
PARCEL_020,MILL_NORTH,sugarcane,9.95,2026-02-19,2026-01-05,0.15,false,23.8,0.0,OK
PARCEL_020,MILL_NORTH,sugarcane,9.95,2026-02-19,2026-01-06,0.133,false,18.6,0.0,OK
PARCEL_020,MILL_NORTH,sugarcane,9.95,2026-02-19,2026-01-07,0.105,false,22.7,0.0,OK
PARCEL_020,MILL_NORTH,sugarcane,9.95,2026-02-19,2026-01-08,0.192,false,30.8,0.0,OK
PARCEL_020,MILL_NORTH,sugarcane,9.95,2026-02-19,2026-01-09,0.159,false,30.7,0.0,OK
PARCEL_020,MILL_NORTH,sugarcane,9.95,2026-02-19,2026-01-10,0.253,false,33.6,0.0,OK
PARCEL_020,MILL_NORTH,sugarcane,9.95,2026-02-19,2026-01-11,0.085,false,29.1,0.0,OK
PARCEL_020,MILL_NORTH,sugarcane,9.95,2026-02-19,2026-01-12,0.231,false,33.3,0.0,OK
PARCEL_020,MILL_NORTH,sugarcane,9.95,2026-02-19,2026-01-13,0.199,false,18.2,0.0,OK
PARCEL_020,MILL_NORTH,sugarcane,9.95,2026-02-19,2026-01-14,0.188,false,33.9,5.1,OK
PARCEL_020,MILL_NORTH,sugarcane,9.95,2026-02-19,2026-01-15,0.115,false,25.9,0.0,OK
PARCEL_020,MILL_NORTH,sugarcane,9.95,2026-02-19,2026-01-16,0.218,false,17.1,0.0,OK
PARCEL_020,MILL_NORTH,sugarcane,9.95,2026-02-19,2026-01-17,,true,19.1,0.0,ERROR
PARCEL_020,MILL_NORTH,sugarcane,9.95,2026-02-19,2026-01-18,0.247,false,25.9,0.0,OK
PARCEL_020,MILL_NORTH,sugarcane,9.95,2026-02-19,2026-01-19,0.122,false,29.8,0.0,OK
PARCEL_020,MILL_NORTH,sugarcane,9.95,2026-02-19,2026-01-20,0.139,false,24.0,0.0,OK
PARCEL_020,MILL_NORTH,sugarcane,9.95,2026-02-19,2026-01-21,0.135,false,22.1,0.0,OK
PARCEL_020,MILL_NORTH,sugarcane,9.95,2026-02-19,2026-01-22,0.238,false,31.3,0.0,OK
PARCEL_020,MILL_NORTH,sugarcane,9.95,2026-02-19,2026-01-23,0.292,false,18.8,0.0,ERROR
PARCEL_020,MILL_NORTH,sugarcane,9.95,2026-02-19,2026-01-24,0.284,false,15.7,0.0,OK
PARCEL_020,MILL_NORTH,sugarcane,9.95,2026-02-19,2026-01-25,0.092,false,30.9,0.0,OK
PARCEL_020,MILL_NORTH,sugarcane,9.95,2026-02-19,2026-01-26,0.229,false,15.9,0.0,OK
PARCEL_020,MILL_NORTH,sugarcane,9.95,2026-02-19,2026-01-27,0.188,false,31.2,0.0,OK
PARCEL_020,MILL_NORTH,sugarcane,9.95,2026-02-19,2026-01-28,0.21,false,29.1,3.4,OK
PARCEL_020,MILL_NORTH,sugarcane,9.95,2026-02-19,2026-01-29,0.244,false,17.1,0.0,UNKNOWN
PARCEL_020,MILL_NORTH,sugarcane,9.95,2026-02-19,2026-01-30,0.257,false,33.2,3.0,OK
PARCEL_020,MILL_NORTH,sugarcane,9.95,2026-02-19,2026-01-31,0.244,false,35.2,0.0,OK
PARCEL_020,MILL_NORTH,sugarcane,9.95,2026-02-19,2026-02-01,0.194,false,32.2,0.0,OK
PARCEL_020,MILL_NORTH,sugarcane,9.95,2026-02-19,2026-02-02,0.13,false,19.2,0.0,OK
PARCEL_020,MILL_NORTH,sugarcane,9.95,2026-02-19,2026-02-03,0.212,false,26.1,0.5,OK
PARCEL_020,MILL_NORTH,sugarcane,9.95,2026-02-19,2026-02-04,0.295,false,30.9,7.5,OK
PARCEL_020,MILL_NORTH,sugarcane,9.95,2026-02-19,2026-02-05,0.048,false,18.5,0.0,OK
PARCEL_020,MILL_NORTH,sugarcane,9.95,2026-02-19,2026-02-06,0.249,false,24.5,0.0,OK
PARCEL_020,MILL_NORTH,sugarcane,9.95,2026-02-19,2026-02-08,0.042,false,22.7,0.0,OK
PARCEL_020,MILL_NORTH,sugarcane,9.95,2026-02-19,2026-02-09,0.15,false,33.7,0.0,OK
PARCEL_020,MILL_NORTH,sugarcane,9.95,2026-02-19,2026-02-10,0.178,false,18.4,0.0,OK
PARCEL_020,MILL_NORTH,sugarcane,9.95,2026-02-19,2026-02-11,0.187,false,23.6,0.0,OK
PARCEL_020,MILL_NORTH,sugarcane,9.95,2026-02-19,2026-02-12,0.174,false,30.5,0.0,OK
PARCEL_020,MILL_NORTH,sugarcane,9.95,2026-02-19,2026-02-13,0.211,false,31.5,0.0,OK
PARCEL_020,MILL_NORTH,sugarcane,9.95,2026-02-19,2026-02-14,0.223,false,27.4,0.0,UNKNOWN
PARCEL_020,MILL_NORTH,sugarcane,9.95,2026-02-19,2026-02-15,0.16,false,27.9,0.0,OK
PARCEL_020,MILL_NORTH,sugarcane,9.95,2026-02-19,2026-02-16,0.162,false,18.3,0.0,OK
PARCEL_020,MILL_NORTH,sugarcane,9.95,2026-02-19,2026-02-17,0.079,false,28.4,0.0,OK
PARCEL_020,MILL_NORTH,sugarcane,9.95,2026-02-19,2026-02-20,0.471,false,19.8,0.0,OK
PARCEL_020,MILL_NORTH,sugarcane,9.95,2026-02-19,2026-02-21,0.254,false,31.1,0.0,OK
PARCEL_020,MILL_NORTH,sugarcane,9.95,2026-02-19,2026-02-22,0.392,false,16.6,4.6,OK
PARCEL_020,MILL_NORTH,sugarcane,9.95,2026-02-19,2026-02-24,0.243,false,32.8,0.0,OK
PARCEL_020,MILL_NORTH,sugarcane,9.95,2026-02-19,2026-02-25,0.214,false,15.7,0.9,OK
PARCEL_020,MILL_NORTH,sugarcane,9.95,2026-02-19,2026-02-26,0.226,false,17.3,0.0,OK
PARCEL_020,MILL_NORTH,sugarcane,9.95,2026-02-19,2026-02-27,0.442,false,20.3,0.0,OK
PARCEL_020,MILL_NORTH,sugarcane,9.95,2026-02-19,2026-02-28,0.41,false,24.3,2.5,OK
PARCEL_020,MILL_NORTH,sugarcane,9.95,2026-02-19,2026-03-01,0.168,false,29.4,0.0,UNKNOWN
PARCEL_020,MILL_NORTH,sugarcane,9.95,2026-02-19,2026-03-02,0.303,false,32.5,5.6,OK
PARCEL_020,MILL_NORTH,sugarcane,9.95,2026-02-19,2026-03-03,0.261,false,32.9,7.2,OK
PARCEL_020,MILL_NORTH,sugarcane,9.95,2026-02-19,2026-03-04,0.188,false,21.2,0.0,OK
PARCEL_020,MILL_NORTH,sugarcane,9.95,2026-02-19,2026-03-05,0.308,false,27.7,2.6,UNKNOWN
PARCEL_020,MILL_NORTH,sugarcane,9.95,2026-02-19,2026-03-06,0.302,false,26.6,0.0,OK
PARCEL_020,MILL_NORTH,sugarcane,9.95,2026-02-19,2026-03-07,0.317,false,33.5,0.0,OK
PARCEL_020,MILL_NORTH,sugarcane,9.95,2026-02-19,2026-03-08,0.32,false,22.3,0.0,OK
PARCEL_020,MILL_NORTH,sugarcane,9.95,2026-02-19,2026-03-10,0.248,false,23.8,0.0,OK
PARCEL_020,MILL_NORTH,sugarcane,9.95,2026-02-19,2026-03-11,0.329,false,31.5,0.0,OK
PARCEL_020,MILL_NORTH,sugarcane,9.95,2026-02-19,2026-03-12,0.222,false,24.4,2.9,OK
PARCEL_020,MILL_NORTH,sugarcane,9.95,2026-02-19,2026-03-13,0.265,false,33.5,0.8,OK
PARCEL_020,MILL_NORTH,sugarcane,9.95,2026-02-19,2026-03-14,0.359,false,27.7,0.0,OK
PARCEL_020,MILL_NORTH,sugarcane,9.95,2026-02-19,2026-03-15,0.225,false,31.5,0.0,OK
PARCEL_020,MILL_NORTH,sugarcane,9.95,2026-02-19,2026-03-16,0.277,false,30.8,6.7,OK
PARCEL_020,MILL_NORTH,sugarcane,9.95,2026-02-19,2026-03-17,0.309,false,22.0,0.0,OK
PARCEL_020,MILL_NORTH,sugarcane,9.95,2026-02-19,2026-03-19,0.276,false,31.7,1.3,OK
PARCEL_020,MILL_NORTH,sugarcane,9.95,2026-02-19,2026-03-20,0.402,false,22.2,0.0,OK
PARCEL_020,MILL_NORTH,sugarcane,9.95,2026-02-19,2026-03-21,0.734,false,20.0,0.0,OK
PARCEL_020,MILL_NORTH,sugarcane,9.95,2026-02-19,2026-03-22,0.713,false,17.5,0.0,OK
PARCEL_020,MILL_NORTH,sugarcane,9.95,2026-02-19,2026-03-23,0.589,false,33.6,0.0,OK
PARCEL_020,MILL_NORTH,sugarcane,9.95,2026-02-19,2026-03-24,0.67,false,35.3,2.4,OK
PARCEL_020,MILL_NORTH,sugarcane,9.95,2026-02-19,2026-03-25,0.751,false,25.5,0.0,OK
PARCEL_020,MILL_NORTH,sugarcane,9.95,2026-02-19,2026-03-26,0.668,false,27.0,0.0,OK
PARCEL_020,MILL_NORTH,sugarcane,9.95,2026-02-19,2026-03-27,0.717,false,15.5,0.0,OK
PARCEL_020,MILL_NORTH,sugarcane,9.95,2026-02-19,2026-03-29,0.746,false,21.1,0.0,OK
PARCEL_020,MILL_NORTH,sugarcane,9.95,2026-02-19,2026-03-30,,true,27.1,0.0,ERROR
PARCEL_020,MILL_NORTH,sugarcane,9.95,2026-02-19,2026-04-01,0.653,false,30.9,3.5,OK
PARCEL_020,MILL_NORTH,sugarcane,9.95,2026-02-19,2026-04-02,0.55,false,34.4,0.0,OK
PARCEL_020,MILL_NORTH,sugarcane,9.95,2026-02-19,2026-04-04,0.631,false,34.9,0.0,OK
PARCEL_020,MILL_NORTH,sugarcane,9.95,2026-02-19,2026-04-05,0.788,false,27.0,0.0,OK
PARCEL_020,MILL_NORTH,sugarcane,9.95,2026-02-19,2026-04-07,0.794,false,28.0,2.2,OK
PARCEL_020,MILL_NORTH,sugarcane,9.95,2026-02-19,2026-04-08,0.741,false,32.0,0.0,OK
PARCEL_020,MILL_NORTH,sugarcane,9.95,2026-02-19,2026-04-09,0.569,false,32.9,0.0,OK
PARCEL_020,MILL_NORTH,sugarcane,9.95,2026-02-19,2026-04-10,0.639,false,25.5,5.1,OK
PARCEL_020,MILL_NORTH,sugarcane,9.95,2026-02-19,2026-04-11,0.743,false,31.0,2.1,OK
PARCEL_020,MILL_NORTH,sugarcane,9.95,2026-02-19,2026-04-13,0.617,false,27.5,0.0,ERROR
PARCEL_020,MILL_NORTH,sugarcane,9.95,2026-02-19,2026-04-14,0.834,false,28.7,0.2,OK
PARCEL_020,MILL_NORTH,sugarcane,9.95,2026-02-19,2026-04-15,0.667,false,16.3,6.7,OK
PARCEL_020,MILL_NORTH,sugarcane,9.95,2026-02-19,2026-04-16,0.562,false,24.1,0.0,ERROR
PARCEL_020,MILL_NORTH,sugarcane,9.95,2026-02-19,2026-04-17,0.652,false,34.3,3.1,ERROR
PARCEL_020,MILL_NORTH,sugarcane,9.95,2026-02-19,2026-04-18,0.699,false,35.0,0.0,OK
PARCEL_020,MILL_NORTH,sugarcane,9.95,2026-02-19,2026-04-19,0.777,false,32.1,0.2,OK
PARCEL_020,MILL_NORTH,sugarcane,9.95,2026-02-19,2026-04-20,0.663,false,26.2,0.0,OK
PARCEL_020,MILL_NORTH,sugarcane,9.95,2026-02-19,2026-04-21,0.539,false,25.3,0.0,OK
PARCEL_020,MILL_NORTH,sugarcane,9.95,2026-02-19,2026-04-22,0.8,false,20.6,0.0,OK
PARCEL_020,MILL_NORTH,sugarcane,9.95,2026-02-19,2026-04-23,0.782,false,18.4,2.3,UNKNOWN
PARCEL_020,MILL_NORTH,sugarcane,9.95,2026-02-19,2026-04-24,0.759,false,33.7,0.0,OK
PARCEL_020,MILL_NORTH,sugarcane,9.95,2026-02-19,2026-04-25,0.804,false,21.3,0.0,OK
PARCEL_020,MILL_NORTH,sugarcane,9.95,2026-02-19,2026-04-26,0.506,false,34.4,0.0,OK
PARCEL_020,MILL_NORTH,sugarcane,9.95,2026-02-19,2026-04-27,0.619,false,16.6,0.0,OK
PARCEL_020,MILL_NORTH,sugarcane,9.95,2026-02-19,2026-04-28,0.669,false,19.4,0.0,OK
PARCEL_020,MILL_NORTH,sugarcane,9.95,2026-02-19,2026-04-29,0.67,false,15.5,6.6,OK
PARCEL_020,MILL_NORTH,sugarcane,9.95,2026-02-19,2026-04-30,0.834,false,25.8,0.0,OK
PARCEL_020,MILL_NORTH,sugarcane,9.95,2026-02-19,2026-05-01,,true,23.9,0.0,ERROR
PARCEL_020,MILL_NORTH,sugarcane,9.95,2026-02-19,2026-05-02,0.839,false,23.1,0.0,OK
PARCEL_020,MILL_NORTH,sugarcane,9.95,2026-02-19,2026-05-03,0.804,false,35.1,0.0,OK
PARCEL_020,MILL_NORTH,sugarcane,9.95,2026-02-19,2026-05-04,0.587,false,27.9,0.0,OK
PARCEL_020,MILL_NORTH,sugarcane,9.95,2026-02-19,2026-05-06,0.841,false,22.0,0.0,OK
PARCEL_020,MILL_NORTH,sugarcane,9.95,2026-02-19,2026-05-07,0.763,false,16.6,0.0,OK
PARCEL_020,MILL_NORTH,sugarcane,9.95,2026-02-19,2026-05-08,0.806,false,16.8,2.7,OK
PARCEL_020,MILL_NORTH,sugarcane,9.95,2026-02-19,2026-05-09,0.616,false,19.2,0.0,OK
PARCEL_020,MILL_NORTH,sugarcane,9.95,2026-02-19,2026-05-10,0.559,false,25.5,1.6,UNKNOWN
PARCEL_020,MILL_NORTH,sugarcane,9.95,2026-02-19,2026-05-11,0.691,false,31.7,0.0,OK
PARCEL_020,MILL_NORTH,sugarcane,9.95,2026-02-19,2026-05-12,0.709,false,33.3,0.0,OK
PARCEL_020,MILL_NORTH,sugarcane,9.95,2026-02-19,2026-05-13,0.566,false,22.7,0.0,OK
PARCEL_020,MILL_NORTH,sugarcane,9.95,2026-02-19,2026-05-14,0.628,false,24.1,0.0,OK
PARCEL_020,MILL_NORTH,sugarcane,9.95,2026-02-19,2026-05-15,0.711,false,16.2,0.0,OK
PARCEL_020,MILL_NORTH,sugarcane,9.95,2026-02-19,2026-05-16,0.615,false,22.3,0.0,OK
PARCEL_020,MILL_NORTH,sugarcane,9.95,2026-02-19,2026-05-17,0.832,false,26.9,0.0,OK
PARCEL_020,MILL_NORTH,sugarcane,9.95,2026-02-19,2026-05-18,0.508,false,25.0,0.0,OK
PARCEL_020,MILL_NORTH,sugarcane,9.95,2026-02-19,2026-05-19,0.696,false,25.0,0.0,OK
PARCEL_020,MILL_NORTH,sugarcane,9.95,2026-02-19,2026-05-20,0.585,false,24.6,0.0,OK
PARCEL_020,MILL_NORTH,sugarcane,9.95,2026-02-19,2026-05-21,0.598,false,28.1,0.0,OK
PARCEL_020,MILL_NORTH,sugarcane,9.95,2026-02-19,2026-05-22,0.565,false,15.4,0.0,OK
PARCEL_020,MILL_NORTH,sugarcane,9.95,2026-02-19,2026-05-23,0.736,false,17.8,0.0,OK
PARCEL_020,MILL_NORTH,sugarcane,9.95,2026-02-19,2026-05-24,0.643,false,24.8,0.0,OK
PARCEL_020,MILL_NORTH,sugarcane,9.95,2026-02-19,2026-05-25,0.538,false,21.7,0.0,OK
PARCEL_020,MILL_NORTH,sugarcane,9.95,2026-02-19,2026-05-27,0.426,false,16.2,0.8,OK
PARCEL_020,MILL_NORTH,sugarcane,9.95,2026-02-19,2026-05-28,0.712,false,28.5,0.0,OK
PARCEL_020,MILL_NORTH,sugarcane,9.95,2026-02-19,2026-05-29,0.64,false,30.9,0.0,UNKNOWN
PARCEL_020,MILL_NORTH,sugarcane,9.95,2026-02-19,2026-05-30,0.534,false,23.3,0.0,OK
PARCEL_020,MILL_NORTH,sugarcane,9.95,2026-02-19,2026-05-31,0.691,false,19.2,0.0,OK
PARCEL_021,MILL_EAST,wheat,3.58,2026-02-21,2026-01-01,0.218,false,28.5,0.0,OK
PARCEL_021,MILL_EAST,wheat,3.58,2026-02-21,2026-01-02,0.154,false,31.8,0.0,OK
PARCEL_021,MILL_EAST,wheat,3.58,2026-02-21,2026-01-05,0.172,false,17.3,0.0,OK
PARCEL_021,MILL_EAST,wheat,3.58,2026-02-21,2026-01-06,0.228,false,17.0,0.0,OK
PARCEL_021,MILL_EAST,wheat,3.58,2026-02-21,2026-01-07,0.078,false,29.4,0.0,OK
PARCEL_021,MILL_EAST,wheat,3.58,2026-02-21,2026-01-08,0.25,false,25.2,0.0,OK
PARCEL_021,MILL_EAST,wheat,3.58,2026-02-21,2026-01-09,0.227,false,24.5,2.0,UNKNOWN
PARCEL_021,MILL_EAST,wheat,3.58,2026-02-21,2026-01-10,0.18,false,31.7,0.0,OK
PARCEL_021,MILL_EAST,wheat,3.58,2026-02-21,2026-01-11,0.225,false,22.4,0.0,OK
PARCEL_021,MILL_EAST,wheat,3.58,2026-02-21,2026-01-12,0.142,false,18.4,0.0,OK
PARCEL_021,MILL_EAST,wheat,3.58,2026-02-21,2026-01-14,0.241,false,28.4,5.9,OK
PARCEL_021,MILL_EAST,wheat,3.58,2026-02-21,2026-01-17,0.168,false,17.4,0.0,OK
PARCEL_021,MILL_EAST,wheat,3.58,2026-02-21,2026-01-18,0.196,false,21.6,0.0,OK
PARCEL_021,MILL_EAST,wheat,3.58,2026-02-21,2026-01-19,0.243,false,16.3,0.0,OK
PARCEL_021,MILL_EAST,wheat,3.58,2026-02-21,2026-01-20,0.163,false,25.6,0.0,OK
PARCEL_021,MILL_EAST,wheat,3.58,2026-02-21,2026-01-21,0.051,false,21.9,0.0,OK
PARCEL_021,MILL_EAST,wheat,3.58,2026-02-21,2026-01-22,0.098,false,16.2,0.0,OK
PARCEL_021,MILL_EAST,wheat,3.58,2026-02-21,2026-01-23,0.166,false,18.6,0.0,OK
PARCEL_021,MILL_EAST,wheat,3.58,2026-02-21,2026-01-24,0.253,false,23.8,6.8,OK
PARCEL_021,MILL_EAST,wheat,3.58,2026-02-21,2026-01-25,0.136,false,32.1,0.0,OK
PARCEL_021,MILL_EAST,wheat,3.58,2026-02-21,2026-01-26,0.069,false,19.5,0.0,OK
PARCEL_021,MILL_EAST,wheat,3.58,2026-02-21,2026-01-27,0.242,false,27.6,5.3,ERROR
PARCEL_021,MILL_EAST,wheat,3.58,2026-02-21,2026-01-28,0.299,false,29.9,0.0,OK
PARCEL_021,MILL_EAST,wheat,3.58,2026-02-21,2026-01-29,0.212,false,24.8,0.0,OK
PARCEL_021,MILL_EAST,wheat,3.58,2026-02-21,2026-01-30,0.195,false,23.9,0.0,OK
PARCEL_021,MILL_EAST,wheat,3.58,2026-02-21,2026-01-31,0.238,false,33.7,0.0,OK
PARCEL_021,MILL_EAST,wheat,3.58,2026-02-21,2026-02-01,0.281,false,19.2,0.0,OK
PARCEL_021,MILL_EAST,wheat,3.58,2026-02-21,2026-02-02,0.188,false,28.1,0.0,OK
PARCEL_021,MILL_EAST,wheat,3.58,2026-02-21,2026-02-03,0.211,false,17.4,0.0,OK
PARCEL_021,MILL_EAST,wheat,3.58,2026-02-21,2026-02-04,0.13,false,25.2,0.0,OK
PARCEL_021,MILL_EAST,wheat,3.58,2026-02-21,2026-02-05,0.229,false,33.7,0.0,OK
PARCEL_021,MILL_EAST,wheat,3.58,2026-02-21,2026-02-06,0.092,false,26.7,0.0,OK
PARCEL_021,MILL_EAST,wheat,3.58,2026-02-21,2026-02-07,0.16,false,17.2,0.0,OK
PARCEL_021,MILL_EAST,wheat,3.58,2026-02-21,2026-02-08,0.139,false,16.2,0.0,OK
PARCEL_021,MILL_EAST,wheat,3.58,2026-02-21,2026-02-09,0.208,false,26.5,0.0,OK
PARCEL_021,MILL_EAST,wheat,3.58,2026-02-21,2026-02-10,0.123,false,17.8,0.0,OK
PARCEL_021,MILL_EAST,wheat,3.58,2026-02-21,2026-02-11,0.251,false,16.1,0.0,OK
PARCEL_021,MILL_EAST,wheat,3.58,2026-02-21,2026-02-12,0.067,false,32.4,0.0,OK
PARCEL_021,MILL_EAST,wheat,3.58,2026-02-21,2026-02-13,0.356,false,28.1,2.8,OK
PARCEL_021,MILL_EAST,wheat,3.58,2026-02-21,2026-02-14,0.257,false,26.8,0.0,OK
PARCEL_021,MILL_EAST,wheat,3.58,2026-02-21,2026-02-15,0.264,false,21.9,0.0,OK
PARCEL_021,MILL_EAST,wheat,3.58,2026-02-21,2026-02-16,0.288,false,23.5,0.0,OK
PARCEL_021,MILL_EAST,wheat,3.58,2026-02-21,2026-02-17,0.207,false,22.6,0.0,OK
PARCEL_021,MILL_EAST,wheat,3.58,2026-02-21,2026-02-18,0.306,false,28.6,0.0,UNKNOWN
PARCEL_021,MILL_EAST,wheat,3.58,2026-02-21,2026-02-19,0.047,false,21.3,0.0,OK
PARCEL_021,MILL_EAST,wheat,3.58,2026-02-21,2026-02-20,0.192,false,25.3,0.0,OK
PARCEL_021,MILL_EAST,wheat,3.58,2026-02-21,2026-02-21,,true,31.6,0.0,ERROR
PARCEL_021,MILL_EAST,wheat,3.58,2026-02-21,2026-02-22,0.366,false,32.0,0.2,OK
PARCEL_021,MILL_EAST,wheat,3.58,2026-02-21,2026-02-23,0.239,false,30.7,0.0,OK
PARCEL_021,MILL_EAST,wheat,3.58,2026-02-21,2026-02-25,0.257,false,24.7,0.0,OK
PARCEL_021,MILL_EAST,wheat,3.58,2026-02-21,2026-02-26,0.393,false,29.4,0.0,UNKNOWN
PARCEL_021,MILL_EAST,wheat,3.58,2026-02-21,2026-02-27,0.203,false,31.2,0.0,OK
PARCEL_021,MILL_EAST,wheat,3.58,2026-02-21,2026-02-28,0.257,false,22.4,0.0,OK
PARCEL_021,MILL_EAST,wheat,3.58,2026-02-21,2026-03-01,0.335,false,28.6,0.0,OK
PARCEL_021,MILL_EAST,wheat,3.58,2026-02-21,2026-03-03,0.36,false,29.1,0.0,OK
PARCEL_021,MILL_EAST,wheat,3.58,2026-02-21,2026-03-04,0.144,false,29.9,0.0,OK
PARCEL_021,MILL_EAST,wheat,3.58,2026-02-21,2026-03-06,0.176,false,31.8,8.5,OK
PARCEL_021,MILL_EAST,wheat,3.58,2026-02-21,2026-03-07,0.264,false,25.4,0.0,OK
PARCEL_021,MILL_EAST,wheat,3.58,2026-02-21,2026-03-08,0.163,false,28.1,0.0,OK
PARCEL_021,MILL_EAST,wheat,3.58,2026-02-21,2026-03-10,0.117,false,21.6,0.0,OK
PARCEL_021,MILL_EAST,wheat,3.58,2026-02-21,2026-03-11,0.447,false,23.8,0.0,OK
PARCEL_021,MILL_EAST,wheat,3.58,2026-02-21,2026-03-12,0.342,false,32.4,0.0,OK
PARCEL_021,MILL_EAST,wheat,3.58,2026-02-21,2026-03-13,0.472,false,18.8,0.0,OK
PARCEL_021,MILL_EAST,wheat,3.58,2026-02-21,2026-03-14,0.302,false,23.3,1.1,OK
PARCEL_021,MILL_EAST,wheat,3.58,2026-02-21,2026-03-16,0.269,false,27.8,0.0,OK
PARCEL_021,MILL_EAST,wheat,3.58,2026-02-21,2026-03-17,0.173,false,22.1,0.0,OK
PARCEL_021,MILL_EAST,wheat,3.58,2026-02-21,2026-03-18,0.345,false,31.6,0.0,OK
PARCEL_021,MILL_EAST,wheat,3.58,2026-02-21,2026-03-19,0.447,false,26.1,0.0,OK
PARCEL_021,MILL_EAST,wheat,3.58,2026-02-21,2026-03-20,0.351,false,20.3,7.8,OK
PARCEL_021,MILL_EAST,wheat,3.58,2026-02-21,2026-03-21,0.255,false,22.7,0.0,OK
PARCEL_021,MILL_EAST,wheat,3.58,2026-02-21,2026-03-22,0.213,false,28.1,0.0,OK
PARCEL_021,MILL_EAST,wheat,3.58,2026-02-21,2026-03-23,0.532,false,31.4,0.0,OK
PARCEL_021,MILL_EAST,wheat,3.58,2026-02-21,2026-03-24,0.547,false,29.1,4.2,OK
PARCEL_021,MILL_EAST,wheat,3.58,2026-02-21,2026-03-25,0.55,false,31.1,0.0,OK
PARCEL_021,MILL_EAST,wheat,3.58,2026-02-21,2026-03-26,0.704,false,30.4,0.0,OK
PARCEL_021,MILL_EAST,wheat,3.58,2026-02-21,2026-03-28,0.603,false,33.5,0.0,OK
PARCEL_021,MILL_EAST,wheat,3.58,2026-02-21,2026-03-29,0.602,false,29.1,0.0,OK
PARCEL_021,MILL_EAST,wheat,3.58,2026-02-21,2026-03-30,0.71,false,17.1,0.0,OK
PARCEL_021,MILL_EAST,wheat,3.58,2026-02-21,2026-03-31,0.543,false,30.3,0.0,OK
PARCEL_021,MILL_EAST,wheat,3.58,2026-02-21,2026-04-01,0.738,false,28.3,0.0,OK
PARCEL_021,MILL_EAST,wheat,3.58,2026-02-21,2026-04-02,0.453,false,15.7,0.0,OK
PARCEL_021,MILL_EAST,wheat,3.58,2026-02-21,2026-04-03,0.524,false,28.0,0.0,OK
PARCEL_021,MILL_EAST,wheat,3.58,2026-02-21,2026-04-04,0.533,false,28.8,0.0,OK
PARCEL_021,MILL_EAST,wheat,3.58,2026-02-21,2026-04-05,,true,16.7,0.0,ERROR
PARCEL_021,MILL_EAST,wheat,3.58,2026-02-21,2026-04-06,0.638,false,17.0,0.0,OK
PARCEL_021,MILL_EAST,wheat,3.58,2026-02-21,2026-04-07,0.478,false,15.7,0.0,OK
PARCEL_021,MILL_EAST,wheat,3.58,2026-02-21,2026-04-08,0.693,false,24.8,0.0,OK
PARCEL_021,MILL_EAST,wheat,3.58,2026-02-21,2026-04-09,0.393,false,22.6,1.4,OK
PARCEL_021,MILL_EAST,wheat,3.58,2026-02-21,2026-04-10,0.489,false,26.7,0.0,OK
PARCEL_021,MILL_EAST,wheat,3.58,2026-02-21,2026-04-11,0.477,false,22.9,0.0,UNKNOWN
PARCEL_021,MILL_EAST,wheat,3.58,2026-02-21,2026-04-12,0.532,false,20.7,0.0,OK
PARCEL_021,MILL_EAST,wheat,3.58,2026-02-21,2026-04-13,0.611,false,25.5,0.0,OK
PARCEL_021,MILL_EAST,wheat,3.58,2026-02-21,2026-04-14,0.551,false,24.0,0.0,OK
PARCEL_021,MILL_EAST,wheat,3.58,2026-02-21,2026-04-15,0.695,false,24.3,5.8,OK
PARCEL_021,MILL_EAST,wheat,3.58,2026-02-21,2026-04-16,0.577,false,21.2,0.0,OK
PARCEL_021,MILL_EAST,wheat,3.58,2026-02-21,2026-04-17,0.629,false,16.9,5.8,OK
PARCEL_021,MILL_EAST,wheat,3.58,2026-02-21,2026-04-18,0.483,false,16.9,0.0,OK
PARCEL_021,MILL_EAST,wheat,3.58,2026-02-21,2026-04-19,0.616,false,21.4,0.0,OK
PARCEL_021,MILL_EAST,wheat,3.58,2026-02-21,2026-04-20,0.367,false,20.5,0.0,OK
PARCEL_021,MILL_EAST,wheat,3.58,2026-02-21,2026-04-21,0.695,false,31.1,7.0,OK
PARCEL_021,MILL_EAST,wheat,3.58,2026-02-21,2026-04-22,0.581,false,32.3,0.0,OK
PARCEL_021,MILL_EAST,wheat,3.58,2026-02-21,2026-04-23,0.648,false,34.4,0.0,OK
PARCEL_021,MILL_EAST,wheat,3.58,2026-02-21,2026-04-25,0.417,false,30.3,0.0,OK
PARCEL_021,MILL_EAST,wheat,3.58,2026-02-21,2026-04-26,0.429,false,15.9,0.0,OK
PARCEL_021,MILL_EAST,wheat,3.58,2026-02-21,2026-04-27,0.471,false,32.0,0.0,OK
PARCEL_021,MILL_EAST,wheat,3.58,2026-02-21,2026-04-28,0.642,false,21.1,0.0,OK
PARCEL_021,MILL_EAST,wheat,3.58,2026-02-21,2026-04-29,0.427,false,17.9,6.3,ERROR
PARCEL_021,MILL_EAST,wheat,3.58,2026-02-21,2026-04-30,0.545,false,35.3,0.0,OK
PARCEL_021,MILL_EAST,wheat,3.58,2026-02-21,2026-05-01,0.692,false,32.7,0.0,OK
PARCEL_021,MILL_EAST,wheat,3.58,2026-02-21,2026-05-02,0.716,false,19.0,0.0,OK
PARCEL_021,MILL_EAST,wheat,3.58,2026-02-21,2026-05-03,0.525,false,26.6,0.0,OK
PARCEL_021,MILL_EAST,wheat,3.58,2026-02-21,2026-05-04,0.549,false,23.3,0.0,OK
PARCEL_021,MILL_EAST,wheat,3.58,2026-02-21,2026-05-05,0.589,false,22.4,0.0,OK
PARCEL_021,MILL_EAST,wheat,3.58,2026-02-21,2026-05-06,0.57,false,33.8,0.0,OK
PARCEL_021,MILL_EAST,wheat,3.58,2026-02-21,2026-05-07,0.595,false,29.2,0.0,OK
PARCEL_021,MILL_EAST,wheat,3.58,2026-02-21,2026-05-08,0.528,false,30.9,0.0,OK
PARCEL_021,MILL_EAST,wheat,3.58,2026-02-21,2026-05-09,0.675,false,32.0,0.0,OK
PARCEL_021,MILL_EAST,wheat,3.58,2026-02-21,2026-05-10,0.663,false,31.6,0.8,OK
PARCEL_021,MILL_EAST,wheat,3.58,2026-02-21,2026-05-11,0.457,false,34.4,0.0,OK
PARCEL_021,MILL_EAST,wheat,3.58,2026-02-21,2026-05-12,0.733,false,23.5,1.7,OK
PARCEL_021,MILL_EAST,wheat,3.58,2026-02-21,2026-05-13,0.551,false,26.5,0.0,OK
PARCEL_021,MILL_EAST,wheat,3.58,2026-02-21,2026-05-14,0.381,false,30.8,0.0,OK
PARCEL_021,MILL_EAST,wheat,3.58,2026-02-21,2026-05-15,0.396,false,21.5,0.0,OK
PARCEL_021,MILL_EAST,wheat,3.58,2026-02-21,2026-05-16,0.418,false,35.1,0.0,OK
PARCEL_021,MILL_EAST,wheat,3.58,2026-02-21,2026-05-17,0.64,false,23.7,0.0,OK
PARCEL_021,MILL_EAST,wheat,3.58,2026-02-21,2026-05-18,0.645,false,24.4,0.0,OK
PARCEL_021,MILL_EAST,wheat,3.58,2026-02-21,2026-05-19,0.49,false,28.3,0.0,OK
PARCEL_021,MILL_EAST,wheat,3.58,2026-02-21,2026-05-20,0.649,false,32.1,3.5,OK
PARCEL_021,MILL_EAST,wheat,3.58,2026-02-21,2026-05-21,0.406,false,33.2,2.8,OK
PARCEL_021,MILL_EAST,wheat,3.58,2026-02-21,2026-05-22,0.407,false,35.0,1.0,OK
PARCEL_021,MILL_EAST,wheat,3.58,2026-02-21,2026-05-23,0.488,false,29.3,0.0,OK
PARCEL_021,MILL_EAST,wheat,3.58,2026-02-21,2026-05-25,0.787,false,21.0,0.0,OK
PARCEL_021,MILL_EAST,wheat,3.58,2026-02-21,2026-05-27,0.416,false,21.5,0.0,OK
PARCEL_021,MILL_EAST,wheat,3.58,2026-02-21,2026-05-28,0.443,false,32.5,0.0,OK
PARCEL_021,MILL_EAST,wheat,3.58,2026-02-21,2026-05-29,0.479,false,20.6,0.0,OK
PARCEL_021,MILL_EAST,wheat,3.58,2026-02-21,2026-05-30,0.531,false,28.5,0.0,OK
PARCEL_021,MILL_EAST,wheat,3.58,2026-02-21,2026-05-31,0.51,false,17.1,4.8,OK
PARCEL_022,MILL_EAST,sugarcane,8.04,2026-01-14,2026-01-02,0.074,false,30.9,0.0,OK
PARCEL_022,MILL_EAST,sugarcane,8.04,2026-01-14,2026-01-03,0.047,false,23.2,0.5,OK
PARCEL_022,MILL_EAST,sugarcane,8.04,2026-01-14,2026-01-04,0.173,false,34.2,0.0,OK
PARCEL_022,MILL_EAST,sugarcane,8.04,2026-01-14,2026-01-05,0.19,false,20.7,0.0,OK
PARCEL_022,MILL_EAST,sugarcane,8.04,2026-01-14,2026-01-06,0.183,false,24.0,2.4,OK
PARCEL_022,MILL_EAST,sugarcane,8.04,2026-01-14,2026-01-07,0.231,false,31.2,0.0,OK
PARCEL_022,MILL_EAST,sugarcane,8.04,2026-01-14,2026-01-08,0.23,false,33.2,0.0,OK
PARCEL_022,MILL_EAST,sugarcane,8.04,2026-01-14,2026-01-10,0.213,false,16.0,0.0,OK
PARCEL_022,MILL_EAST,sugarcane,8.04,2026-01-14,2026-01-11,0.205,false,25.3,0.0,ERROR
PARCEL_022,MILL_EAST,sugarcane,8.04,2026-01-14,2026-01-12,0.179,false,34.4,0.0,OK
PARCEL_022,MILL_EAST,sugarcane,8.04,2026-01-14,2026-01-14,0.358,false,32.6,0.0,OK
PARCEL_022,MILL_EAST,sugarcane,8.04,2026-01-14,2026-01-15,0.37,false,16.7,0.0,OK
PARCEL_022,MILL_EAST,sugarcane,8.04,2026-01-14,2026-01-16,0.39,false,24.7,0.0,OK
PARCEL_022,MILL_EAST,sugarcane,8.04,2026-01-14,2026-01-18,0.32,false,15.6,0.0,OK
PARCEL_022,MILL_EAST,sugarcane,8.04,2026-01-14,2026-01-19,0.254,false,34.5,0.0,OK
PARCEL_022,MILL_EAST,sugarcane,8.04,2026-01-14,2026-01-21,0.382,false,28.1,0.0,OK
PARCEL_022,MILL_EAST,sugarcane,8.04,2026-01-14,2026-01-22,0.384,false,16.1,0.0,OK
PARCEL_022,MILL_EAST,sugarcane,8.04,2026-01-14,2026-01-23,0.248,false,18.5,0.0,OK
PARCEL_022,MILL_EAST,sugarcane,8.04,2026-01-14,2026-01-24,0.16,false,32.4,0.0,OK
PARCEL_022,MILL_EAST,sugarcane,8.04,2026-01-14,2026-01-25,0.176,false,25.5,0.0,OK
PARCEL_022,MILL_EAST,sugarcane,8.04,2026-01-14,2026-01-26,0.409,false,30.4,0.0,OK
PARCEL_022,MILL_EAST,sugarcane,8.04,2026-01-14,2026-01-27,0.383,false,15.7,2.9,OK
PARCEL_022,MILL_EAST,sugarcane,8.04,2026-01-14,2026-01-28,0.246,false,15.3,0.0,ERROR
PARCEL_022,MILL_EAST,sugarcane,8.04,2026-01-14,2026-01-29,0.232,false,16.2,1.0,OK
PARCEL_022,MILL_EAST,sugarcane,8.04,2026-01-14,2026-01-30,0.24,false,27.8,5.1,OK
PARCEL_022,MILL_EAST,sugarcane,8.04,2026-01-14,2026-01-31,0.185,false,18.3,0.6,OK
PARCEL_022,MILL_EAST,sugarcane,8.04,2026-01-14,2026-02-01,0.392,false,17.7,0.0,OK
PARCEL_022,MILL_EAST,sugarcane,8.04,2026-01-14,2026-02-02,0.38,false,33.1,0.0,UNKNOWN
PARCEL_022,MILL_EAST,sugarcane,8.04,2026-01-14,2026-02-03,0.327,false,25.0,0.0,OK
PARCEL_022,MILL_EAST,sugarcane,8.04,2026-01-14,2026-02-04,0.336,false,28.3,0.0,OK
PARCEL_022,MILL_EAST,sugarcane,8.04,2026-01-14,2026-02-05,0.248,false,32.9,0.0,OK
PARCEL_022,MILL_EAST,sugarcane,8.04,2026-01-14,2026-02-06,0.182,false,20.6,6.4,OK
PARCEL_022,MILL_EAST,sugarcane,8.04,2026-01-14,2026-02-07,0.26,false,16.8,0.0,OK
PARCEL_022,MILL_EAST,sugarcane,8.04,2026-01-14,2026-02-08,0.292,false,26.7,3.3,OK
PARCEL_022,MILL_EAST,sugarcane,8.04,2026-01-14,2026-02-09,0.235,false,22.2,0.0,ERROR
PARCEL_022,MILL_EAST,sugarcane,8.04,2026-01-14,2026-02-10,0.358,false,33.6,0.0,OK
PARCEL_022,MILL_EAST,sugarcane,8.04,2026-01-14,2026-02-11,0.425,false,34.5,1.4,OK
PARCEL_022,MILL_EAST,sugarcane,8.04,2026-01-14,2026-02-13,0.722,false,22.6,0.0,OK
PARCEL_022,MILL_EAST,sugarcane,8.04,2026-01-14,2026-02-14,0.728,false,32.0,0.0,OK
PARCEL_022,MILL_EAST,sugarcane,8.04,2026-01-14,2026-02-15,0.666,false,23.4,5.0,OK
PARCEL_022,MILL_EAST,sugarcane,8.04,2026-01-14,2026-02-17,0.67,false,21.0,0.0,OK
PARCEL_022,MILL_EAST,sugarcane,8.04,2026-01-14,2026-02-18,0.66,false,33.1,0.0,OK
PARCEL_022,MILL_EAST,sugarcane,8.04,2026-01-14,2026-02-19,0.836,false,28.2,1.6,OK
PARCEL_022,MILL_EAST,sugarcane,8.04,2026-01-14,2026-02-21,0.652,false,32.5,0.0,OK
PARCEL_022,MILL_EAST,sugarcane,8.04,2026-01-14,2026-02-22,0.827,false,16.7,9.4,OK
PARCEL_022,MILL_EAST,sugarcane,8.04,2026-01-14,2026-02-23,0.852,false,19.7,0.0,OK
PARCEL_022,MILL_EAST,sugarcane,8.04,2026-01-14,2026-02-24,0.615,false,18.0,5.2,OK
PARCEL_022,MILL_EAST,sugarcane,8.04,2026-01-14,2026-02-25,0.852,false,31.1,0.0,OK
PARCEL_022,MILL_EAST,sugarcane,8.04,2026-01-14,2026-02-26,0.824,false,30.5,0.0,OK
PARCEL_022,MILL_EAST,sugarcane,8.04,2026-01-14,2026-02-27,0.721,false,16.9,0.0,OK
PARCEL_022,MILL_EAST,sugarcane,8.04,2026-01-14,2026-02-28,0.812,false,23.8,0.0,OK
PARCEL_022,MILL_EAST,sugarcane,8.04,2026-01-14,2026-03-01,0.763,false,17.8,0.0,OK
PARCEL_022,MILL_EAST,sugarcane,8.04,2026-01-14,2026-03-03,0.664,false,33.2,0.0,OK
PARCEL_022,MILL_EAST,sugarcane,8.04,2026-01-14,2026-03-04,0.683,false,34.9,0.0,OK
PARCEL_022,MILL_EAST,sugarcane,8.04,2026-01-14,2026-03-05,0.862,false,26.1,0.0,OK
PARCEL_022,MILL_EAST,sugarcane,8.04,2026-01-14,2026-03-06,0.868,false,34.7,1.8,OK
PARCEL_022,MILL_EAST,sugarcane,8.04,2026-01-14,2026-03-07,0.874,false,17.5,0.0,OK
PARCEL_022,MILL_EAST,sugarcane,8.04,2026-01-14,2026-03-08,0.848,false,17.5,0.0,OK
PARCEL_022,MILL_EAST,sugarcane,8.04,2026-01-14,2026-03-11,0.577,false,28.3,0.0,OK
PARCEL_022,MILL_EAST,sugarcane,8.04,2026-01-14,2026-03-14,0.598,false,24.3,0.0,OK
PARCEL_022,MILL_EAST,sugarcane,8.04,2026-01-14,2026-03-15,0.538,false,30.8,0.0,OK
PARCEL_022,MILL_EAST,sugarcane,8.04,2026-01-14,2026-03-16,0.684,false,31.1,0.0,OK
PARCEL_022,MILL_EAST,sugarcane,8.04,2026-01-14,2026-03-17,0.804,false,27.4,0.0,OK
PARCEL_022,MILL_EAST,sugarcane,8.04,2026-01-14,2026-03-18,0.812,false,17.6,0.0,OK
PARCEL_022,MILL_EAST,sugarcane,8.04,2026-01-14,2026-03-21,0.833,false,29.5,0.0,OK
PARCEL_022,MILL_EAST,sugarcane,8.04,2026-01-14,2026-03-22,0.73,false,34.0,7.8,OK
PARCEL_022,MILL_EAST,sugarcane,8.04,2026-01-14,2026-03-23,0.62,false,26.9,0.0,OK
PARCEL_022,MILL_EAST,sugarcane,8.04,2026-01-14,2026-03-24,0.697,false,29.7,0.0,OK
PARCEL_022,MILL_EAST,sugarcane,8.04,2026-01-14,2026-03-25,0.805,false,25.3,0.0,OK
PARCEL_022,MILL_EAST,sugarcane,8.04,2026-01-14,2026-03-26,0.532,false,34.7,0.0,ERROR
PARCEL_022,MILL_EAST,sugarcane,8.04,2026-01-14,2026-03-27,0.646,false,17.9,0.0,OK
PARCEL_022,MILL_EAST,sugarcane,8.04,2026-01-14,2026-03-28,,true,35.4,0.0,ERROR
PARCEL_022,MILL_EAST,sugarcane,8.04,2026-01-14,2026-03-30,0.631,false,15.8,0.0,OK
PARCEL_022,MILL_EAST,sugarcane,8.04,2026-01-14,2026-03-31,0.657,false,35.1,0.0,OK
PARCEL_022,MILL_EAST,sugarcane,8.04,2026-01-14,2026-04-02,0.715,false,34.8,1.9,OK
PARCEL_022,MILL_EAST,sugarcane,8.04,2026-01-14,2026-04-03,0.719,false,25.3,0.0,OK
PARCEL_022,MILL_EAST,sugarcane,8.04,2026-01-14,2026-04-04,0.89,false,35.0,0.0,OK
PARCEL_022,MILL_EAST,sugarcane,8.04,2026-01-14,2026-04-06,0.859,false,33.2,0.0,OK
PARCEL_022,MILL_EAST,sugarcane,8.04,2026-01-14,2026-04-08,0.85,false,21.0,0.0,OK
PARCEL_022,MILL_EAST,sugarcane,8.04,2026-01-14,2026-04-09,0.515,false,30.1,0.0,OK
PARCEL_022,MILL_EAST,sugarcane,8.04,2026-01-14,2026-04-10,0.792,false,34.5,0.0,OK
PARCEL_022,MILL_EAST,sugarcane,8.04,2026-01-14,2026-04-11,0.778,false,20.2,0.0,OK
PARCEL_022,MILL_EAST,sugarcane,8.04,2026-01-14,2026-04-12,0.548,false,19.8,0.0,OK
PARCEL_022,MILL_EAST,sugarcane,8.04,2026-01-14,2026-04-13,0.595,false,25.7,0.0,OK
PARCEL_022,MILL_EAST,sugarcane,8.04,2026-01-14,2026-04-14,0.489,false,33.3,0.0,OK
PARCEL_022,MILL_EAST,sugarcane,8.04,2026-01-14,2026-04-15,0.421,false,33.6,0.0,OK
PARCEL_022,MILL_EAST,sugarcane,8.04,2026-01-14,2026-04-16,0.461,false,24.0,0.0,OK
PARCEL_022,MILL_EAST,sugarcane,8.04,2026-01-14,2026-04-17,0.513,false,15.9,0.0,OK
PARCEL_022,MILL_EAST,sugarcane,8.04,2026-01-14,2026-04-18,0.536,false,25.0,0.0,OK
PARCEL_022,MILL_EAST,sugarcane,8.04,2026-01-14,2026-04-19,0.637,false,27.5,0.0,OK
PARCEL_022,MILL_EAST,sugarcane,8.04,2026-01-14,2026-04-20,0.755,false,29.6,5.2,OK
PARCEL_022,MILL_EAST,sugarcane,8.04,2026-01-14,2026-04-21,0.539,false,28.5,0.0,OK
PARCEL_022,MILL_EAST,sugarcane,8.04,2026-01-14,2026-04-22,0.427,false,31.2,0.0,OK
PARCEL_022,MILL_EAST,sugarcane,8.04,2026-01-14,2026-04-23,0.584,false,34.2,3.9,OK
PARCEL_022,MILL_EAST,sugarcane,8.04,2026-01-14,2026-04-25,0.575,false,32.2,1.6,OK
PARCEL_022,MILL_EAST,sugarcane,8.04,2026-01-14,2026-04-26,0.492,false,30.6,0.0,OK
PARCEL_022,MILL_EAST,sugarcane,8.04,2026-01-14,2026-04-27,0.59,false,30.8,0.0,OK
PARCEL_022,MILL_EAST,sugarcane,8.04,2026-01-14,2026-04-28,0.712,false,20.9,0.0,OK
PARCEL_022,MILL_EAST,sugarcane,8.04,2026-01-14,2026-04-29,0.516,false,22.9,0.0,OK
PARCEL_022,MILL_EAST,sugarcane,8.04,2026-01-14,2026-04-30,0.579,false,20.9,0.0,OK
PARCEL_022,MILL_EAST,sugarcane,8.04,2026-01-14,2026-05-02,0.536,false,35.2,0.0,OK
PARCEL_022,MILL_EAST,sugarcane,8.04,2026-01-14,2026-05-03,0.601,false,29.4,0.0,OK
PARCEL_022,MILL_EAST,sugarcane,8.04,2026-01-14,2026-05-04,0.61,false,30.2,0.0,OK
PARCEL_022,MILL_EAST,sugarcane,8.04,2026-01-14,2026-05-05,0.42,false,33.0,0.0,OK
PARCEL_022,MILL_EAST,sugarcane,8.04,2026-01-14,2026-05-06,0.466,false,25.4,0.0,OK
PARCEL_022,MILL_EAST,sugarcane,8.04,2026-01-14,2026-05-07,0.535,false,19.8,0.0,OK
PARCEL_022,MILL_EAST,sugarcane,8.04,2026-01-14,2026-05-08,0.32,false,15.9,0.0,OK
PARCEL_022,MILL_EAST,sugarcane,8.04,2026-01-14,2026-05-09,0.649,false,27.5,0.0,OK
PARCEL_022,MILL_EAST,sugarcane,8.04,2026-01-14,2026-05-11,0.639,false,22.2,0.0,OK
PARCEL_022,MILL_EAST,sugarcane,8.04,2026-01-14,2026-05-12,0.605,false,22.1,0.0,OK
PARCEL_022,MILL_EAST,sugarcane,8.04,2026-01-14,2026-05-13,0.662,false,16.1,0.0,OK
PARCEL_022,MILL_EAST,sugarcane,8.04,2026-01-14,2026-05-14,0.538,false,30.7,0.0,OK
PARCEL_022,MILL_EAST,sugarcane,8.04,2026-01-14,2026-05-15,0.455,false,27.0,0.0,OK
PARCEL_022,MILL_EAST,sugarcane,8.04,2026-01-14,2026-05-16,0.492,false,17.6,0.0,OK
PARCEL_022,MILL_EAST,sugarcane,8.04,2026-01-14,2026-05-17,0.508,false,32.5,0.0,OK
PARCEL_022,MILL_EAST,sugarcane,8.04,2026-01-14,2026-05-18,0.578,false,18.8,0.0,OK
PARCEL_022,MILL_EAST,sugarcane,8.04,2026-01-14,2026-05-19,0.449,false,28.3,0.0,OK
PARCEL_022,MILL_EAST,sugarcane,8.04,2026-01-14,2026-05-20,0.529,false,18.4,0.0,OK
PARCEL_022,MILL_EAST,sugarcane,8.04,2026-01-14,2026-05-22,0.697,false,31.0,0.0,OK
PARCEL_022,MILL_EAST,sugarcane,8.04,2026-01-14,2026-05-23,0.522,false,18.4,0.0,OK
PARCEL_022,MILL_EAST,sugarcane,8.04,2026-01-14,2026-05-24,0.416,false,18.7,1.4,OK
PARCEL_022,MILL_EAST,sugarcane,8.04,2026-01-14,2026-05-25,0.388,false,31.4,0.0,OK
PARCEL_022,MILL_EAST,sugarcane,8.04,2026-01-14,2026-05-26,0.51,false,31.7,2.5,OK
PARCEL_022,MILL_EAST,sugarcane,8.04,2026-01-14,2026-05-27,0.664,false,34.1,0.0,OK
PARCEL_022,MILL_EAST,sugarcane,8.04,2026-01-14,2026-05-28,0.643,false,17.3,0.0,OK
PARCEL_022,MILL_EAST,sugarcane,8.04,2026-01-14,2026-05-29,0.743,false,24.5,0.0,OK
PARCEL_022,MILL_EAST,sugarcane,8.04,2026-01-14,2026-05-30,0.411,false,17.2,0.0,OK
PARCEL_022,MILL_EAST,sugarcane,8.04,2026-01-14,2026-05-31,0.463,false,26.3,0.0,OK
PARCEL_023,MILL_WEST,sugarcane,3.55,2026-01-26,2026-01-01,-0.06,false,22.4,0.0,OK
PARCEL_023,MILL_WEST,sugarcane,3.55,2026-01-26,2026-01-02,0.26,false,17.7,0.0,OK
PARCEL_023,MILL_WEST,sugarcane,3.55,2026-01-26,2026-01-03,0.224,false,16.5,0.0,OK
PARCEL_023,MILL_WEST,sugarcane,3.55,2026-01-26,2026-01-04,0.106,false,32.1,0.0,OK
PARCEL_023,MILL_WEST,sugarcane,3.55,2026-01-26,2026-01-05,0.18,false,32.7,0.0,OK
PARCEL_023,MILL_WEST,sugarcane,3.55,2026-01-26,2026-01-06,0.209,false,33.3,0.0,OK
PARCEL_023,MILL_WEST,sugarcane,3.55,2026-01-26,2026-01-07,0.12,false,18.1,0.0,OK
PARCEL_023,MILL_WEST,sugarcane,3.55,2026-01-26,2026-01-08,0.207,false,31.3,0.0,OK
PARCEL_023,MILL_WEST,sugarcane,3.55,2026-01-26,2026-01-09,0.295,false,22.9,0.0,OK
PARCEL_023,MILL_WEST,sugarcane,3.55,2026-01-26,2026-01-10,0.239,false,28.2,0.0,OK
PARCEL_023,MILL_WEST,sugarcane,3.55,2026-01-26,2026-01-11,0.252,false,26.0,0.0,OK
PARCEL_023,MILL_WEST,sugarcane,3.55,2026-01-26,2026-01-12,0.25,false,20.4,0.0,OK
PARCEL_023,MILL_WEST,sugarcane,3.55,2026-01-26,2026-01-13,0.168,false,20.7,0.0,OK
PARCEL_023,MILL_WEST,sugarcane,3.55,2026-01-26,2026-01-14,0.265,false,19.4,0.0,OK
PARCEL_023,MILL_WEST,sugarcane,3.55,2026-01-26,2026-01-15,0.105,false,31.6,0.0,OK
PARCEL_023,MILL_WEST,sugarcane,3.55,2026-01-26,2026-01-16,0.157,false,30.7,3.7,OK
PARCEL_023,MILL_WEST,sugarcane,3.55,2026-01-26,2026-01-17,0.17,false,20.0,4.7,OK
PARCEL_023,MILL_WEST,sugarcane,3.55,2026-01-26,2026-01-18,0.139,false,19.1,0.0,ERROR
PARCEL_023,MILL_WEST,sugarcane,3.55,2026-01-26,2026-01-19,0.258,false,15.4,0.0,OK
PARCEL_023,MILL_WEST,sugarcane,3.55,2026-01-26,2026-01-20,0.212,false,15.2,0.0,OK
PARCEL_023,MILL_WEST,sugarcane,3.55,2026-01-26,2026-01-21,0.168,false,18.1,0.0,OK
PARCEL_023,MILL_WEST,sugarcane,3.55,2026-01-26,2026-01-22,0.177,false,16.1,0.0,OK
PARCEL_023,MILL_WEST,sugarcane,3.55,2026-01-26,2026-01-23,0.118,false,17.4,0.0,OK
PARCEL_023,MILL_WEST,sugarcane,3.55,2026-01-26,2026-01-24,0.154,false,15.6,0.0,OK
PARCEL_023,MILL_WEST,sugarcane,3.55,2026-01-26,2026-01-25,0.198,false,21.2,0.0,OK
PARCEL_023,MILL_WEST,sugarcane,3.55,2026-01-26,2026-01-26,0.214,false,26.3,0.0,OK
PARCEL_023,MILL_WEST,sugarcane,3.55,2026-01-26,2026-01-27,0.139,false,24.5,8.3,OK
PARCEL_023,MILL_WEST,sugarcane,3.55,2026-01-26,2026-01-28,0.391,false,18.7,0.0,OK
PARCEL_023,MILL_WEST,sugarcane,3.55,2026-01-26,2026-01-29,0.161,false,29.4,0.0,OK
PARCEL_023,MILL_WEST,sugarcane,3.55,2026-01-26,2026-01-30,0.401,false,26.2,0.0,OK
PARCEL_023,MILL_WEST,sugarcane,3.55,2026-01-26,2026-01-31,0.352,false,22.5,4.6,OK
PARCEL_023,MILL_WEST,sugarcane,3.55,2026-01-26,2026-02-01,0.301,false,29.4,6.6,OK
PARCEL_023,MILL_WEST,sugarcane,3.55,2026-01-26,2026-02-02,0.279,false,19.1,0.0,OK
PARCEL_023,MILL_WEST,sugarcane,3.55,2026-01-26,2026-02-03,0.386,false,30.4,0.0,OK
PARCEL_023,MILL_WEST,sugarcane,3.55,2026-01-26,2026-02-04,0.188,false,15.9,0.0,OK
PARCEL_023,MILL_WEST,sugarcane,3.55,2026-01-26,2026-02-06,0.4,false,34.6,4.4,OK
PARCEL_023,MILL_WEST,sugarcane,3.55,2026-01-26,2026-02-07,0.192,false,17.6,0.0,OK
PARCEL_023,MILL_WEST,sugarcane,3.55,2026-01-26,2026-02-08,0.435,false,15.5,0.0,OK
PARCEL_023,MILL_WEST,sugarcane,3.55,2026-01-26,2026-02-09,0.48,false,28.7,7.9,OK
PARCEL_023,MILL_WEST,sugarcane,3.55,2026-01-26,2026-02-10,0.439,false,30.3,0.0,OK
PARCEL_023,MILL_WEST,sugarcane,3.55,2026-01-26,2026-02-11,0.283,false,15.3,0.0,OK
PARCEL_023,MILL_WEST,sugarcane,3.55,2026-01-26,2026-02-12,0.363,false,19.7,5.1,OK
PARCEL_023,MILL_WEST,sugarcane,3.55,2026-01-26,2026-02-13,0.339,false,30.9,0.0,UNKNOWN
PARCEL_023,MILL_WEST,sugarcane,3.55,2026-01-26,2026-02-14,0.421,false,34.4,0.0,OK
PARCEL_023,MILL_WEST,sugarcane,3.55,2026-01-26,2026-02-15,0.298,false,22.2,0.0,OK
PARCEL_023,MILL_WEST,sugarcane,3.55,2026-01-26,2026-02-16,0.245,false,35.1,2.2,OK
PARCEL_023,MILL_WEST,sugarcane,3.55,2026-01-26,2026-02-17,0.392,false,15.6,0.0,OK
PARCEL_023,MILL_WEST,sugarcane,3.55,2026-01-26,2026-02-18,0.375,false,25.8,0.0,OK
PARCEL_023,MILL_WEST,sugarcane,3.55,2026-01-26,2026-02-19,0.407,false,33.2,0.0,OK
PARCEL_023,MILL_WEST,sugarcane,3.55,2026-01-26,2026-02-20,0.383,false,25.3,0.0,UNKNOWN
PARCEL_023,MILL_WEST,sugarcane,3.55,2026-01-26,2026-02-22,0.287,false,22.5,0.0,OK
PARCEL_023,MILL_WEST,sugarcane,3.55,2026-01-26,2026-02-23,0.411,false,21.1,5.4,OK
PARCEL_023,MILL_WEST,sugarcane,3.55,2026-01-26,2026-02-24,0.369,false,21.0,0.0,OK
PARCEL_023,MILL_WEST,sugarcane,3.55,2026-01-26,2026-02-25,0.888,false,29.6,0.0,OK
PARCEL_023,MILL_WEST,sugarcane,3.55,2026-01-26,2026-02-26,0.713,false,18.2,0.0,OK
PARCEL_023,MILL_WEST,sugarcane,3.55,2026-01-26,2026-02-27,0.53,false,23.1,0.0,OK
PARCEL_023,MILL_WEST,sugarcane,3.55,2026-01-26,2026-02-28,0.729,false,17.8,0.0,OK
PARCEL_023,MILL_WEST,sugarcane,3.55,2026-01-26,2026-03-01,,true,34.7,0.0,ERROR
PARCEL_023,MILL_WEST,sugarcane,3.55,2026-01-26,2026-03-02,0.772,false,26.4,0.0,OK
PARCEL_023,MILL_WEST,sugarcane,3.55,2026-01-26,2026-03-04,0.74,false,18.8,6.1,OK
PARCEL_023,MILL_WEST,sugarcane,3.55,2026-01-26,2026-03-05,0.696,false,23.7,0.0,OK
PARCEL_023,MILL_WEST,sugarcane,3.55,2026-01-26,2026-03-06,0.562,false,33.2,0.0,OK
PARCEL_023,MILL_WEST,sugarcane,3.55,2026-01-26,2026-03-07,0.61,false,27.0,5.1,UNKNOWN
PARCEL_023,MILL_WEST,sugarcane,3.55,2026-01-26,2026-03-08,0.624,false,25.6,0.0,OK
PARCEL_023,MILL_WEST,sugarcane,3.55,2026-01-26,2026-03-09,0.581,false,29.2,8.0,OK
PARCEL_023,MILL_WEST,sugarcane,3.55,2026-01-26,2026-03-10,0.707,false,21.4,0.0,OK
PARCEL_023,MILL_WEST,sugarcane,3.55,2026-01-26,2026-03-11,0.901,false,20.8,0.0,ERROR
PARCEL_023,MILL_WEST,sugarcane,3.55,2026-01-26,2026-03-13,0.796,false,26.9,2.6,ERROR
PARCEL_023,MILL_WEST,sugarcane,3.55,2026-01-26,2026-03-14,,true,26.3,0.0,ERROR
PARCEL_023,MILL_WEST,sugarcane,3.55,2026-01-26,2026-03-15,0.545,false,24.0,0.0,ERROR
PARCEL_023,MILL_WEST,sugarcane,3.55,2026-01-26,2026-03-16,0.655,false,17.0,0.0,OK
PARCEL_023,MILL_WEST,sugarcane,3.55,2026-01-26,2026-03-17,0.499,false,26.8,0.0,UNKNOWN
PARCEL_023,MILL_WEST,sugarcane,3.55,2026-01-26,2026-03-18,0.632,false,18.1,0.0,OK
PARCEL_023,MILL_WEST,sugarcane,3.55,2026-01-26,2026-03-19,0.695,false,32.3,0.0,OK
PARCEL_023,MILL_WEST,sugarcane,3.55,2026-01-26,2026-03-20,0.682,false,26.2,0.0,ERROR
PARCEL_023,MILL_WEST,sugarcane,3.55,2026-01-26,2026-03-21,0.778,false,28.4,0.0,UNKNOWN
PARCEL_023,MILL_WEST,sugarcane,3.55,2026-01-26,2026-03-22,0.727,false,35.4,0.0,ERROR
PARCEL_023,MILL_WEST,sugarcane,3.55,2026-01-26,2026-03-23,0.639,false,17.1,0.0,OK
PARCEL_023,MILL_WEST,sugarcane,3.55,2026-01-26,2026-03-24,0.873,false,31.3,0.0,OK
PARCEL_023,MILL_WEST,sugarcane,3.55,2026-01-26,2026-03-25,0.728,false,21.4,0.0,OK
PARCEL_023,MILL_WEST,sugarcane,3.55,2026-01-26,2026-03-26,0.762,false,25.4,0.0,ERROR
PARCEL_023,MILL_WEST,sugarcane,3.55,2026-01-26,2026-03-27,0.726,false,32.8,0.0,OK
PARCEL_023,MILL_WEST,sugarcane,3.55,2026-01-26,2026-03-28,0.717,false,34.1,0.0,OK
PARCEL_023,MILL_WEST,sugarcane,3.55,2026-01-26,2026-03-29,0.782,false,26.9,0.0,OK
PARCEL_023,MILL_WEST,sugarcane,3.55,2026-01-26,2026-03-30,0.625,false,29.4,0.0,OK
PARCEL_023,MILL_WEST,sugarcane,3.55,2026-01-26,2026-03-31,0.525,false,23.8,0.0,OK
PARCEL_023,MILL_WEST,sugarcane,3.55,2026-01-26,2026-04-01,0.908,false,29.1,0.6,OK
PARCEL_023,MILL_WEST,sugarcane,3.55,2026-01-26,2026-04-02,0.708,false,20.7,0.0,OK
PARCEL_023,MILL_WEST,sugarcane,3.55,2026-01-26,2026-04-03,0.807,false,25.9,0.0,UNKNOWN
PARCEL_023,MILL_WEST,sugarcane,3.55,2026-01-26,2026-04-04,0.619,false,18.7,0.0,OK
PARCEL_023,MILL_WEST,sugarcane,3.55,2026-01-26,2026-04-05,0.691,false,25.1,0.0,ERROR
PARCEL_023,MILL_WEST,sugarcane,3.55,2026-01-26,2026-04-06,0.499,false,30.9,0.0,OK
PARCEL_023,MILL_WEST,sugarcane,3.55,2026-01-26,2026-04-07,0.808,false,15.8,3.3,OK
PARCEL_023,MILL_WEST,sugarcane,3.55,2026-01-26,2026-04-08,0.641,false,18.4,0.0,OK
PARCEL_023,MILL_WEST,sugarcane,3.55,2026-01-26,2026-04-09,0.822,false,28.3,0.0,OK
PARCEL_023,MILL_WEST,sugarcane,3.55,2026-01-26,2026-04-10,0.726,false,32.8,0.0,OK
PARCEL_023,MILL_WEST,sugarcane,3.55,2026-01-26,2026-04-11,0.687,false,15.9,0.0,OK
PARCEL_023,MILL_WEST,sugarcane,3.55,2026-01-26,2026-04-12,0.813,false,26.7,5.9,OK
PARCEL_023,MILL_WEST,sugarcane,3.55,2026-01-26,2026-04-13,0.82,false,20.1,0.0,OK
PARCEL_023,MILL_WEST,sugarcane,3.55,2026-01-26,2026-04-14,0.736,false,21.7,0.0,OK
PARCEL_023,MILL_WEST,sugarcane,3.55,2026-01-26,2026-04-16,0.65,false,16.6,0.0,OK
PARCEL_023,MILL_WEST,sugarcane,3.55,2026-01-26,2026-04-17,0.754,false,25.2,8.6,ERROR
PARCEL_023,MILL_WEST,sugarcane,3.55,2026-01-26,2026-04-18,0.818,false,16.5,15.8,ERROR
PARCEL_023,MILL_WEST,sugarcane,3.55,2026-01-26,2026-04-20,0.635,false,18.1,0.0,OK
PARCEL_023,MILL_WEST,sugarcane,3.55,2026-01-26,2026-04-21,0.778,false,30.1,0.0,ERROR
PARCEL_023,MILL_WEST,sugarcane,3.55,2026-01-26,2026-04-22,0.656,false,20.5,0.0,OK
PARCEL_023,MILL_WEST,sugarcane,3.55,2026-01-26,2026-04-23,0.701,false,34.5,0.0,OK
PARCEL_023,MILL_WEST,sugarcane,3.55,2026-01-26,2026-04-24,0.698,false,35.1,0.0,OK
PARCEL_023,MILL_WEST,sugarcane,3.55,2026-01-26,2026-04-25,0.87,false,26.2,0.0,ERROR
PARCEL_023,MILL_WEST,sugarcane,3.55,2026-01-26,2026-04-26,0.434,false,24.2,4.2,OK
PARCEL_023,MILL_WEST,sugarcane,3.55,2026-01-26,2026-04-27,0.608,false,23.9,0.0,ERROR
PARCEL_023,MILL_WEST,sugarcane,3.55,2026-01-26,2026-04-28,0.421,false,30.8,1.5,OK
PARCEL_023,MILL_WEST,sugarcane,3.55,2026-01-26,2026-04-29,0.462,false,18.4,0.0,OK
PARCEL_023,MILL_WEST,sugarcane,3.55,2026-01-26,2026-04-30,0.495,false,34.9,0.0,OK
PARCEL_023,MILL_WEST,sugarcane,3.55,2026-01-26,2026-05-01,0.629,false,22.5,0.0,OK
PARCEL_023,MILL_WEST,sugarcane,3.55,2026-01-26,2026-05-03,0.421,false,27.3,0.0,OK
PARCEL_023,MILL_WEST,sugarcane,3.55,2026-01-26,2026-05-04,0.509,false,18.5,0.0,OK
PARCEL_023,MILL_WEST,sugarcane,3.55,2026-01-26,2026-05-05,0.613,false,32.7,0.0,OK
PARCEL_023,MILL_WEST,sugarcane,3.55,2026-01-26,2026-05-06,0.553,false,31.0,0.0,OK
PARCEL_023,MILL_WEST,sugarcane,3.55,2026-01-26,2026-05-07,0.635,false,27.4,0.0,OK
PARCEL_023,MILL_WEST,sugarcane,3.55,2026-01-26,2026-05-08,0.598,false,17.0,0.0,OK
PARCEL_023,MILL_WEST,sugarcane,3.55,2026-01-26,2026-05-09,0.67,false,24.4,0.0,OK
PARCEL_023,MILL_WEST,sugarcane,3.55,2026-01-26,2026-05-11,0.607,false,31.8,0.0,OK
PARCEL_023,MILL_WEST,sugarcane,3.55,2026-01-26,2026-05-12,0.684,false,18.3,0.0,OK
PARCEL_023,MILL_WEST,sugarcane,3.55,2026-01-26,2026-05-13,0.647,false,29.4,0.0,OK
PARCEL_023,MILL_WEST,sugarcane,3.55,2026-01-26,2026-05-14,0.651,false,17.5,0.0,OK
PARCEL_023,MILL_WEST,sugarcane,3.55,2026-01-26,2026-05-15,0.463,false,28.7,0.2,OK
PARCEL_023,MILL_WEST,sugarcane,3.55,2026-01-26,2026-05-18,0.733,false,29.7,0.0,OK
PARCEL_023,MILL_WEST,sugarcane,3.55,2026-01-26,2026-05-19,0.552,false,24.5,0.0,OK
PARCEL_023,MILL_WEST,sugarcane,3.55,2026-01-26,2026-05-20,,true,25.9,0.0,ERROR
PARCEL_023,MILL_WEST,sugarcane,3.55,2026-01-26,2026-05-21,0.657,false,25.2,0.0,OK
PARCEL_023,MILL_WEST,sugarcane,3.55,2026-01-26,2026-05-22,0.575,false,23.1,0.0,OK
PARCEL_023,MILL_WEST,sugarcane,3.55,2026-01-26,2026-05-23,0.51,false,18.2,3.0,OK
PARCEL_023,MILL_WEST,sugarcane,3.55,2026-01-26,2026-05-24,0.599,false,21.0,0.0,OK
PARCEL_023,MILL_WEST,sugarcane,3.55,2026-01-26,2026-05-25,0.498,false,26.6,3.8,OK
PARCEL_023,MILL_WEST,sugarcane,3.55,2026-01-26,2026-05-26,0.664,false,16.7,0.0,OK
PARCEL_023,MILL_WEST,sugarcane,3.55,2026-01-26,2026-05-27,0.569,false,25.0,0.0,OK
PARCEL_023,MILL_WEST,sugarcane,3.55,2026-01-26,2026-05-28,0.522,false,18.1,0.0,OK
PARCEL_023,MILL_WEST,sugarcane,3.55,2026-01-26,2026-05-29,0.51,false,18.4,2.9,OK
PARCEL_023,MILL_WEST,sugarcane,3.55,2026-01-26,2026-05-30,0.58,false,20.2,0.0,OK
PARCEL_023,MILL_WEST,sugarcane,3.55,2026-01-26,2026-05-31,0.728,false,15.9,0.0,OK
PARCEL_024,MILL_EAST,soybean,5.43,2026-01-16,2026-01-01,0.188,false,26.5,0.2,OK
PARCEL_024,MILL_EAST,soybean,5.43,2026-01-16,2026-01-02,0.156,false,31.6,0.0,OK
PARCEL_024,MILL_EAST,soybean,5.43,2026-01-16,2026-01-03,0.123,false,28.2,0.0,UNKNOWN
PARCEL_024,MILL_EAST,soybean,5.43,2026-01-16,2026-01-04,0.178,false,16.6,1.5,OK
PARCEL_024,MILL_EAST,soybean,5.43,2026-01-16,2026-01-05,0.199,false,34.0,0.0,OK
PARCEL_024,MILL_EAST,soybean,5.43,2026-01-16,2026-01-06,,true,26.8,1.6,ERROR
PARCEL_024,MILL_EAST,soybean,5.43,2026-01-16,2026-01-07,0.188,false,25.6,3.0,OK
PARCEL_024,MILL_EAST,soybean,5.43,2026-01-16,2026-01-08,0.156,false,30.4,0.0,OK
PARCEL_024,MILL_EAST,soybean,5.43,2026-01-16,2026-01-10,0.139,false,24.1,14.3,OK
PARCEL_024,MILL_EAST,soybean,5.43,2026-01-16,2026-01-11,0.199,false,29.3,0.0,UNKNOWN
PARCEL_024,MILL_EAST,soybean,5.43,2026-01-16,2026-01-12,0.312,false,16.5,0.0,OK
PARCEL_024,MILL_EAST,soybean,5.43,2026-01-16,2026-01-13,0.201,false,16.0,0.0,OK
PARCEL_024,MILL_EAST,soybean,5.43,2026-01-16,2026-01-15,0.219,false,28.0,2.6,OK
PARCEL_024,MILL_EAST,soybean,5.43,2026-01-16,2026-01-17,0.243,false,25.6,0.0,OK
PARCEL_024,MILL_EAST,soybean,5.43,2026-01-16,2026-01-18,0.354,false,25.5,0.0,OK
PARCEL_024,MILL_EAST,soybean,5.43,2026-01-16,2026-01-19,0.398,false,24.3,0.0,OK
PARCEL_024,MILL_EAST,soybean,5.43,2026-01-16,2026-01-20,0.191,false,21.4,2.6,OK
PARCEL_024,MILL_EAST,soybean,5.43,2026-01-16,2026-01-21,0.268,false,26.7,0.0,OK
PARCEL_024,MILL_EAST,soybean,5.43,2026-01-16,2026-01-23,0.231,false,21.1,0.0,OK
PARCEL_024,MILL_EAST,soybean,5.43,2026-01-16,2026-01-24,0.265,false,21.3,0.0,OK
PARCEL_024,MILL_EAST,soybean,5.43,2026-01-16,2026-01-25,0.33,false,34.9,0.0,OK
PARCEL_024,MILL_EAST,soybean,5.43,2026-01-16,2026-01-26,0.487,false,21.4,0.0,OK
PARCEL_024,MILL_EAST,soybean,5.43,2026-01-16,2026-01-27,0.195,false,22.9,1.7,OK
PARCEL_024,MILL_EAST,soybean,5.43,2026-01-16,2026-01-28,0.285,false,21.3,0.0,ERROR
PARCEL_024,MILL_EAST,soybean,5.43,2026-01-16,2026-01-29,0.454,false,31.7,0.0,OK
PARCEL_024,MILL_EAST,soybean,5.43,2026-01-16,2026-01-30,0.15,false,24.8,0.0,OK
PARCEL_024,MILL_EAST,soybean,5.43,2026-01-16,2026-02-01,0.182,false,33.2,0.0,OK
PARCEL_024,MILL_EAST,soybean,5.43,2026-01-16,2026-02-03,0.319,false,24.8,0.0,OK
PARCEL_024,MILL_EAST,soybean,5.43,2026-01-16,2026-02-04,0.36,false,31.5,0.0,OK
PARCEL_024,MILL_EAST,soybean,5.43,2026-01-16,2026-02-05,0.326,false,27.2,0.0,ERROR
PARCEL_024,MILL_EAST,soybean,5.43,2026-01-16,2026-02-06,0.356,false,24.8,0.0,OK
PARCEL_024,MILL_EAST,soybean,5.43,2026-01-16,2026-02-07,0.419,false,18.3,0.0,OK
PARCEL_024,MILL_EAST,soybean,5.43,2026-01-16,2026-02-09,0.312,false,16.9,0.0,OK
PARCEL_024,MILL_EAST,soybean,5.43,2026-01-16,2026-02-11,0.224,false,16.7,0.0,OK
PARCEL_024,MILL_EAST,soybean,5.43,2026-01-16,2026-02-12,0.329,false,17.1,1.8,OK
PARCEL_024,MILL_EAST,soybean,5.43,2026-01-16,2026-02-13,0.293,false,22.9,0.0,OK
PARCEL_024,MILL_EAST,soybean,5.43,2026-01-16,2026-02-14,0.346,false,32.4,0.0,OK
PARCEL_024,MILL_EAST,soybean,5.43,2026-01-16,2026-02-15,0.519,false,34.2,0.0,OK
PARCEL_024,MILL_EAST,soybean,5.43,2026-01-16,2026-02-16,0.544,false,21.7,0.0,OK
PARCEL_024,MILL_EAST,soybean,5.43,2026-01-16,2026-02-17,0.544,false,19.6,1.4,OK
PARCEL_024,MILL_EAST,soybean,5.43,2026-01-16,2026-02-18,0.323,false,19.8,0.0,OK
PARCEL_024,MILL_EAST,soybean,5.43,2026-01-16,2026-02-19,0.523,false,33.6,0.0,OK
PARCEL_024,MILL_EAST,soybean,5.43,2026-01-16,2026-02-21,0.471,false,26.9,0.0,OK
PARCEL_024,MILL_EAST,soybean,5.43,2026-01-16,2026-02-22,0.606,false,28.1,0.0,OK
PARCEL_024,MILL_EAST,soybean,5.43,2026-01-16,2026-02-23,0.509,false,26.8,0.0,OK
PARCEL_024,MILL_EAST,soybean,5.43,2026-01-16,2026-02-24,0.687,false,20.6,0.0,OK
PARCEL_024,MILL_EAST,soybean,5.43,2026-01-16,2026-02-25,0.489,false,25.6,0.0,OK
PARCEL_024,MILL_EAST,soybean,5.43,2026-01-16,2026-02-26,0.447,false,15.9,0.0,OK
PARCEL_024,MILL_EAST,soybean,5.43,2026-01-16,2026-02-27,0.436,false,31.1,6.9,OK
PARCEL_024,MILL_EAST,soybean,5.43,2026-01-16,2026-02-28,,true,33.9,0.0,ERROR
PARCEL_024,MILL_EAST,soybean,5.43,2026-01-16,2026-03-01,0.615,false,34.8,0.0,OK
PARCEL_024,MILL_EAST,soybean,5.43,2026-01-16,2026-03-02,0.604,false,22.3,0.0,OK
PARCEL_024,MILL_EAST,soybean,5.43,2026-01-16,2026-03-03,0.645,false,31.4,7.3,ERROR
PARCEL_024,MILL_EAST,soybean,5.43,2026-01-16,2026-03-04,0.484,false,20.5,0.0,OK
PARCEL_024,MILL_EAST,soybean,5.43,2026-01-16,2026-03-05,0.505,false,29.7,0.0,ERROR
PARCEL_024,MILL_EAST,soybean,5.43,2026-01-16,2026-03-06,0.422,false,22.7,0.0,OK
PARCEL_024,MILL_EAST,soybean,5.43,2026-01-16,2026-03-07,0.455,false,16.1,0.0,OK
PARCEL_024,MILL_EAST,soybean,5.43,2026-01-16,2026-03-08,0.655,false,18.2,0.0,OK
PARCEL_024,MILL_EAST,soybean,5.43,2026-01-16,2026-03-09,0.558,false,28.2,1.7,OK
PARCEL_024,MILL_EAST,soybean,5.43,2026-01-16,2026-03-10,0.464,false,16.7,0.0,OK
PARCEL_024,MILL_EAST,soybean,5.43,2026-01-16,2026-03-11,0.569,false,24.2,0.0,OK
PARCEL_024,MILL_EAST,soybean,5.43,2026-01-16,2026-03-12,0.563,false,30.1,0.0,OK
PARCEL_024,MILL_EAST,soybean,5.43,2026-01-16,2026-03-13,0.448,false,25.7,0.0,OK
PARCEL_024,MILL_EAST,soybean,5.43,2026-01-16,2026-03-14,0.623,false,19.7,3.2,OK
PARCEL_024,MILL_EAST,soybean,5.43,2026-01-16,2026-03-15,0.573,false,19.3,8.2,OK
PARCEL_024,MILL_EAST,soybean,5.43,2026-01-16,2026-03-16,0.49,false,24.2,0.0,OK
PARCEL_024,MILL_EAST,soybean,5.43,2026-01-16,2026-03-17,0.528,false,23.4,5.8,OK
PARCEL_024,MILL_EAST,soybean,5.43,2026-01-16,2026-03-18,,true,19.6,0.0,ERROR
PARCEL_024,MILL_EAST,soybean,5.43,2026-01-16,2026-03-19,0.551,false,30.2,0.0,OK
PARCEL_024,MILL_EAST,soybean,5.43,2026-01-16,2026-03-20,0.524,false,18.9,0.0,OK
PARCEL_024,MILL_EAST,soybean,5.43,2026-01-16,2026-03-21,0.335,false,27.8,0.0,OK
PARCEL_024,MILL_EAST,soybean,5.43,2026-01-16,2026-03-22,0.551,false,29.7,0.0,OK
PARCEL_024,MILL_EAST,soybean,5.43,2026-01-16,2026-03-23,0.595,false,26.5,0.0,OK
PARCEL_024,MILL_EAST,soybean,5.43,2026-01-16,2026-03-24,0.603,false,34.6,0.0,OK
PARCEL_024,MILL_EAST,soybean,5.43,2026-01-16,2026-03-25,0.633,false,30.9,5.6,OK
PARCEL_024,MILL_EAST,soybean,5.43,2026-01-16,2026-03-26,0.533,false,26.5,3.4,OK
PARCEL_024,MILL_EAST,soybean,5.43,2026-01-16,2026-03-27,0.408,false,34.8,0.0,OK
PARCEL_024,MILL_EAST,soybean,5.43,2026-01-16,2026-03-28,0.556,false,32.2,0.0,OK
PARCEL_024,MILL_EAST,soybean,5.43,2026-01-16,2026-03-29,0.48,false,34.6,0.0,OK
PARCEL_024,MILL_EAST,soybean,5.43,2026-01-16,2026-03-30,0.443,false,22.0,0.0,OK
PARCEL_024,MILL_EAST,soybean,5.43,2026-01-16,2026-03-31,0.71,false,31.2,0.0,OK
PARCEL_024,MILL_EAST,soybean,5.43,2026-01-16,2026-04-01,0.557,false,34.9,0.0,OK
PARCEL_024,MILL_EAST,soybean,5.43,2026-01-16,2026-04-03,0.634,false,34.9,0.0,OK
PARCEL_024,MILL_EAST,soybean,5.43,2026-01-16,2026-04-04,0.619,false,18.9,3.1,OK
PARCEL_024,MILL_EAST,soybean,5.43,2026-01-16,2026-04-05,0.496,false,24.7,0.0,OK
PARCEL_024,MILL_EAST,soybean,5.43,2026-01-16,2026-04-06,0.546,false,35.3,0.0,OK
PARCEL_024,MILL_EAST,soybean,5.43,2026-01-16,2026-04-07,0.603,false,27.6,0.0,OK
PARCEL_024,MILL_EAST,soybean,5.43,2026-01-16,2026-04-08,0.628,false,34.2,0.0,OK
PARCEL_024,MILL_EAST,soybean,5.43,2026-01-16,2026-04-09,0.587,false,29.0,0.0,OK
PARCEL_024,MILL_EAST,soybean,5.43,2026-01-16,2026-04-10,0.555,false,17.6,0.0,OK
PARCEL_024,MILL_EAST,soybean,5.43,2026-01-16,2026-04-11,,true,29.7,0.0,ERROR
PARCEL_024,MILL_EAST,soybean,5.43,2026-01-16,2026-04-12,0.559,false,21.0,0.0,OK
PARCEL_024,MILL_EAST,soybean,5.43,2026-01-16,2026-04-13,0.596,false,23.2,0.0,OK
PARCEL_024,MILL_EAST,soybean,5.43,2026-01-16,2026-04-14,0.419,false,16.1,0.0,OK
PARCEL_024,MILL_EAST,soybean,5.43,2026-01-16,2026-04-15,0.599,false,25.8,0.0,OK
PARCEL_024,MILL_EAST,soybean,5.43,2026-01-16,2026-04-16,0.608,false,22.8,0.0,OK
PARCEL_024,MILL_EAST,soybean,5.43,2026-01-16,2026-04-17,0.398,false,35.2,0.0,OK
PARCEL_024,MILL_EAST,soybean,5.43,2026-01-16,2026-04-18,0.585,false,29.3,3.9,OK
PARCEL_024,MILL_EAST,soybean,5.43,2026-01-16,2026-04-19,,true,29.2,0.0,ERROR
PARCEL_024,MILL_EAST,soybean,5.43,2026-01-16,2026-04-20,0.526,false,29.7,0.0,OK
PARCEL_024,MILL_EAST,soybean,5.43,2026-01-16,2026-04-21,0.545,false,30.8,0.0,OK
PARCEL_024,MILL_EAST,soybean,5.43,2026-01-16,2026-04-22,0.592,false,23.3,0.0,OK
PARCEL_024,MILL_EAST,soybean,5.43,2026-01-16,2026-04-23,0.458,false,27.4,3.3,OK
PARCEL_024,MILL_EAST,soybean,5.43,2026-01-16,2026-04-24,0.519,false,16.1,0.0,OK
PARCEL_024,MILL_EAST,soybean,5.43,2026-01-16,2026-04-25,0.449,false,23.7,0.0,OK
PARCEL_024,MILL_EAST,soybean,5.43,2026-01-16,2026-04-26,0.555,false,31.4,0.0,OK
PARCEL_024,MILL_EAST,soybean,5.43,2026-01-16,2026-04-27,0.39,false,30.1,0.0,OK
PARCEL_024,MILL_EAST,soybean,5.43,2026-01-16,2026-04-28,0.629,false,18.8,7.7,OK
PARCEL_024,MILL_EAST,soybean,5.43,2026-01-16,2026-04-29,0.516,false,29.3,5.1,OK
PARCEL_024,MILL_EAST,soybean,5.43,2026-01-16,2026-04-30,0.439,false,23.6,0.0,OK
PARCEL_024,MILL_EAST,soybean,5.43,2026-01-16,2026-05-01,0.607,false,20.1,8.6,OK
PARCEL_024,MILL_EAST,soybean,5.43,2026-01-16,2026-05-02,0.485,false,25.8,0.0,OK
PARCEL_024,MILL_EAST,soybean,5.43,2026-01-16,2026-05-03,,true,18.3,0.0,ERROR
PARCEL_024,MILL_EAST,soybean,5.43,2026-01-16,2026-05-04,,true,27.5,0.0,ERROR
PARCEL_024,MILL_EAST,soybean,5.43,2026-01-16,2026-05-05,0.687,false,20.5,0.0,OK
PARCEL_024,MILL_EAST,soybean,5.43,2026-01-16,2026-05-06,0.506,false,19.3,0.0,OK
PARCEL_024,MILL_EAST,soybean,5.43,2026-01-16,2026-05-07,,true,23.0,0.0,ERROR
PARCEL_024,MILL_EAST,soybean,5.43,2026-01-16,2026-05-08,0.622,false,33.4,3.8,OK
PARCEL_024,MILL_EAST,soybean,5.43,2026-01-16,2026-05-09,0.524,false,27.8,0.0,OK
PARCEL_024,MILL_EAST,soybean,5.43,2026-01-16,2026-05-10,0.595,false,18.4,0.0,OK
PARCEL_024,MILL_EAST,soybean,5.43,2026-01-16,2026-05-11,0.734,false,18.7,0.0,OK
PARCEL_024,MILL_EAST,soybean,5.43,2026-01-16,2026-05-12,0.486,false,33.0,0.0,OK
PARCEL_024,MILL_EAST,soybean,5.43,2026-01-16,2026-05-13,0.581,false,33.1,0.0,OK
PARCEL_024,MILL_EAST,soybean,5.43,2026-01-16,2026-05-14,0.48,false,26.4,0.0,OK
PARCEL_024,MILL_EAST,soybean,5.43,2026-01-16,2026-05-17,0.609,false,23.7,0.0,OK
PARCEL_024,MILL_EAST,soybean,5.43,2026-01-16,2026-05-19,0.457,false,18.4,0.0,OK
PARCEL_024,MILL_EAST,soybean,5.43,2026-01-16,2026-05-20,0.62,false,33.2,0.0,OK
PARCEL_024,MILL_EAST,soybean,5.43,2026-01-16,2026-05-21,0.354,false,16.8,0.0,OK
PARCEL_024,MILL_EAST,soybean,5.43,2026-01-16,2026-05-22,0.639,false,31.2,5.0,OK
PARCEL_024,MILL_EAST,soybean,5.43,2026-01-16,2026-05-23,0.45,false,16.6,0.0,OK
PARCEL_024,MILL_EAST,soybean,5.43,2026-01-16,2026-05-24,0.75,false,20.1,0.0,OK
PARCEL_024,MILL_EAST,soybean,5.43,2026-01-16,2026-05-26,0.482,false,27.6,0.0,OK
PARCEL_024,MILL_EAST,soybean,5.43,2026-01-16,2026-05-27,0.51,false,29.0,0.0,ERROR
PARCEL_024,MILL_EAST,soybean,5.43,2026-01-16,2026-05-28,0.536,false,16.4,0.0,OK
PARCEL_024,MILL_EAST,soybean,5.43,2026-01-16,2026-05-29,0.466,false,29.3,0.0,OK
PARCEL_024,MILL_EAST,soybean,5.43,2026-01-16,2026-05-30,0.445,false,33.8,0.0,OK
PARCEL_024,MILL_EAST,soybean,5.43,2026-01-16,2026-05-31,0.514,false,15.5,6.9,OK
PARCEL_025,MILL_WEST,sugarcane,3.02,2026-02-07,2026-01-01,0.249,false,18.5,8.0,OK
PARCEL_025,MILL_WEST,sugarcane,3.02,2026-02-07,2026-01-02,0.162,false,24.2,0.0,OK
PARCEL_025,MILL_WEST,sugarcane,3.02,2026-02-07,2026-01-03,0.139,false,26.9,0.0,OK
PARCEL_025,MILL_WEST,sugarcane,3.02,2026-02-07,2026-01-04,0.083,false,30.3,0.0,OK
PARCEL_025,MILL_WEST,sugarcane,3.02,2026-02-07,2026-01-05,0.142,false,15.8,0.0,OK
PARCEL_025,MILL_WEST,sugarcane,3.02,2026-02-07,2026-01-06,0.083,false,33.8,0.0,OK
PARCEL_025,MILL_WEST,sugarcane,3.02,2026-02-07,2026-01-07,0.081,false,27.2,0.0,OK
PARCEL_025,MILL_WEST,sugarcane,3.02,2026-02-07,2026-01-08,0.187,false,21.5,0.0,OK
PARCEL_025,MILL_WEST,sugarcane,3.02,2026-02-07,2026-01-09,0.151,false,22.9,0.0,OK
PARCEL_025,MILL_WEST,sugarcane,3.02,2026-02-07,2026-01-11,0.21,false,25.2,1.4,OK
PARCEL_025,MILL_WEST,sugarcane,3.02,2026-02-07,2026-01-12,0.109,false,19.3,2.3,UNKNOWN
PARCEL_025,MILL_WEST,sugarcane,3.02,2026-02-07,2026-01-14,0.193,false,25.5,0.0,UNKNOWN
PARCEL_025,MILL_WEST,sugarcane,3.02,2026-02-07,2026-01-15,0.152,false,27.1,0.0,OK
PARCEL_025,MILL_WEST,sugarcane,3.02,2026-02-07,2026-01-16,0.13,false,16.2,0.0,OK
PARCEL_025,MILL_WEST,sugarcane,3.02,2026-02-07,2026-01-17,0.19,false,18.3,0.0,OK
PARCEL_025,MILL_WEST,sugarcane,3.02,2026-02-07,2026-01-18,0.189,false,17.8,0.0,OK
PARCEL_025,MILL_WEST,sugarcane,3.02,2026-02-07,2026-01-19,0.332,false,26.1,0.0,OK
PARCEL_025,MILL_WEST,sugarcane,3.02,2026-02-07,2026-01-20,0.143,false,26.0,0.0,OK
PARCEL_025,MILL_WEST,sugarcane,3.02,2026-02-07,2026-01-21,0.181,false,24.8,0.0,OK
PARCEL_025,MILL_WEST,sugarcane,3.02,2026-02-07,2026-01-22,0.167,false,21.9,3.2,OK
PARCEL_025,MILL_WEST,sugarcane,3.02,2026-02-07,2026-01-23,0.226,false,27.6,0.0,OK
PARCEL_025,MILL_WEST,sugarcane,3.02,2026-02-07,2026-01-24,0.169,false,21.8,0.0,OK
PARCEL_025,MILL_WEST,sugarcane,3.02,2026-02-07,2026-01-26,0.231,false,17.9,0.0,OK
PARCEL_025,MILL_WEST,sugarcane,3.02,2026-02-07,2026-01-28,0.213,false,28.5,6.0,OK
PARCEL_025,MILL_WEST,sugarcane,3.02,2026-02-07,2026-01-29,0.264,false,32.1,0.0,OK
PARCEL_025,MILL_WEST,sugarcane,3.02,2026-02-07,2026-01-30,0.262,false,23.4,0.0,OK
PARCEL_025,MILL_WEST,sugarcane,3.02,2026-02-07,2026-01-31,,true,33.2,0.0,ERROR
PARCEL_025,MILL_WEST,sugarcane,3.02,2026-02-07,2026-02-01,0.07,false,29.4,0.0,OK
PARCEL_025,MILL_WEST,sugarcane,3.02,2026-02-07,2026-02-02,0.241,false,29.6,0.0,OK
PARCEL_025,MILL_WEST,sugarcane,3.02,2026-02-07,2026-02-03,0.065,false,32.8,0.0,OK
PARCEL_025,MILL_WEST,sugarcane,3.02,2026-02-07,2026-02-04,0.071,false,33.4,0.0,OK
PARCEL_025,MILL_WEST,sugarcane,3.02,2026-02-07,2026-02-05,0.223,false,22.2,0.0,OK
PARCEL_025,MILL_WEST,sugarcane,3.02,2026-02-07,2026-02-06,0.189,false,15.9,0.0,OK
PARCEL_025,MILL_WEST,sugarcane,3.02,2026-02-07,2026-02-08,0.424,false,29.4,0.0,OK
PARCEL_025,MILL_WEST,sugarcane,3.02,2026-02-07,2026-02-09,0.201,false,25.8,0.0,OK
PARCEL_025,MILL_WEST,sugarcane,3.02,2026-02-07,2026-02-10,0.405,false,24.3,3.7,OK
PARCEL_025,MILL_WEST,sugarcane,3.02,2026-02-07,2026-02-11,0.37,false,33.4,1.2,OK
PARCEL_025,MILL_WEST,sugarcane,3.02,2026-02-07,2026-02-12,0.337,false,25.8,0.0,OK
PARCEL_025,MILL_WEST,sugarcane,3.02,2026-02-07,2026-02-13,0.241,false,28.6,0.0,OK
PARCEL_025,MILL_WEST,sugarcane,3.02,2026-02-07,2026-02-14,0.408,false,18.3,0.0,UNKNOWN
PARCEL_025,MILL_WEST,sugarcane,3.02,2026-02-07,2026-02-15,0.218,false,28.7,0.0,OK
PARCEL_025,MILL_WEST,sugarcane,3.02,2026-02-07,2026-02-16,0.464,false,25.0,0.0,OK
PARCEL_025,MILL_WEST,sugarcane,3.02,2026-02-07,2026-02-17,0.392,false,24.4,0.0,OK
PARCEL_025,MILL_WEST,sugarcane,3.02,2026-02-07,2026-02-18,0.259,false,34.2,0.0,OK
PARCEL_025,MILL_WEST,sugarcane,3.02,2026-02-07,2026-02-19,0.268,false,33.9,0.0,ERROR
PARCEL_025,MILL_WEST,sugarcane,3.02,2026-02-07,2026-02-21,0.215,false,23.6,0.0,OK
PARCEL_025,MILL_WEST,sugarcane,3.02,2026-02-07,2026-02-22,0.458,false,35.1,0.0,OK
PARCEL_025,MILL_WEST,sugarcane,3.02,2026-02-07,2026-02-23,0.493,false,23.8,0.0,OK
PARCEL_025,MILL_WEST,sugarcane,3.02,2026-02-07,2026-02-24,0.447,false,35.1,0.0,OK
PARCEL_025,MILL_WEST,sugarcane,3.02,2026-02-07,2026-02-25,0.425,false,25.4,7.9,OK
PARCEL_025,MILL_WEST,sugarcane,3.02,2026-02-07,2026-02-26,,true,26.1,0.0,ERROR
PARCEL_025,MILL_WEST,sugarcane,3.02,2026-02-07,2026-02-27,0.333,false,27.3,0.0,ERROR
PARCEL_025,MILL_WEST,sugarcane,3.02,2026-02-07,2026-03-01,0.305,false,29.8,2.8,UNKNOWN
PARCEL_025,MILL_WEST,sugarcane,3.02,2026-02-07,2026-03-02,0.336,false,23.0,0.0,OK
PARCEL_025,MILL_WEST,sugarcane,3.02,2026-02-07,2026-03-03,0.423,false,30.9,1.3,OK
PARCEL_025,MILL_WEST,sugarcane,3.02,2026-02-07,2026-03-04,0.4,false,22.0,0.0,OK
PARCEL_025,MILL_WEST,sugarcane,3.02,2026-02-07,2026-03-05,0.429,false,22.8,0.0,OK
PARCEL_025,MILL_WEST,sugarcane,3.02,2026-02-07,2026-03-06,0.273,false,34.7,0.0,OK
PARCEL_025,MILL_WEST,sugarcane,3.02,2026-02-07,2026-03-08,0.429,false,18.1,0.0,OK
PARCEL_025,MILL_WEST,sugarcane,3.02,2026-02-07,2026-03-09,0.907,false,21.2,2.6,OK
PARCEL_025,MILL_WEST,sugarcane,3.02,2026-02-07,2026-03-10,0.705,false,31.6,0.0,OK
PARCEL_025,MILL_WEST,sugarcane,3.02,2026-02-07,2026-03-11,0.69,false,21.7,0.0,OK
PARCEL_025,MILL_WEST,sugarcane,3.02,2026-02-07,2026-03-12,0.65,false,18.4,0.0,OK
PARCEL_025,MILL_WEST,sugarcane,3.02,2026-02-07,2026-03-13,0.82,false,33.1,0.0,OK
PARCEL_025,MILL_WEST,sugarcane,3.02,2026-02-07,2026-03-14,0.588,false,32.6,0.0,OK
PARCEL_025,MILL_WEST,sugarcane,3.02,2026-02-07,2026-03-15,0.533,false,35.5,0.0,OK
PARCEL_025,MILL_WEST,sugarcane,3.02,2026-02-07,2026-03-16,0.514,false,31.4,0.9,OK
PARCEL_025,MILL_WEST,sugarcane,3.02,2026-02-07,2026-03-17,0.72,false,16.7,6.1,OK
PARCEL_025,MILL_WEST,sugarcane,3.02,2026-02-07,2026-03-18,0.57,false,21.5,0.0,OK
PARCEL_025,MILL_WEST,sugarcane,3.02,2026-02-07,2026-03-19,0.821,false,20.7,0.0,OK
PARCEL_025,MILL_WEST,sugarcane,3.02,2026-02-07,2026-03-20,0.699,false,24.0,0.0,OK
PARCEL_025,MILL_WEST,sugarcane,3.02,2026-02-07,2026-03-21,0.486,false,16.0,7.3,OK
PARCEL_025,MILL_WEST,sugarcane,3.02,2026-02-07,2026-03-23,0.681,false,16.2,0.0,OK
PARCEL_025,MILL_WEST,sugarcane,3.02,2026-02-07,2026-03-24,0.705,false,22.7,0.0,OK
PARCEL_025,MILL_WEST,sugarcane,3.02,2026-02-07,2026-03-25,0.736,false,21.9,0.0,OK
PARCEL_025,MILL_WEST,sugarcane,3.02,2026-02-07,2026-03-26,0.635,false,24.1,0.0,OK
PARCEL_025,MILL_WEST,sugarcane,3.02,2026-02-07,2026-03-27,0.924,false,17.2,0.0,OK
PARCEL_025,MILL_WEST,sugarcane,3.02,2026-02-07,2026-03-28,0.81,false,31.4,0.0,OK
PARCEL_025,MILL_WEST,sugarcane,3.02,2026-02-07,2026-03-29,0.658,false,35.2,7.7,OK
PARCEL_025,MILL_WEST,sugarcane,3.02,2026-02-07,2026-03-30,0.618,false,23.3,0.0,OK
PARCEL_025,MILL_WEST,sugarcane,3.02,2026-02-07,2026-03-31,0.746,false,17.0,0.0,OK
PARCEL_025,MILL_WEST,sugarcane,3.02,2026-02-07,2026-04-01,0.676,false,28.3,0.0,OK
PARCEL_025,MILL_WEST,sugarcane,3.02,2026-02-07,2026-04-02,0.576,false,24.3,0.0,OK
PARCEL_025,MILL_WEST,sugarcane,3.02,2026-02-07,2026-04-03,,true,19.6,0.0,ERROR
PARCEL_025,MILL_WEST,sugarcane,3.02,2026-02-07,2026-04-04,0.802,false,29.3,1.8,OK
PARCEL_025,MILL_WEST,sugarcane,3.02,2026-02-07,2026-04-05,0.696,false,16.8,0.0,OK
PARCEL_025,MILL_WEST,sugarcane,3.02,2026-02-07,2026-04-06,0.755,false,31.5,0.0,UNKNOWN
PARCEL_025,MILL_WEST,sugarcane,3.02,2026-02-07,2026-04-07,,true,18.9,0.0,ERROR
PARCEL_025,MILL_WEST,sugarcane,3.02,2026-02-07,2026-04-08,0.758,false,34.4,0.0,OK
PARCEL_025,MILL_WEST,sugarcane,3.02,2026-02-07,2026-04-09,0.538,false,16.0,0.1,OK
PARCEL_025,MILL_WEST,sugarcane,3.02,2026-02-07,2026-04-10,0.667,false,29.7,1.0,OK
PARCEL_025,MILL_WEST,sugarcane,3.02,2026-02-07,2026-04-12,0.619,false,21.7,0.0,OK
PARCEL_025,MILL_WEST,sugarcane,3.02,2026-02-07,2026-04-13,0.677,false,23.3,0.0,OK
PARCEL_025,MILL_WEST,sugarcane,3.02,2026-02-07,2026-04-14,0.68,false,23.5,5.8,OK
PARCEL_025,MILL_WEST,sugarcane,3.02,2026-02-07,2026-04-15,0.782,false,24.3,0.0,OK
PARCEL_025,MILL_WEST,sugarcane,3.02,2026-02-07,2026-04-16,0.592,false,26.3,0.0,ERROR
PARCEL_025,MILL_WEST,sugarcane,3.02,2026-02-07,2026-04-17,0.879,false,15.9,0.0,OK
PARCEL_025,MILL_WEST,sugarcane,3.02,2026-02-07,2026-04-18,0.624,false,20.4,0.0,OK
PARCEL_025,MILL_WEST,sugarcane,3.02,2026-02-07,2026-04-19,0.561,false,24.5,0.0,OK
PARCEL_025,MILL_WEST,sugarcane,3.02,2026-02-07,2026-04-20,0.678,false,32.4,0.0,OK
PARCEL_025,MILL_WEST,sugarcane,3.02,2026-02-07,2026-04-21,0.948,false,17.3,0.0,OK
PARCEL_025,MILL_WEST,sugarcane,3.02,2026-02-07,2026-04-22,0.527,false,24.9,1.0,OK
PARCEL_025,MILL_WEST,sugarcane,3.02,2026-02-07,2026-04-23,0.707,false,31.4,0.0,OK
PARCEL_025,MILL_WEST,sugarcane,3.02,2026-02-07,2026-04-24,0.794,false,31.3,1.4,OK
PARCEL_025,MILL_WEST,sugarcane,3.02,2026-02-07,2026-04-25,0.785,false,16.9,0.0,OK
PARCEL_025,MILL_WEST,sugarcane,3.02,2026-02-07,2026-04-26,0.604,false,21.0,0.0,OK
PARCEL_025,MILL_WEST,sugarcane,3.02,2026-02-07,2026-04-27,0.869,false,18.9,0.0,OK
PARCEL_025,MILL_WEST,sugarcane,3.02,2026-02-07,2026-04-28,0.603,false,31.7,0.0,OK
PARCEL_025,MILL_WEST,sugarcane,3.02,2026-02-07,2026-04-29,0.662,false,30.3,0.0,OK
PARCEL_025,MILL_WEST,sugarcane,3.02,2026-02-07,2026-04-30,0.708,false,18.8,6.1,OK
PARCEL_025,MILL_WEST,sugarcane,3.02,2026-02-07,2026-05-01,0.692,false,28.7,2.0,OK
PARCEL_025,MILL_WEST,sugarcane,3.02,2026-02-07,2026-05-02,0.649,false,31.9,0.0,UNKNOWN
PARCEL_025,MILL_WEST,sugarcane,3.02,2026-02-07,2026-05-03,0.776,false,15.7,0.0,OK
PARCEL_025,MILL_WEST,sugarcane,3.02,2026-02-07,2026-05-04,0.658,false,23.5,1.9,OK
PARCEL_025,MILL_WEST,sugarcane,3.02,2026-02-07,2026-05-05,0.703,false,17.2,0.0,OK
PARCEL_025,MILL_WEST,sugarcane,3.02,2026-02-07,2026-05-06,0.772,false,18.4,0.0,OK
PARCEL_025,MILL_WEST,sugarcane,3.02,2026-02-07,2026-05-07,0.795,false,31.6,0.0,UNKNOWN
PARCEL_025,MILL_WEST,sugarcane,3.02,2026-02-07,2026-05-08,0.482,false,23.0,0.0,UNKNOWN
PARCEL_025,MILL_WEST,sugarcane,3.02,2026-02-07,2026-05-09,0.519,false,30.0,0.0,OK
PARCEL_025,MILL_WEST,sugarcane,3.02,2026-02-07,2026-05-10,0.536,false,16.9,0.0,OK
PARCEL_025,MILL_WEST,sugarcane,3.02,2026-02-07,2026-05-11,0.427,false,21.4,0.0,OK
PARCEL_025,MILL_WEST,sugarcane,3.02,2026-02-07,2026-05-12,0.557,false,26.9,0.0,OK
PARCEL_025,MILL_WEST,sugarcane,3.02,2026-02-07,2026-05-13,0.463,false,30.0,0.0,OK
PARCEL_025,MILL_WEST,sugarcane,3.02,2026-02-07,2026-05-14,0.626,false,28.8,0.0,OK
PARCEL_025,MILL_WEST,sugarcane,3.02,2026-02-07,2026-05-15,0.655,false,26.6,0.0,OK
PARCEL_025,MILL_WEST,sugarcane,3.02,2026-02-07,2026-05-16,0.448,false,26.5,0.0,OK
PARCEL_025,MILL_WEST,sugarcane,3.02,2026-02-07,2026-05-17,0.558,false,15.7,0.0,OK
PARCEL_025,MILL_WEST,sugarcane,3.02,2026-02-07,2026-05-18,0.604,false,28.3,0.0,OK
PARCEL_025,MILL_WEST,sugarcane,3.02,2026-02-07,2026-05-19,,true,31.9,6.0,ERROR
PARCEL_025,MILL_WEST,sugarcane,3.02,2026-02-07,2026-05-20,0.622,false,30.4,0.0,OK
PARCEL_025,MILL_WEST,sugarcane,3.02,2026-02-07,2026-05-21,0.494,false,16.1,0.0,OK
PARCEL_025,MILL_WEST,sugarcane,3.02,2026-02-07,2026-05-22,0.549,false,18.4,0.0,OK
PARCEL_025,MILL_WEST,sugarcane,3.02,2026-02-07,2026-05-23,0.72,false,18.8,0.0,OK
PARCEL_025,MILL_WEST,sugarcane,3.02,2026-02-07,2026-05-24,0.601,false,23.8,0.0,OK
PARCEL_025,MILL_WEST,sugarcane,3.02,2026-02-07,2026-05-25,0.464,false,35.3,0.0,OK
PARCEL_025,MILL_WEST,sugarcane,3.02,2026-02-07,2026-05-26,0.452,false,19.0,0.0,OK
PARCEL_025,MILL_WEST,sugarcane,3.02,2026-02-07,2026-05-27,0.559,false,20.4,8.3,UNKNOWN
PARCEL_025,MILL_WEST,sugarcane,3.02,2026-02-07,2026-05-28,0.683,false,30.8,2.0,OK
PARCEL_025,MILL_WEST,sugarcane,3.02,2026-02-07,2026-05-30,0.477,false,30.2,0.0,OK
PARCEL_025,MILL_WEST,sugarcane,3.02,2026-02-07,2026-05-31,0.617,false,34.9,4.3,ERROR
